timestamp,amounts,uosmo
2023-05-08T02:00:00Z,252270535037160
2023-05-08T01:00:00Z,252119671779434
2023-05-08T00:00:00Z,252117949372173
2023-05-07T23:00:00Z,252116948429901
2023-05-07T22:00:00Z,252121591325954
2023-05-07T21:00:00Z,252095634537128
2023-05-07T20:00:00Z,252085988529757
2023-05-07T19:00:00Z,252110515545727
2023-05-07T18:00:00Z,252101183252457
2023-05-07T17:00:00Z,251976330603876
2023-05-07T16:00:00Z,251970399217015
2023-05-07T15:00:00Z,251963053412862
2023-05-07T14:00:00Z,251951400742326
2023-05-07T13:00:00Z,251943241605112
2023-05-07T12:00:00Z,251863012321334
2023-05-07T11:00:00Z,251875111530235
2023-05-07T10:00:00Z,251875171204634
2023-05-07T09:00:00Z,251864160607936
2023-05-07T08:00:00Z,251861201048113
2023-05-07T07:00:00Z,251856928981722
2023-05-07T06:00:00Z,251850981521848
2023-05-07T05:00:00Z,251853298489161
2023-05-07T04:00:00Z,251851060511870
2023-05-07T03:00:00Z,251860763970557
2023-05-07T02:00:00Z,251914444258320
2023-05-07T01:00:00Z,251913550659786
2023-05-07T00:00:00Z,251878039638730
2023-05-06T23:00:00Z,251873925999468
2023-05-06T22:00:00Z,251866392067406
2023-05-06T21:00:00Z,251867054880828
2023-05-06T20:00:00Z,251870660875004
2023-05-06T19:00:00Z,251920697423520
2023-05-06T18:00:00Z,251911829716714
2023-05-06T17:00:00Z,251643790874864
2023-05-06T16:00:00Z,251642496129343
2023-05-06T15:00:00Z,251600024798449
2023-05-06T14:00:00Z,251587868876787
2023-05-06T13:00:00Z,251592476230093
2023-05-06T12:00:00Z,251590874037597
2023-05-06T11:00:00Z,251589354856756
2023-05-06T10:00:00Z,251588825356501
2023-05-06T09:00:00Z,251470784671060
2023-05-06T08:00:00Z,251467241952759
2023-05-06T07:00:00Z,251461353388937
2023-05-06T06:00:00Z,251444978430875
2023-05-06T05:00:00Z,251442812627090
2023-05-06T04:00:00Z,251442877977147
2023-05-06T03:00:00Z,251445252836349
2023-05-06T02:00:00Z,251442953649613
2023-05-06T01:00:00Z,251442060309036
2023-05-06T00:00:00Z,251421698678300
2023-05-05T23:00:00Z,251419772425189
2023-05-05T22:00:00Z,251385571333375
2023-05-05T21:00:00Z,251383223028793
2023-05-05T20:00:00Z,251448824842497
2023-05-05T19:00:00Z,251444716554111
2023-05-05T18:00:00Z,251436658306989
2023-05-05T17:00:00Z,251283584024263
2023-05-05T16:00:00Z,251789396844855
2023-05-05T15:00:00Z,251790087846978
2023-05-05T14:00:00Z,251837556556129
2023-05-05T13:00:00Z,251831725377024
2023-05-05T12:00:00Z,251829789153428
2023-05-05T11:00:00Z,251833180394790
2023-05-05T10:00:00Z,251782435475001
2023-05-05T09:00:00Z,251592482217277
2023-05-05T08:00:00Z,251577133252941
2023-05-05T07:00:00Z,251573829501886
2023-05-05T06:00:00Z,251577574932460
2023-05-05T05:00:00Z,251573137076126
2023-05-05T04:00:00Z,251568720362233
2023-05-05T03:00:00Z,251567988924308
2023-05-05T02:00:00Z,251565881852524
2023-05-05T01:00:00Z,251552040112000
2023-05-05T00:00:00Z,251561413589702
2023-05-04T23:00:00Z,251558021138312
2023-05-04T22:00:00Z,251550754532569
2023-05-04T21:00:00Z,251543240847994
2023-05-04T20:00:00Z,251510483143510
2023-05-04T19:00:00Z,251433566100492
2023-05-04T18:00:00Z,251452931730718
2023-05-04T17:00:00Z,251512612377108
2023-05-04T16:00:00Z,251501641622527
2023-05-04T15:00:00Z,251500683145619
2023-05-04T14:00:00Z,251429027398202
2023-05-04T13:00:00Z,251426015050145
2023-05-04T12:00:00Z,251427650816498
2023-05-04T11:00:00Z,252108461646163
2023-05-04T10:00:00Z,252106396854542
2023-05-04T09:00:00Z,252105983837649
2023-05-04T08:00:00Z,252103594541229
2023-05-04T07:00:00Z,252041785192472
2023-05-04T06:00:00Z,252037746820352
2023-05-04T05:00:00Z,252042416759138
2023-05-04T04:00:00Z,252140869672956
2023-05-04T03:00:00Z,252130884354378
2023-05-04T02:00:00Z,252129203619083
2023-05-04T01:00:00Z,252126313104057
2023-05-04T00:00:00Z,252124895521323
2023-05-03T23:00:00Z,252123024873113
2023-05-03T22:00:00Z,252112649368860
2023-05-03T21:00:00Z,251583727915643
2023-05-03T20:00:00Z,251549830124184
2023-05-03T19:00:00Z,251545735616366
2023-05-03T18:00:00Z,251541995746512
2023-05-03T17:00:00Z,251317797995292
2023-05-03T16:00:00Z,251303003614622
2023-05-03T15:00:00Z,251272642398274
2023-05-03T14:00:00Z,251270438949296
2023-05-03T13:00:00Z,250391449553017
2023-05-03T12:00:00Z,250363529861822
2023-05-03T11:00:00Z,250500700039061
2023-05-03T10:00:00Z,250487331625382
2023-05-03T09:00:00Z,250486056661444
2023-05-03T08:00:00Z,250480662983119
2023-05-03T07:00:00Z,250477164499526
2023-05-03T06:00:00Z,250466601584603
2023-05-03T05:00:00Z,250462559286436
2023-05-03T04:00:00Z,250449995034471
2023-05-03T03:00:00Z,250444849333338
2023-05-03T02:00:00Z,250440243691583
2023-05-03T01:00:00Z,250437662567094
2023-05-03T00:00:00Z,250435340648736
2023-05-02T23:00:00Z,250435169002417
2023-05-02T22:00:00Z,250429994063927
2023-05-02T21:00:00Z,250413988776326
2023-05-02T20:00:00Z,250403156882313
2023-05-02T19:00:00Z,250405430937725
2023-05-02T18:00:00Z,250400083962775
2023-05-02T17:00:00Z,250385371181645
2023-05-02T16:00:00Z,250402821565802
2023-05-02T15:00:00Z,250428161409611
2023-05-02T14:00:00Z,250453209032746
2023-05-02T13:00:00Z,250546711047433
2023-05-02T12:00:00Z,250560222499057
2023-05-02T11:00:00Z,250323753058376
2023-05-02T10:00:00Z,250319834739316
2023-05-02T09:00:00Z,250317703885844
2023-05-02T08:00:00Z,250269902370686
2023-05-02T07:00:00Z,250259778045200
2023-05-02T06:00:00Z,250257725761870
2023-05-02T05:00:00Z,250252433668131
2023-05-02T04:00:00Z,250255859284846
2023-05-02T03:00:00Z,250227368868844
2023-05-02T02:00:00Z,250226005268223
2023-05-02T01:00:00Z,250224345761012
2023-05-02T00:00:00Z,250219569866732
2023-05-01T23:00:00Z,250218975407814
2023-05-01T22:00:00Z,250215855094378
2023-05-01T21:00:00Z,250204157147058
2023-05-01T20:00:00Z,250198531647856
2023-05-01T19:00:00Z,250184275328911
2023-05-01T18:00:00Z,250173713129001
2023-05-01T17:00:00Z,249913236936930
2023-05-01T16:00:00Z,249697077016347
2023-05-01T15:00:00Z,249692963490474
2023-05-01T14:00:00Z,249720550179468
2023-05-01T13:00:00Z,249721087325643
2023-05-01T12:00:00Z,248415925779814
2023-05-01T11:00:00Z,248409722274599
2023-05-01T10:00:00Z,248410597431624
2023-05-01T09:00:00Z,248405342427645
2023-05-01T08:00:00Z,248379517194493
2023-05-01T07:00:00Z,248349733942059
2023-05-01T06:00:00Z,248345785229278
2023-05-01T05:00:00Z,249643153363186
2023-05-01T04:00:00Z,249635617792461
2023-05-01T03:00:00Z,249626711000317
2023-05-01T02:00:00Z,249622380729207
2023-05-01T01:00:00Z,249611353535683
2023-05-01T00:00:00Z,249609288262452
2023-04-30T23:00:00Z,249516187964186
2023-04-30T22:00:00Z,249517860883984
2023-04-30T21:00:00Z,249513873521721
2023-04-30T20:00:00Z,249491794416032
2023-04-30T19:00:00Z,249461153321609
2023-04-30T18:00:00Z,249461937498956
2023-04-30T17:00:00Z,249419322523943
2023-04-30T16:00:00Z,249419259650464
2023-04-30T15:00:00Z,249420263748675
2023-04-30T14:00:00Z,249423030235246
2023-04-30T13:00:00Z,249419201733036
2023-04-30T12:00:00Z,249416210875162
2023-04-30T11:00:00Z,249415207422982
2023-04-30T10:00:00Z,249419084247031
2023-04-30T09:00:00Z,249418272239780
2023-04-30T08:00:00Z,249417086445853
2023-04-30T07:00:00Z,249412268286456
2023-04-30T06:00:00Z,249410842124335
2023-04-30T05:00:00Z,249410026536826
2023-04-30T04:00:00Z,249409330656051
2023-04-30T03:00:00Z,249400936672139
2023-04-30T02:00:00Z,249401068691688
2023-04-30T01:00:00Z,249389033091166
2023-04-30T00:00:00Z,249386728361999
2023-04-29T23:00:00Z,249384811269857
2023-04-29T22:00:00Z,249385300726466
2023-04-29T21:00:00Z,249387991140653
2023-04-29T20:00:00Z,249380130282761
2023-04-29T19:00:00Z,249377831370522
2023-04-29T18:00:00Z,249370899966338
2023-04-29T17:00:00Z,249248061792773
2023-04-29T16:00:00Z,249444919489952
2023-04-29T15:00:00Z,249436679835073
2023-04-29T14:00:00Z,249436285365358
2023-04-29T13:00:00Z,249434813602309
2023-04-29T12:00:00Z,249433614774100
2023-04-29T11:00:00Z,249434359282076
2023-04-29T10:00:00Z,249435135985129
2023-04-29T09:00:00Z,249433051285105
2023-04-29T08:00:00Z,249411117539959
2023-04-29T07:00:00Z,249406999029948
2023-04-29T06:00:00Z,249407193789004
2023-04-29T05:00:00Z,249405471485508
2023-04-29T04:00:00Z,249404248701697
2023-04-29T03:00:00Z,249402254454255
2023-04-29T02:00:00Z,249397503269255
2023-04-29T01:00:00Z,249038499141703
2023-04-29T00:00:00Z,249032993902655
2023-04-28T23:00:00Z,249135355363723
2023-04-28T22:00:00Z,249122410733541
2023-04-28T21:00:00Z,249111673948827
2023-04-28T20:00:00Z,249103531733972
2023-04-28T19:00:00Z,249096405455934
2023-04-28T18:00:00Z,249096295977239
2023-04-28T17:00:00Z,248733821416053
2023-04-28T16:00:00Z,248726958155423
2023-04-28T15:00:00Z,248723991250767
2023-04-28T14:00:00Z,248721913135829
2023-04-28T13:00:00Z,248711175492374
2023-04-28T12:00:00Z,248519090848213
2023-04-28T11:00:00Z,248515019026671
2023-04-28T10:00:00Z,248510574024329
2023-04-28T09:00:00Z,248512459782609
2023-04-28T08:00:00Z,248494283958608
2023-04-28T07:00:00Z,248481130203275
2023-04-28T06:00:00Z,248467824708686
2023-04-28T05:00:00Z,248462439065503
2023-04-28T04:00:00Z,248463234250023
2023-04-28T03:00:00Z,248443525764919
2023-04-28T02:00:00Z,248443211664598
2023-04-28T01:00:00Z,248436362280532
2023-04-28T00:00:00Z,248433133311614
2023-04-27T23:00:00Z,248430098703186
2023-04-27T22:00:00Z,248403768865709
2023-04-27T21:00:00Z,248488544205483
2023-04-27T20:00:00Z,248481049652471
2023-04-27T19:00:00Z,248471015602469
2023-04-27T18:00:00Z,248458910182072
2023-04-27T17:00:00Z,249057030007875
2023-04-27T16:00:00Z,249056064617815
2023-04-27T15:00:00Z,249090869613360
2023-04-27T14:00:00Z,249093158781661
2023-04-27T13:00:00Z,249093456022600
2023-04-27T12:00:00Z,249088178076976
2023-04-27T11:00:00Z,249084356008427
2023-04-27T10:00:00Z,249079982632448
2023-04-27T09:00:00Z,249077811793645
2023-04-27T08:00:00Z,249061466840493
2023-04-27T07:00:00Z,249064335559232
2023-04-27T06:00:00Z,249066027167324
2023-04-27T05:00:00Z,249088414865780
2023-04-27T04:00:00Z,249087080631445
2023-04-27T03:00:00Z,249040822692133
2023-04-27T02:00:00Z,249038418442634
2023-04-27T01:00:00Z,249033219089644
2023-04-27T00:00:00Z,249023435852299
2023-04-26T23:00:00Z,249019560791937
2023-04-26T22:00:00Z,249017367342328
2023-04-26T21:00:00Z,248867526729738
2023-04-26T20:00:00Z,248852975300571
2023-04-26T19:00:00Z,248864571534353
2023-04-26T18:00:00Z,248839700616495
2023-04-26T17:00:00Z,248756956196206
2023-04-26T16:00:00Z,248886149500701
2023-04-26T15:00:00Z,248881748045276
2023-04-26T14:00:00Z,248721326885220
2023-04-26T13:00:00Z,248712445704525
2023-04-26T12:00:00Z,248697551594111
2023-04-26T11:00:00Z,248695713921305
2023-04-26T10:00:00Z,248690385106635
2023-04-26T09:00:00Z,248671717605315
2023-04-26T08:00:00Z,248673023687301
2023-04-26T07:00:00Z,248666383839528
2023-04-26T06:00:00Z,248622893011404
2023-04-26T05:00:00Z,248542598063613
2023-04-26T04:00:00Z,248522580716596
2023-04-26T03:00:00Z,248400389484685
2023-04-26T02:00:00Z,248411974840803
2023-04-26T01:00:00Z,248488270107498
2023-04-26T00:00:00Z,248474592173360
2023-04-25T23:00:00Z,239476074493924
2023-04-25T22:00:00Z,239409430577490
2023-04-25T21:00:00Z,239409775527247
2023-04-25T20:00:00Z,239408183152406
2023-04-25T19:00:00Z,239401564909558
2023-04-25T18:00:00Z,239399192078317
2023-04-25T17:00:00Z,239449506759849
2023-04-25T16:00:00Z,239437375432224
2023-04-25T15:00:00Z,239436099746584
2023-04-25T14:00:00Z,239414152233282
2023-04-25T13:00:00Z,239407138886912
2023-04-25T12:00:00Z,239403636963565
2023-04-25T11:00:00Z,239398276103871
2023-04-25T10:00:00Z,239925429616225
2023-04-25T09:00:00Z,239897581457695
2023-04-25T08:00:00Z,239879393529843
2023-04-25T07:00:00Z,239874795687281
2023-04-25T06:00:00Z,239874542637849
2023-04-25T05:00:00Z,239873139206502
2023-04-25T04:00:00Z,239871653745068
2023-04-25T03:00:00Z,239822522092181
2023-04-25T02:00:00Z,239809842515383
2023-04-25T01:00:00Z,239813041755469
2023-04-25T00:00:00Z,239813800803830
2023-04-24T23:00:00Z,239813370430938
2023-04-24T22:00:00Z,239812569190915
2023-04-24T21:00:00Z,239812577918378
2023-04-24T20:00:00Z,239805654409991
2023-04-24T19:00:00Z,239783869870710
2023-04-24T18:00:00Z,237404529646170
2023-04-24T17:00:00Z,237351002756630
2023-04-24T16:00:00Z,237300720412684
2023-04-24T15:00:00Z,237298417430866
2023-04-24T14:00:00Z,237296085811691
2023-04-24T13:00:00Z,237294597487165
2023-04-24T12:00:00Z,237281843177035
2023-04-24T11:00:00Z,237273716493040
2023-04-24T10:00:00Z,237247925638120
2023-04-24T09:00:00Z,237153175669958
2023-04-24T08:00:00Z,237404865594375
2023-04-24T07:00:00Z,237398461851189
2023-04-24T06:00:00Z,237375532343805
2023-04-24T05:00:00Z,237374809689778
2023-04-24T04:00:00Z,237375913904548
2023-04-24T03:00:00Z,237375603895334
2023-04-24T02:00:00Z,237373889079224
2023-04-24T01:00:00Z,237371491757853
2023-04-24T00:00:00Z,237367680514416
2023-04-23T23:00:00Z,237368270031871
2023-04-23T22:00:00Z,237367629639956
2023-04-23T21:00:00Z,237391079433718
2023-04-23T20:00:00Z,237406333350077
2023-04-23T19:00:00Z,237405211540087
2023-04-23T18:00:00Z,237391304279548
2023-04-23T17:00:00Z,237373846392249
2023-04-23T16:00:00Z,237242572241463
2023-04-23T15:00:00Z,237242585775567
2023-04-23T14:00:00Z,237241795151201
2023-04-23T13:00:00Z,237263502747659
2023-04-23T12:00:00Z,237254368137174
2023-04-23T11:00:00Z,239657525246489
2023-04-23T10:00:00Z,239660913704096
2023-04-23T09:00:00Z,239666758743641
2023-04-23T08:00:00Z,239648781117790
2023-04-23T07:00:00Z,239632213197898
2023-04-23T06:00:00Z,239651517758790
2023-04-23T05:00:00Z,239668632046634
2023-04-23T04:00:00Z,239648287479874
2023-04-23T03:00:00Z,239748489728094
2023-04-23T02:00:00Z,239696630849787
2023-04-23T01:00:00Z,239711650007571
2023-04-23T00:00:00Z,239710462921518
2023-04-22T23:00:00Z,239705591083124
2023-04-22T22:00:00Z,239697702401351
2023-04-22T21:00:00Z,239698281620878
2023-04-22T20:00:00Z,239656318353780
2023-04-22T19:00:00Z,239545126687762
2023-04-22T18:00:00Z,239531607160047
2023-04-22T17:00:00Z,239457203406861
2023-04-22T16:00:00Z,239463669510657
2023-04-22T15:00:00Z,239444075728836
2023-04-22T14:00:00Z,239443809584366
2023-04-22T13:00:00Z,239417471688333
2023-04-22T12:00:00Z,239417147377920
2023-04-22T11:00:00Z,239419105948241
2023-04-22T10:00:00Z,239395616062537
2023-04-22T09:00:00Z,239384519914917
2023-04-22T08:00:00Z,239382447090984
2023-04-22T07:00:00Z,239375316908359
2023-04-22T06:00:00Z,239372975659148
2023-04-22T05:00:00Z,239365135221562
2023-04-22T04:00:00Z,239361151770288
2023-04-22T03:00:00Z,239343493340762
2023-04-22T02:00:00Z,239346093145533
2023-04-22T01:00:00Z,239337438082631
2023-04-22T00:00:00Z,239341280686399
2023-04-21T23:00:00Z,239344096008698
2023-04-21T22:00:00Z,239250392275425
2023-04-21T21:00:00Z,239243099600434
2023-04-21T20:00:00Z,239219153103935
2023-04-21T19:00:00Z,239211721713932
2023-04-21T18:00:00Z,239192892714660
2023-04-21T17:00:00Z,239196582365818
2023-04-21T16:00:00Z,239188783420826
2023-04-21T15:00:00Z,239186002339400
2023-04-21T14:00:00Z,239181551238020
2023-04-21T13:00:00Z,239175403409431
2023-04-21T12:00:00Z,239171795093056
2023-04-21T11:00:00Z,239172055883247
2023-04-21T10:00:00Z,239139790568653
2023-04-21T09:00:00Z,239146430783846
2023-04-21T08:00:00Z,239136071173617
2023-04-21T07:00:00Z,239131607999255
2023-04-21T06:00:00Z,239131278350036
2023-04-21T05:00:00Z,239128522834166
2023-04-21T04:00:00Z,239127377508436
2023-04-21T03:00:00Z,237136659669644
2023-04-21T02:00:00Z,237147711923814
2023-04-21T01:00:00Z,237050053203850
2023-04-21T00:00:00Z,237045831304681
2023-04-20T23:00:00Z,237148188913548
2023-04-20T22:00:00Z,237113921582345
2023-04-20T21:00:00Z,237095519822707
2023-04-20T20:00:00Z,237104231686263
2023-04-20T19:00:00Z,237074789616326
2023-04-20T18:00:00Z,237056770385979
2023-04-20T17:00:00Z,233608942844715
2023-04-20T16:00:00Z,233604858418734
2023-04-20T15:00:00Z,233592289072331
2023-04-20T14:00:00Z,233574443365736
2023-04-20T13:00:00Z,233549710783044
2023-04-20T12:00:00Z,233482464838063
2023-04-20T11:00:00Z,233478790938292
2023-04-20T10:00:00Z,233470048679784
2023-04-20T09:00:00Z,233469369625148
2023-04-20T08:00:00Z,233422267142666
2023-04-20T07:00:00Z,233385602115314
2023-04-20T06:00:00Z,233386471960586
2023-04-20T05:00:00Z,233384995616984
2023-04-20T04:00:00Z,233384168194319
2023-04-20T03:00:00Z,233381218824979
2023-04-20T02:00:00Z,233336646446661
2023-04-20T01:00:00Z,233324251442539
2023-04-20T00:00:00Z,233321326426344
2023-04-19T23:00:00Z,233319258059630
2023-04-19T22:00:00Z,233322902187425
2023-04-19T21:00:00Z,233318749957530
2023-04-19T20:00:00Z,233308096546353
2023-04-19T19:00:00Z,null
2023-04-19T18:00:00Z,229973141969806
2023-04-19T17:00:00Z,230087466147591
2023-04-19T16:00:00Z,230061540919865
2023-04-19T15:00:00Z,230053622484155
2023-04-19T14:00:00Z,230052889671048
2023-04-19T13:00:00Z,230047640016364
2023-04-19T12:00:00Z,230062863536145
2023-04-19T11:00:00Z,230058506522671
2023-04-19T10:00:00Z,230054991098076
2023-04-19T09:00:00Z,230050748684873
2023-04-19T08:00:00Z,230041278695610
2023-04-19T07:00:00Z,229514271971484
2023-04-19T06:00:00Z,229512676223124
2023-04-19T05:00:00Z,229511619635905
2023-04-19T04:00:00Z,229511257101507
2023-04-19T03:00:00Z,229516302646685
2023-04-19T02:00:00Z,229512757106340
2023-04-19T01:00:00Z,229504022788773
2023-04-19T00:00:00Z,229497330521898
2023-04-18T23:00:00Z,229490060695423
2023-04-18T22:00:00Z,229487827228697
2023-04-18T21:00:00Z,229473716584502
2023-04-18T20:00:00Z,229468174824232
2023-04-18T19:00:00Z,229462484069384
2023-04-18T18:00:00Z,229460366113711
2023-04-18T17:00:00Z,229612335699565
2023-04-18T16:00:00Z,229605282408992
2023-04-18T15:00:00Z,229600198316645
2023-04-18T14:00:00Z,229625383417931
2023-04-18T13:00:00Z,229617933518654
2023-04-18T12:00:00Z,229618051728675
2023-04-18T11:00:00Z,229618659253117
2023-04-18T10:00:00Z,229618991761390
2023-04-18T09:00:00Z,229614753942073
2023-04-18T08:00:00Z,229660714396624
2023-04-18T07:00:00Z,229704979598943
2023-04-18T06:00:00Z,229696115409959
2023-04-18T05:00:00Z,229659629964008
2023-04-18T04:00:00Z,229658341578292
2023-04-18T03:00:00Z,229659520802610
2023-04-18T02:00:00Z,229660627325828
2023-04-18T01:00:00Z,229306783482024
2023-04-18T00:00:00Z,229300853282413
2023-04-17T23:00:00Z,229305885110289
2023-04-17T22:00:00Z,229303783920005
2023-04-17T21:00:00Z,229300469619838
2023-04-17T20:00:00Z,228202116688503
2023-04-17T19:00:00Z,228206080795450
2023-04-17T18:00:00Z,228360906898489
2023-04-17T17:00:00Z,228543666635516
2023-04-17T16:00:00Z,228543784666601
2023-04-17T15:00:00Z,228544768354434
2023-04-17T14:00:00Z,228509840823284
2023-04-17T13:00:00Z,228508575505339
2023-04-17T12:00:00Z,228501559403294
2023-04-17T11:00:00Z,228506678293901
2023-04-17T10:00:00Z,228490124294725
2023-04-17T09:00:00Z,228395506806854
2023-04-17T08:00:00Z,228406345307696
2023-04-17T07:00:00Z,228406630583234
2023-04-17T06:00:00Z,228403534991402
2023-04-17T05:00:00Z,228401068400019
2023-04-17T04:00:00Z,228398976452263
2023-04-17T03:00:00Z,228397573595753
2023-04-17T02:00:00Z,228393613564246
2023-04-17T01:00:00Z,228438600180454
2023-04-17T00:00:00Z,228433874464767
2023-04-16T23:00:00Z,228432486922606
2023-04-16T22:00:00Z,228446403373784
2023-04-16T21:00:00Z,228452979144633
2023-04-16T20:00:00Z,229788298869861
2023-04-16T19:00:00Z,229575084949413
2023-04-16T18:00:00Z,229581212478888
2023-04-16T17:00:00Z,229451716744031
2023-04-16T16:00:00Z,229448628411323
2023-04-16T15:00:00Z,229677809302343
2023-04-16T14:00:00Z,229680360727241
2023-04-16T13:00:00Z,229672043040640
2023-04-16T12:00:00Z,229670719291199
2023-04-16T11:00:00Z,229616680512814
2023-04-16T10:00:00Z,229618779502590
2023-04-16T09:00:00Z,229620973805187
2023-04-16T08:00:00Z,229622237407473
2023-04-16T07:00:00Z,229620928803726
2023-04-16T06:00:00Z,229612451976088
2023-04-16T05:00:00Z,229617921566959
2023-04-16T04:00:00Z,229614822948834
2023-04-16T03:00:00Z,229613497087167
2023-04-16T02:00:00Z,229607527186493
2023-04-16T01:00:00Z,229599846767288
2023-04-16T00:00:00Z,229598275779717
2023-04-15T23:00:00Z,229575464031140
2023-04-15T22:00:00Z,229571159875822
2023-04-15T21:00:00Z,229568894769696
2023-04-15T20:00:00Z,229574527500659
2023-04-15T19:00:00Z,229571616272836
2023-04-15T18:00:00Z,229583044363952
2023-04-15T17:00:00Z,229828497681114
2023-04-15T16:00:00Z,229827514333644
2023-04-15T15:00:00Z,229815345958042
2023-04-15T14:00:00Z,229809594659724
2023-04-15T13:00:00Z,229805763418404
2023-04-15T12:00:00Z,229821103011586
2023-04-15T11:00:00Z,229814579012452
2023-04-15T10:00:00Z,229821834078362
2023-04-15T09:00:00Z,229818648382311
2023-04-15T08:00:00Z,229788171647991
2023-04-15T07:00:00Z,229788578411174
2023-04-15T06:00:00Z,229752520840762
2023-04-15T05:00:00Z,229746793501041
2023-04-15T04:00:00Z,229740373054273
2023-04-15T03:00:00Z,229738703924019
2023-04-15T02:00:00Z,229736063214907
2023-04-15T01:00:00Z,229692608743744
2023-04-15T00:00:00Z,229057471424605
2023-04-14T23:00:00Z,229057555829874
2023-04-14T22:00:00Z,229037320280395
2023-04-14T21:00:00Z,229040772412030
2023-04-14T20:00:00Z,229035457703403
2023-04-14T19:00:00Z,229026531630413
2023-04-14T18:00:00Z,229039269013826
2023-04-14T17:00:00Z,229018620163483
2023-04-14T16:00:00Z,229016510410439
2023-04-14T15:00:00Z,229019447631030
2023-04-14T14:00:00Z,229193077711912
2023-04-14T13:00:00Z,229194023311941
2023-04-14T12:00:00Z,229181980251223
2023-04-14T11:00:00Z,229178506375210
2023-04-14T10:00:00Z,229176395430888
2023-04-14T09:00:00Z,229132798982344
2023-04-14T08:00:00Z,229339248408762
2023-04-14T07:00:00Z,229356358923151
2023-04-14T06:00:00Z,229327255232560
2023-04-14T05:00:00Z,229327943970254
2023-04-14T04:00:00Z,229324535505046
2023-04-14T03:00:00Z,229332422121548
2023-04-14T02:00:00Z,229155867557847
2023-04-14T01:00:00Z,229151587611460
2023-04-14T00:00:00Z,229144822026922
2023-04-13T23:00:00Z,229142484855269
2023-04-13T22:00:00Z,229141718726356
2023-04-13T21:00:00Z,229139764876000
2023-04-13T20:00:00Z,229133745838859
2023-04-13T19:00:00Z,229171806021703
2023-04-13T18:00:00Z,229167904706790
2023-04-13T17:00:00Z,229158449075676
2023-04-13T16:00:00Z,229157287644086
2023-04-13T15:00:00Z,229153291346480
2023-04-13T14:00:00Z,229156621761002
2023-04-13T13:00:00Z,229132701706329
2023-04-13T12:00:00Z,229126451044868
2023-04-13T11:00:00Z,229129248637038
2023-04-13T10:00:00Z,229147907759527
2023-04-13T09:00:00Z,229174272531480
2023-04-13T08:00:00Z,229182148891388
2023-04-13T07:00:00Z,229182771604510
2023-04-13T06:00:00Z,229155856947829
2023-04-13T05:00:00Z,229158778088879
2023-04-13T04:00:00Z,229158250920024
2023-04-13T03:00:00Z,229165305510171
2023-04-13T02:00:00Z,229167192879569
2023-04-13T01:00:00Z,229134013778801
2023-04-13T00:00:00Z,229125463654674
2023-04-12T23:00:00Z,229124150270760
2023-04-12T22:00:00Z,229080958323395
2023-04-12T21:00:00Z,229057814348649
2023-04-12T20:00:00Z,229052067948892
2023-04-12T19:00:00Z,229036661449826
2023-04-12T18:00:00Z,229038794131177
2023-04-12T17:00:00Z,228842631789105
2023-04-12T16:00:00Z,228833694799590
2023-04-12T15:00:00Z,228832354189770
2023-04-12T14:00:00Z,228829468912538
2023-04-12T13:00:00Z,228834305682848
2023-04-12T12:00:00Z,228832382408503
2023-04-12T11:00:00Z,228832428509991
2023-04-12T10:00:00Z,228805789657641
2023-04-12T09:00:00Z,228803152806118
2023-04-12T08:00:00Z,228801768979093
2023-04-12T07:00:00Z,228799595815947
2023-04-12T06:00:00Z,228796123467731
2023-04-12T05:00:00Z,228794921535047
2023-04-12T04:00:00Z,228782111389637
2023-04-12T03:00:00Z,228767125715308
2023-04-12T02:00:00Z,228767381913024
2023-04-12T01:00:00Z,228767095140471
2023-04-12T00:00:00Z,228754041647639
2023-04-11T23:00:00Z,228747888869505
2023-04-11T22:00:00Z,228749074282360
2023-04-11T21:00:00Z,228748155803027
2023-04-11T20:00:00Z,228747270027023
2023-04-11T19:00:00Z,228786311495002
2023-04-11T18:00:00Z,228779351068812
2023-04-11T17:00:00Z,228674363310347
2023-04-11T16:00:00Z,228676945691511
2023-04-11T15:00:00Z,228674637397648
2023-04-11T14:00:00Z,228624170818039
2023-04-11T13:00:00Z,228621310134133
2023-04-11T12:00:00Z,228623631354652
2023-04-11T11:00:00Z,228613486041195
2023-04-11T10:00:00Z,228610932415073
2023-04-11T09:00:00Z,228341304799564
2023-04-11T08:00:00Z,228338496751225
2023-04-11T07:00:00Z,228345383858567
2023-04-11T06:00:00Z,228332021627509
2023-04-11T05:00:00Z,228330810750803
2023-04-11T04:00:00Z,228324529752361
2023-04-11T03:00:00Z,228320088011686
2023-04-11T02:00:00Z,228432605786683
2023-04-11T01:00:00Z,228409811329827
2023-04-11T00:00:00Z,228401281333153
2023-04-10T23:00:00Z,228403432137145
2023-04-10T22:00:00Z,228407896153669
2023-04-10T21:00:00Z,228399680018953
2023-04-10T20:00:00Z,228399907548948
2023-04-10T19:00:00Z,228401882063667
2023-04-10T18:00:00Z,228384770333979
2023-04-10T17:00:00Z,228461299254802
2023-04-10T16:00:00Z,228397237612038
2023-04-10T15:00:00Z,228358090733856
2023-04-10T14:00:00Z,228349868593940
2023-04-10T13:00:00Z,228343464548284
2023-04-10T12:00:00Z,228316175756622
2023-04-10T11:00:00Z,228297641288416
2023-04-10T10:00:00Z,228294249073058
2023-04-10T09:00:00Z,228290650256948
2023-04-10T08:00:00Z,228305111624830
2023-04-10T07:00:00Z,228309953951599
2023-04-10T06:00:00Z,228298903965363
2023-04-10T05:00:00Z,228288156111809
2023-04-10T04:00:00Z,228336476575632
2023-04-10T03:00:00Z,228332053611073
2023-04-10T02:00:00Z,228324950012930
2023-04-10T01:00:00Z,228317292892028
2023-04-10T00:00:00Z,228312560644006
2023-04-09T23:00:00Z,228466886438365
2023-04-09T22:00:00Z,228463111386791
2023-04-09T21:00:00Z,228456162255687
2023-04-09T20:00:00Z,228453369890091
2023-04-09T19:00:00Z,228458707725975
2023-04-09T18:00:00Z,228432177207033
2023-04-09T17:00:00Z,228354199437295
2023-04-09T16:00:00Z,228345958948221
2023-04-09T15:00:00Z,228344970821802
2023-04-09T14:00:00Z,228330341897222
2023-04-09T13:00:00Z,228328235733416
2023-04-09T12:00:00Z,228324640808607
2023-04-09T11:00:00Z,228329557741087
2023-04-09T10:00:00Z,228323726117167
2023-04-09T09:00:00Z,228319949987752
2023-04-09T08:00:00Z,228318603666550
2023-04-09T07:00:00Z,228312582589756
2023-04-09T06:00:00Z,228315470693965
2023-04-09T05:00:00Z,228316308037210
2023-04-09T04:00:00Z,228315515501247
2023-04-09T03:00:00Z,228315313796189
2023-04-09T02:00:00Z,228313595578596
2023-04-09T01:00:00Z,228271290680931
2023-04-09T00:00:00Z,228262589531821
2023-04-08T23:00:00Z,228258010359659
2023-04-08T22:00:00Z,228256500366052
2023-04-08T21:00:00Z,228257215377347
2023-04-08T20:00:00Z,228251877070656
2023-04-08T19:00:00Z,228246997676983
2023-04-08T18:00:00Z,228242722309454
2023-04-08T17:00:00Z,228213387771996
2023-04-08T16:00:00Z,228207872938761
2023-04-08T15:00:00Z,228205798303904
2023-04-08T14:00:00Z,228205317703562
2023-04-08T13:00:00Z,228201000781410
2023-04-08T12:00:00Z,228191256666131
2023-04-08T11:00:00Z,228188554738570
2023-04-08T10:00:00Z,228187117944646
2023-04-08T09:00:00Z,228117156783341
2023-04-08T08:00:00Z,228113631261281
2023-04-08T07:00:00Z,228112275582313
2023-04-08T06:00:00Z,228105807591171
2023-04-08T05:00:00Z,228104372834204
2023-04-08T04:00:00Z,228102110110740
2023-04-08T03:00:00Z,228106791190770
2023-04-08T02:00:00Z,228098815531063
2023-04-08T01:00:00Z,228097658055257
2023-04-08T00:00:00Z,227818884132567
2023-04-07T23:00:00Z,227823095042118
2023-04-07T22:00:00Z,227821404848378
2023-04-07T21:00:00Z,227783518349519
2023-04-07T20:00:00Z,227785639501515
2023-04-07T19:00:00Z,227785580769838
2023-04-07T18:00:00Z,227976224480291
2023-04-07T17:00:00Z,227923746431244
2023-04-07T16:00:00Z,227921236690876
2023-04-07T15:00:00Z,227917066185559
2023-04-07T14:00:00Z,227863094434741
2023-04-07T13:00:00Z,227850435880541
2023-04-07T12:00:00Z,227844431067840
2023-04-07T11:00:00Z,227844687895465
2023-04-07T10:00:00Z,227782622779489
2023-04-07T09:00:00Z,227782796846161
2023-04-07T08:00:00Z,227779215254938
2023-04-07T07:00:00Z,227764984969189
2023-04-07T06:00:00Z,227766876101084
2023-04-07T05:00:00Z,227768734831658
2023-04-07T04:00:00Z,227830743773714
2023-04-07T03:00:00Z,228274289474555
2023-04-07T02:00:00Z,228236702213872
2023-04-07T01:00:00Z,228232447793313
2023-04-07T00:00:00Z,228229360213228
2023-04-06T23:00:00Z,228227200091089
2023-04-06T22:00:00Z,228226573325457
2023-04-06T21:00:00Z,228202941812673
2023-04-06T20:00:00Z,228171439880855
2023-04-06T19:00:00Z,228170659253067
2023-04-06T18:00:00Z,228175576248918
2023-04-06T17:00:00Z,228176506028118
2023-04-06T16:00:00Z,228198967430406
2023-04-06T15:00:00Z,228195126344529
2023-04-06T14:00:00Z,228192909113543
2023-04-06T13:00:00Z,228186005199668
2023-04-06T12:00:00Z,228183134072534
2023-04-06T11:00:00Z,228180846867869
2023-04-06T10:00:00Z,228180389690012
2023-04-06T09:00:00Z,228179582579609
2023-04-06T08:00:00Z,228167038443752
2023-04-06T07:00:00Z,228165673043394
2023-04-06T06:00:00Z,228232512662589
2023-04-06T05:00:00Z,228231750337023
2023-04-06T04:00:00Z,228231297842760
2023-04-06T03:00:00Z,228203755097390
2023-04-06T02:00:00Z,228218303083787
2023-04-06T01:00:00Z,228216496463070
2023-04-06T00:00:00Z,228206545911908
2023-04-05T23:00:00Z,228182941613839
2023-04-05T22:00:00Z,228182112250255
2023-04-05T21:00:00Z,228177882864357
2023-04-05T20:00:00Z,228165753311486
2023-04-05T19:00:00Z,228161800424695
2023-04-05T18:00:00Z,228158475982136
2023-04-05T17:00:00Z,228130136419990
2023-04-05T16:00:00Z,228133375747925
2023-04-05T15:00:00Z,228133004914863
2023-04-05T14:00:00Z,228131249323996
2023-04-05T13:00:00Z,228122635926650
2023-04-05T12:00:00Z,228111928025666
2023-04-05T11:00:00Z,228105306963833
2023-04-05T10:00:00Z,228097355992081
2023-04-05T09:00:00Z,228089442766576
2023-04-05T08:00:00Z,228086398112669
2023-04-05T07:00:00Z,228082537424168
2023-04-05T06:00:00Z,228080239569269
2023-04-05T05:00:00Z,228077167347905
2023-04-05T04:00:00Z,228104433252271
2023-04-05T03:00:00Z,228104501088112
2023-04-05T02:00:00Z,228134910508169
2023-04-05T01:00:00Z,228120943310346
2023-04-05T00:00:00Z,228095947291281
2023-04-04T23:00:00Z,228114410505995
2023-04-04T22:00:00Z,228106020796795
2023-04-04T21:00:00Z,228120146747071
2023-04-04T20:00:00Z,228099690768965
2023-04-04T19:00:00Z,228129342129120
2023-04-04T18:00:00Z,228126445903701
2023-04-04T17:00:00Z,228059487956866
2023-04-04T16:00:00Z,228076041421347
2023-04-04T15:00:00Z,228003502241857
2023-04-04T14:00:00Z,228002933823335
2023-04-04T13:00:00Z,227975946795513
2023-04-04T12:00:00Z,227976362642129
2023-04-04T11:00:00Z,227897555239823
2023-04-04T10:00:00Z,227905528692803
2023-04-04T09:00:00Z,227907456251637
2023-04-04T08:00:00Z,227866391390196
2023-04-04T07:00:00Z,227865429831331
2023-04-04T06:00:00Z,227864711756667
2023-04-04T05:00:00Z,227869229287987
2023-04-04T04:00:00Z,227955059271249
2023-04-04T03:00:00Z,227956713517041
2023-04-04T02:00:00Z,227936165117127
2023-04-04T01:00:00Z,227931213885159
2023-04-04T00:00:00Z,227908738459695
2023-04-03T23:00:00Z,227905629108353
2023-04-03T22:00:00Z,227901692958548
2023-04-03T21:00:00Z,227894513408275
2023-04-03T20:00:00Z,227892199003814
2023-04-03T19:00:00Z,227898206972150
2023-04-03T18:00:00Z,227911480264208
2023-04-03T17:00:00Z,227812880417848
2023-04-03T16:00:00Z,227817768884645
2023-04-03T15:00:00Z,227814574902814
2023-04-03T14:00:00Z,227806753509000
2023-04-03T13:00:00Z,227806990704707
2023-04-03T12:00:00Z,227799632294570
2023-04-03T11:00:00Z,227785935012963
2023-04-03T10:00:00Z,227784068818303
2023-04-03T09:00:00Z,227780464987961
2023-04-03T08:00:00Z,227801808323000
2023-04-03T07:00:00Z,227892848653910
2023-04-03T06:00:00Z,227905258067234
2023-04-03T05:00:00Z,227908480234062
2023-04-03T04:00:00Z,227927965629721
2023-04-03T03:00:00Z,227915302493500
2023-04-03T02:00:00Z,227940910896365
2023-04-03T01:00:00Z,227935355847160
2023-04-03T00:00:00Z,227934071411554
2023-04-02T23:00:00Z,227940600031476
2023-04-02T22:00:00Z,227904952435989
2023-04-02T21:00:00Z,227893178717466
2023-04-02T20:00:00Z,227896149249946
2023-04-02T19:00:00Z,227893096876215
2023-04-02T18:00:00Z,227890888552241
2023-04-02T17:00:00Z,227824815863171
2023-04-02T16:00:00Z,227821169182822
2023-04-02T15:00:00Z,227805590642083
2023-04-02T14:00:00Z,227808254441857
2023-04-02T13:00:00Z,227805396434432
2023-04-02T12:00:00Z,227785880032248
2023-04-02T11:00:00Z,227776176713664
2023-04-02T10:00:00Z,227776936654256
2023-04-02T09:00:00Z,227773563647080
2023-04-02T08:00:00Z,227770995082652
2023-04-02T07:00:00Z,227772543027091
2023-04-02T06:00:00Z,227770933063507
2023-04-02T05:00:00Z,227735299689355
2023-04-02T04:00:00Z,227731466256752
2023-04-02T03:00:00Z,227731403672464
2023-04-02T02:00:00Z,227728494008386
2023-04-02T01:00:00Z,227715887312803
2023-04-02T00:00:00Z,227693903110887
2023-04-01T23:00:00Z,227696325644175
2023-04-01T22:00:00Z,227960617274907
2023-04-01T21:00:00Z,227957929555548
2023-04-01T20:00:00Z,227893078809985
2023-04-01T19:00:00Z,227861064686015
2023-04-01T18:00:00Z,227856322611212
2023-04-01T17:00:00Z,227841702734457
2023-04-01T16:00:00Z,227839179150323
2023-04-01T15:00:00Z,227832474190417
2023-04-01T14:00:00Z,227870217226637
2023-04-01T13:00:00Z,227873405157876
2023-04-01T12:00:00Z,227823525709318
2023-04-01T11:00:00Z,227822341361071
2023-04-01T10:00:00Z,227803054256862
2023-04-01T09:00:00Z,227801769723145
2023-04-01T08:00:00Z,227799791688895
2023-04-01T07:00:00Z,227793287915611
2023-04-01T06:00:00Z,227821991274677
2023-04-01T05:00:00Z,227822027010807
2023-04-01T04:00:00Z,227784382829061
2023-04-01T03:00:00Z,227786037887699
2023-04-01T02:00:00Z,227784626955974
2023-04-01T01:00:00Z,227779987105674
2023-04-01T00:00:00Z,227776025047563
2023-03-31T23:00:00Z,227770618251248
2023-03-31T22:00:00Z,227753053363349
2023-03-31T21:00:00Z,227749869601751
2023-03-31T20:00:00Z,227741209381448
2023-03-31T19:00:00Z,227723811836866
2023-03-31T18:00:00Z,227720595591364
2023-03-31T17:00:00Z,227591290743019
2023-03-31T16:00:00Z,227586438802063
2023-03-31T15:00:00Z,227580225709173
2023-03-31T14:00:00Z,227578919219217
2023-03-31T13:00:00Z,227561014253765
2023-03-31T12:00:00Z,227566970412484
2023-03-31T11:00:00Z,227562325505503
2023-03-31T10:00:00Z,227547347392314
2023-03-31T09:00:00Z,227486882892636
2023-03-31T08:00:00Z,227522217937516
2023-03-31T07:00:00Z,227571966887035
2023-03-31T06:00:00Z,227568957840298
2023-03-31T05:00:00Z,227567501232332
2023-03-31T04:00:00Z,227563757050013
2023-03-31T03:00:00Z,227563974968482
2023-03-31T02:00:00Z,227557223102182
2023-03-31T01:00:00Z,227534775745926
2023-03-31T00:00:00Z,227533174665618
2023-03-30T23:00:00Z,227533113256883
2023-03-30T22:00:00Z,227528496478069
2023-03-30T21:00:00Z,227517356515581
2023-03-30T20:00:00Z,227501212096177
2023-03-30T19:00:00Z,227511314473210
2023-03-30T18:00:00Z,227504114031395
2023-03-30T17:00:00Z,227381022572971
2023-03-30T16:00:00Z,227381340032900
2023-03-30T15:00:00Z,227389328226369
2023-03-30T14:00:00Z,227390506155970
2023-03-30T13:00:00Z,227384929217613
2023-03-30T12:00:00Z,227656882841990
2023-03-30T11:00:00Z,227656214072563
2023-03-30T10:00:00Z,227654833259911
2023-03-30T09:00:00Z,227672966823058
2023-03-30T08:00:00Z,227662841237695
2023-03-30T07:00:00Z,227656565507195
2023-03-30T06:00:00Z,227653898885680
2023-03-30T05:00:00Z,227644287082678
2023-03-30T04:00:00Z,227640836982299
2023-03-30T03:00:00Z,227629577958501
2023-03-30T02:00:00Z,227623673375727
2023-03-30T01:00:00Z,null
2023-03-30T00:00:00Z,null
2023-03-29T23:00:00Z,null
2023-03-29T22:00:00Z,null
2023-03-29T21:00:00Z,null
2023-03-29T20:00:00Z,null
2023-03-29T19:00:00Z,null
2023-03-29T18:00:00Z,227580574695730
2023-03-29T17:00:00Z,227614408550100
2023-03-29T16:00:00Z,227614571283259
2023-03-29T15:00:00Z,227643000005855
2023-03-29T14:00:00Z,227658612392546
2023-03-29T13:00:00Z,227661472837816
2023-03-29T12:00:00Z,227651736713770
2023-03-29T11:00:00Z,227650095214913
2023-03-29T10:00:00Z,227659747225539
2023-03-29T09:00:00Z,227670787783518
2023-03-29T08:00:00Z,227663742883634
2023-03-29T07:00:00Z,227659606718422
2023-03-29T06:00:00Z,226639927200753
2023-03-29T05:00:00Z,226665399927989
2023-03-29T04:00:00Z,226660011195068
2023-03-29T03:00:00Z,226655982593848
2023-03-29T02:00:00Z,226626431406257
2023-03-29T01:00:00Z,226663685349535
2023-03-29T00:00:00Z,226648955779826
2023-03-28T23:00:00Z,226641981480760
2023-03-28T22:00:00Z,226639332670631
2023-03-28T21:00:00Z,226635644184927
2023-03-28T20:00:00Z,226620705333081
2023-03-28T19:00:00Z,226623700515585
2023-03-28T18:00:00Z,226629993974662
2023-03-28T17:00:00Z,226620539918092
2023-03-28T16:00:00Z,226616421980197
2023-03-28T15:00:00Z,226613840739495
2023-03-28T14:00:00Z,226437386046917
2023-03-28T13:00:00Z,226430453482765
2023-03-28T12:00:00Z,226429612394110
2023-03-28T11:00:00Z,226433730158490
2023-03-28T10:00:00Z,226440011169915
2023-03-28T09:00:00Z,226436421505024
2023-03-28T08:00:00Z,226423894323859
2023-03-28T07:00:00Z,226423941044902
2023-03-28T06:00:00Z,226386647964754
2023-03-28T05:00:00Z,226385639935755
2023-03-28T04:00:00Z,226393321195739
2023-03-28T03:00:00Z,226389794266955
2023-03-28T02:00:00Z,226386053991241
2023-03-28T01:00:00Z,226480119849660
2023-03-28T00:00:00Z,226443549108582
2023-03-27T23:00:00Z,226438304533422
2023-03-27T22:00:00Z,226434122043591
2023-03-27T21:00:00Z,226435890020352
2023-03-27T20:00:00Z,226427923491001
2023-03-27T19:00:00Z,226418612600610
2023-03-27T18:00:00Z,225650923868153
2023-03-27T17:00:00Z,225653833787462
2023-03-27T16:00:00Z,225678358665221
2023-03-27T15:00:00Z,225678052445968
2023-03-27T14:00:00Z,225674833565461
2023-03-27T13:00:00Z,225668023528469
2023-03-27T12:00:00Z,225668660975480
2023-03-27T11:00:00Z,225708060064546
2023-03-27T10:00:00Z,225706889582565
2023-03-27T09:00:00Z,225679607330173
2023-03-27T08:00:00Z,225684233461781
2023-03-27T07:00:00Z,225677409738522
2023-03-27T06:00:00Z,225678631607184
2023-03-27T05:00:00Z,225676328633040
2023-03-27T04:00:00Z,225683974791086
2023-03-27T03:00:00Z,225681976897177
2023-03-27T02:00:00Z,225676684540392
2023-03-27T01:00:00Z,225772892431245
2023-03-27T00:00:00Z,225772206347413
2023-03-26T23:00:00Z,225780650804204
2023-03-26T22:00:00Z,225775084238864
2023-03-26T21:00:00Z,225768666685125
2023-03-26T20:00:00Z,225764919618384
2023-03-26T19:00:00Z,224735600690215
2023-03-26T18:00:00Z,224680012021475
2023-03-26T17:00:00Z,224710410528108
2023-03-26T16:00:00Z,224693836612838
2023-03-26T15:00:00Z,224691233079083
2023-03-26T14:00:00Z,224694590147768
2023-03-26T13:00:00Z,224705789027854
2023-03-26T12:00:00Z,224701939691799
2023-03-26T11:00:00Z,224689748857970
2023-03-26T10:00:00Z,224621207975960
2023-03-26T09:00:00Z,224617133022108
2023-03-26T08:00:00Z,224621830556152
2023-03-26T07:00:00Z,224612882661953
2023-03-26T06:00:00Z,224614598665345
2023-03-26T05:00:00Z,224588422773695
2023-03-26T04:00:00Z,224587222703521
2023-03-26T03:00:00Z,224586416038134
2023-03-26T02:00:00Z,224587174920739
2023-03-26T01:00:00Z,224585712898465
2023-03-26T00:00:00Z,224574882869249
2023-03-25T23:00:00Z,224460645823110
2023-03-25T22:00:00Z,224459879446608
2023-03-25T21:00:00Z,224456119730859
2023-03-25T20:00:00Z,224459680199827
2023-03-25T19:00:00Z,224462645096380
2023-03-25T18:00:00Z,224461554894581
2023-03-25T17:00:00Z,224463487120708
2023-03-25T16:00:00Z,224461317492738
2023-03-25T15:00:00Z,224458394681242
2023-03-25T14:00:00Z,224445385889028
2023-03-25T13:00:00Z,224418194912993
2023-03-25T12:00:00Z,224432329164168
2023-03-25T11:00:00Z,224429183457630
2023-03-25T10:00:00Z,224424444106867
2023-03-25T09:00:00Z,224426846279656
2023-03-25T08:00:00Z,224404106948357
2023-03-25T07:00:00Z,224400796180560
2023-03-25T06:00:00Z,224420872493845
2023-03-25T05:00:00Z,224420576166731
2023-03-25T04:00:00Z,224421159996338
2023-03-25T03:00:00Z,224419396155440
2023-03-25T02:00:00Z,224430365857505
2023-03-25T01:00:00Z,224445598093146
2023-03-25T00:00:00Z,224443991353697
2023-03-24T23:00:00Z,224435752997221
2023-03-24T22:00:00Z,224432748452157
2023-03-24T21:00:00Z,224440977888054
2023-03-24T20:00:00Z,224448205816880
2023-03-24T19:00:00Z,224190637681923
2023-03-24T18:00:00Z,224191334668740
2023-03-24T17:00:00Z,null
2023-03-24T16:00:00Z,224150305966948
2023-03-24T15:00:00Z,224142147952282
2023-03-24T14:00:00Z,224143864161313
2023-03-24T13:00:00Z,224093582165087
2023-03-24T12:00:00Z,224093084714602
2023-03-24T11:00:00Z,224091511859664
2023-03-24T10:00:00Z,224089931703957
2023-03-24T09:00:00Z,224108695998779
2023-03-24T08:00:00Z,224102624146608
2023-03-24T07:00:00Z,224099635039223
2023-03-24T06:00:00Z,224095563522561
2023-03-24T05:00:00Z,224088789667499
2023-03-24T04:00:00Z,224088845923486
2023-03-24T03:00:00Z,224090147841176
2023-03-24T02:00:00Z,224089626187200
2023-03-24T01:00:00Z,224119698947434
2023-03-24T00:00:00Z,224125162179682
2023-03-23T23:00:00Z,224098595504138
2023-03-23T22:00:00Z,224048229276348
2023-03-23T21:00:00Z,224062320700467
2023-03-23T20:00:00Z,224059384516273
2023-03-23T19:00:00Z,224047266726633
2023-03-23T18:00:00Z,224044648050447
2023-03-23T17:00:00Z,223948033093165
2023-03-23T16:00:00Z,223939568812529
2023-03-23T15:00:00Z,223941941850145
2023-03-23T14:00:00Z,223955910696180
2023-03-23T13:00:00Z,223937106149244
2023-03-23T12:00:00Z,223956977306653
2023-03-23T11:00:00Z,224172685415008
2023-03-23T10:00:00Z,224170960945449
2023-03-23T09:00:00Z,224585585137210
2023-03-23T08:00:00Z,224582589758451
2023-03-23T07:00:00Z,224576406612431
2023-03-23T06:00:00Z,224572467276726
2023-03-23T05:00:00Z,224570990528647
2023-03-23T04:00:00Z,224573700281744
2023-03-23T03:00:00Z,224574263198425
2023-03-23T02:00:00Z,224574659967894
2023-03-23T01:00:00Z,224572611753410
2023-03-23T00:00:00Z,224618886723503
2023-03-22T23:00:00Z,224609747633105
2023-03-22T22:00:00Z,224610014946655
2023-03-22T21:00:00Z,224606596291731
2023-03-22T20:00:00Z,224630536406627
2023-03-22T19:00:00Z,224625445274832
2023-03-22T18:00:00Z,224618327003209
2023-03-22T17:00:00Z,224497310041511
2023-03-22T16:00:00Z,224489535479661
2023-03-22T15:00:00Z,224484175498141
2023-03-22T14:00:00Z,224477705941411
2023-03-22T13:00:00Z,224472453243124
2023-03-22T12:00:00Z,224472313483460
2023-03-22T11:00:00Z,224470470647218
2023-03-22T10:00:00Z,224475295698982
2023-03-22T09:00:00Z,224476413394986
2023-03-22T08:00:00Z,224477090931817
2023-03-22T07:00:00Z,224470226209082
2023-03-22T06:00:00Z,224469685141867
2023-03-22T05:00:00Z,224476298276348
2023-03-22T04:00:00Z,224477938690634
2023-03-22T03:00:00Z,224477360467470
2023-03-22T02:00:00Z,224475322238834
2023-03-22T01:00:00Z,224466585046152
2023-03-22T00:00:00Z,224474054898520
2023-03-21T23:00:00Z,224469181125795
2023-03-21T22:00:00Z,224467091642113
2023-03-21T21:00:00Z,224458952304018
2023-03-21T20:00:00Z,224457111543588
2023-03-21T19:00:00Z,224457091312681
2023-03-21T18:00:00Z,224446442223735
2023-03-21T17:00:00Z,224515336018090
2023-03-21T16:00:00Z,224513817023834
2023-03-21T15:00:00Z,224510121485727
2023-03-21T14:00:00Z,224510976548723
2023-03-21T13:00:00Z,224513382815390
2023-03-21T12:00:00Z,224492400600439
2023-03-21T11:00:00Z,224491446114598
2023-03-21T10:00:00Z,224489990395539
2023-03-21T09:00:00Z,224495759193394
2023-03-21T08:00:00Z,224484625838579
2023-03-21T07:00:00Z,224483592514620
2023-03-21T06:00:00Z,224486939132138
2023-03-21T05:00:00Z,224486807685501
2023-03-21T04:00:00Z,224485925640899
2023-03-21T03:00:00Z,224487841068249
2023-03-21T02:00:00Z,224493627465904
2023-03-21T01:00:00Z,224493924562932
2023-03-21T00:00:00Z,224487715199167
2023-03-20T23:00:00Z,224486372219760
2023-03-20T22:00:00Z,224481233936605
2023-03-20T21:00:00Z,224481405390875
2023-03-20T20:00:00Z,224495483344930
2023-03-20T19:00:00Z,224498838323343
2023-03-20T18:00:00Z,224478915314456
2023-03-20T17:00:00Z,225836922147888
2023-03-20T16:00:00Z,225723328852516
2023-03-20T15:00:00Z,225719670060062
2023-03-20T14:00:00Z,225723570360398
2023-03-20T13:00:00Z,225716171582443
2023-03-20T12:00:00Z,225726842705485
2023-03-20T11:00:00Z,225737556856803
2023-03-20T10:00:00Z,225816401185553
2023-03-20T09:00:00Z,225836134894052
2023-03-20T08:00:00Z,225832734707423
2023-03-20T07:00:00Z,225809139129058
2023-03-20T06:00:00Z,225820631573227
2023-03-20T05:00:00Z,225825896163035
2023-03-20T04:00:00Z,225825452342364
2023-03-20T03:00:00Z,225858782922755
2023-03-20T02:00:00Z,225855938297316
2023-03-20T01:00:00Z,225852421149523
2023-03-20T00:00:00Z,225859315619512
2023-03-19T23:00:00Z,225874041064956
2023-03-19T22:00:00Z,225873238217179
2023-03-19T21:00:00Z,225869225743825
2023-03-19T20:00:00Z,225861929697209
2023-03-19T19:00:00Z,225866004861163
2023-03-19T18:00:00Z,225851550846013
2023-03-19T17:00:00Z,225924513342938
2023-03-19T16:00:00Z,225926143371908
2023-03-19T15:00:00Z,225928597256602
2023-03-19T14:00:00Z,225927631715426
2023-03-19T13:00:00Z,225968503121284
2023-03-19T12:00:00Z,225913810746898
2023-03-19T11:00:00Z,225838872895698
2023-03-19T10:00:00Z,225847383232135
2023-03-19T09:00:00Z,225849001347774
2023-03-19T08:00:00Z,225857821273696
2023-03-19T07:00:00Z,225855380451484
2023-03-19T06:00:00Z,225850945157932
2023-03-19T05:00:00Z,225841146013438
2023-03-19T04:00:00Z,225840022910697
2023-03-19T03:00:00Z,225834114686162
2023-03-19T02:00:00Z,225833401203466
2023-03-19T01:00:00Z,225832843683430
2023-03-19T00:00:00Z,225836737107632
2023-03-18T23:00:00Z,225831483599704
2023-03-18T22:00:00Z,225832954654280
2023-03-18T21:00:00Z,225820649430041
2023-03-18T20:00:00Z,225548334485389
2023-03-18T19:00:00Z,225593627438151
2023-03-18T18:00:00Z,225590988308919
2023-03-18T17:00:00Z,225383896180868
2023-03-18T16:00:00Z,225379308770387
2023-03-18T15:00:00Z,225376491178142
2023-03-18T14:00:00Z,225271257381765
2023-03-18T13:00:00Z,225611616324036
2023-03-18T12:00:00Z,225607462198335
2023-03-18T11:00:00Z,225601707203818
2023-03-18T10:00:00Z,225595952772619
2023-03-18T09:00:00Z,225591380865335
2023-03-18T08:00:00Z,225591647079870
2023-03-18T07:00:00Z,225598654214680
2023-03-18T06:00:00Z,225603585497282
2023-03-18T05:00:00Z,225609819354770
2023-03-18T04:00:00Z,225613151188942
2023-03-18T03:00:00Z,225812076366577
2023-03-18T02:00:00Z,225794155013386
2023-03-18T01:00:00Z,225799476611570
2023-03-18T00:00:00Z,225773587050555
2023-03-17T23:00:00Z,225770866567723
2023-03-17T22:00:00Z,225763695580515
2023-03-17T21:00:00Z,225760134622664
2023-03-17T20:00:00Z,225796047153923
2023-03-17T19:00:00Z,225758114754737
2023-03-17T18:00:00Z,225904782183781
2023-03-17T17:00:00Z,225872763328001
2023-03-17T16:00:00Z,225884201368068
2023-03-17T15:00:00Z,225879249332897
2023-03-17T14:00:00Z,225871003709131
2023-03-17T13:00:00Z,225876706923193
2023-03-17T12:00:00Z,225876072506061
2023-03-17T11:00:00Z,225875076059103
2023-03-17T10:00:00Z,225874500121501
2023-03-17T09:00:00Z,225808014326334
2023-03-17T08:00:00Z,225808321892819
2023-03-17T07:00:00Z,225801525520681
2023-03-17T06:00:00Z,225804345338863
2023-03-17T05:00:00Z,225803245736130
2023-03-17T04:00:00Z,225843141747119
2023-03-17T03:00:00Z,225850838395678
2023-03-17T02:00:00Z,225858401203262
2023-03-17T01:00:00Z,225852150297629
2023-03-17T00:00:00Z,225851712418957
2023-03-16T23:00:00Z,225867891174249
2023-03-16T22:00:00Z,225862691168528
2023-03-16T21:00:00Z,225861151107594
2023-03-16T20:00:00Z,225843915605929
2023-03-16T19:00:00Z,225843071827120
2023-03-16T18:00:00Z,225861250836312
2023-03-16T17:00:00Z,225870411219531
2023-03-16T16:00:00Z,225669538356366
2023-03-16T15:00:00Z,225667913488468
2023-03-16T14:00:00Z,225597862869114
2023-03-16T13:00:00Z,225596072210023
2023-03-16T12:00:00Z,226421329991621
2023-03-16T11:00:00Z,226415620373956
2023-03-16T10:00:00Z,226412620886380
2023-03-16T09:00:00Z,226398838228105
2023-03-16T08:00:00Z,226396472420131
2023-03-16T07:00:00Z,226379332068846
2023-03-16T06:00:00Z,226377572145185
2023-03-16T05:00:00Z,226371960918935
2023-03-16T04:00:00Z,226367703085778
2023-03-16T03:00:00Z,226365385773773
2023-03-16T02:00:00Z,226430226866564
2023-03-16T01:00:00Z,226396470774970
2023-03-16T00:00:00Z,226392119671911
2023-03-15T23:00:00Z,226442507231764
2023-03-15T22:00:00Z,226441470489247
2023-03-15T21:00:00Z,226431427791532
2023-03-15T20:00:00Z,226252116210156
2023-03-15T19:00:00Z,226678741635617
2023-03-15T18:00:00Z,226668924671629
2023-03-15T17:00:00Z,236617298596057
2023-03-15T16:00:00Z,236616264632320
2023-03-15T15:00:00Z,236613171529458
2023-03-15T14:00:00Z,236643245278079
2023-03-15T13:00:00Z,236639902409284
2023-03-15T12:00:00Z,236618232521249
2023-03-15T11:00:00Z,236615257432279
2023-03-15T10:00:00Z,236615018758118
2023-03-15T09:00:00Z,236615032774252
2023-03-15T08:00:00Z,236600782634814
2023-03-15T07:00:00Z,236609082832354
2023-03-15T06:00:00Z,236608316879709
2023-03-15T05:00:00Z,236607367792535
2023-03-15T04:00:00Z,236584217446170
2023-03-15T03:00:00Z,236595712415923
2023-03-15T02:00:00Z,236599350718065
2023-03-15T01:00:00Z,236693490357672
2023-03-15T00:00:00Z,236683569178217
2023-03-14T23:00:00Z,236677407955987
2023-03-14T22:00:00Z,236678208110499
2023-03-14T21:00:00Z,236665523056801
2023-03-14T20:00:00Z,236663391824397
2023-03-14T19:00:00Z,236708394221325
2023-03-14T18:00:00Z,236710446349619
2023-03-14T17:00:00Z,236568854725126
2023-03-14T16:00:00Z,236540412530359
2023-03-14T15:00:00Z,236534496053760
2023-03-14T14:00:00Z,236533135490570
2023-03-14T13:00:00Z,236689332849291
2023-03-14T12:00:00Z,236725323390629
2023-03-14T11:00:00Z,236723852210390
2023-03-14T10:00:00Z,236719410240969
2023-03-14T09:00:00Z,236726341153432
2023-03-14T08:00:00Z,236727199915831
2023-03-14T07:00:00Z,236710917031920
2023-03-14T06:00:00Z,236708748655773
2023-03-14T05:00:00Z,236769396668032
2023-03-14T04:00:00Z,236768718157575
2023-03-14T03:00:00Z,236776819278637
2023-03-14T02:00:00Z,236769707091415
2023-03-14T01:00:00Z,236769063300610
2023-03-14T00:00:00Z,236732395445612
2023-03-13T23:00:00Z,236771998760856
2023-03-13T22:00:00Z,236762847140625
2023-03-13T21:00:00Z,236764464196967
2023-03-13T20:00:00Z,236760545315719
2023-03-13T19:00:00Z,236782561907923
2023-03-13T18:00:00Z,236933255139463
2023-03-13T17:00:00Z,236911091110751
2023-03-13T16:00:00Z,236905305832808
2023-03-13T15:00:00Z,236890473368687
2023-03-13T14:00:00Z,237113299330179
2023-03-13T13:00:00Z,237115976567209
2023-03-13T12:00:00Z,237127614934493
2023-03-13T11:00:00Z,237121545821712
2023-03-13T10:00:00Z,237119299368939
2023-03-13T09:00:00Z,237123134604518
2023-03-13T08:00:00Z,237123972149833
2023-03-13T07:00:00Z,236997628766272
2023-03-13T06:00:00Z,237006110874201
2023-03-13T05:00:00Z,237004768691206
2023-03-13T04:00:00Z,236996470154510
2023-03-13T03:00:00Z,236997398655483
2023-03-13T02:00:00Z,236990605727288
2023-03-13T01:00:00Z,236978637916851
2023-03-13T00:00:00Z,236974494246239
2023-03-12T23:00:00Z,237001382906121
2023-03-12T22:00:00Z,237065030943638
2023-03-12T21:00:00Z,237057290399070
2023-03-12T20:00:00Z,237054470666208
2023-03-12T19:00:00Z,237050089192821
2023-03-12T18:00:00Z,237048847101237
2023-03-12T17:00:00Z,237151186602289
2023-03-12T16:00:00Z,237146060349113
2023-03-12T15:00:00Z,237147508778050
2023-03-12T14:00:00Z,237146296149495
2023-03-12T13:00:00Z,237122861384921
2023-03-12T12:00:00Z,237118646756455
2023-03-12T11:00:00Z,237116061322639
2023-03-12T10:00:00Z,237113870044627
2023-03-12T09:00:00Z,237112766979140
2023-03-12T08:00:00Z,237109976766684
2023-03-12T07:00:00Z,237074052925126
2023-03-12T06:00:00Z,237076815758212
2023-03-12T05:00:00Z,237077134671976
2023-03-12T04:00:00Z,237065678801153
2023-03-12T03:00:00Z,237064347948195
2023-03-12T02:00:00Z,237064446234126
2023-03-12T01:00:00Z,237059775436082
2023-03-12T00:00:00Z,237048291304084
2023-03-11T23:00:00Z,237048519817159
2023-03-11T22:00:00Z,237057770661368
2023-03-11T21:00:00Z,237024135210695
2023-03-11T20:00:00Z,237016028041801
2023-03-11T19:00:00Z,237029184234273
2023-03-11T18:00:00Z,237024529438963
2023-03-11T17:00:00Z,236641359504474
2023-03-11T16:00:00Z,236657468750121
2023-03-11T15:00:00Z,236650614108181
2023-03-11T14:00:00Z,236681038952536
2023-03-11T13:00:00Z,236679450549156
2023-03-11T12:00:00Z,236742260570984
2023-03-11T11:00:00Z,236771527092538
2023-03-11T10:00:00Z,236719640930032
2023-03-11T09:00:00Z,236837860670964
2023-03-11T08:00:00Z,236857122765840
2023-03-11T07:00:00Z,237972537811753
2023-03-11T06:00:00Z,238124078408406
2023-03-11T05:00:00Z,238107988642953
2023-03-11T04:00:00Z,238105693037334
2023-03-11T03:00:00Z,238120012893169
2023-03-11T02:00:00Z,238130492971497
2023-03-11T01:00:00Z,238137935436317
2023-03-11T00:00:00Z,238136830044122
2023-03-10T23:00:00Z,238134597265098
2023-03-10T22:00:00Z,238135073680582
2023-03-10T21:00:00Z,238131679965094
2023-03-10T20:00:00Z,238175468104838
2023-03-10T19:00:00Z,238146251912422
2023-03-10T18:00:00Z,238143288096793
2023-03-10T17:00:00Z,238100317980660
2023-03-10T16:00:00Z,237878508353638
2023-03-10T15:00:00Z,237878389107823
2023-03-10T14:00:00Z,237634623159283
2023-03-10T13:00:00Z,237630007499031
2023-03-10T12:00:00Z,237618078862599
2023-03-10T11:00:00Z,237600170455493
2023-03-10T10:00:00Z,237595918822193
2023-03-10T09:00:00Z,237587658826896
2023-03-10T08:00:00Z,237613725532224
2023-03-10T07:00:00Z,237550977552112
2023-03-10T06:00:00Z,237545306237782
2023-03-10T05:00:00Z,237531458194098
2023-03-10T04:00:00Z,237525571680735
2023-03-10T03:00:00Z,237524773463511
2023-03-10T02:00:00Z,237556481706882
2023-03-10T01:00:00Z,237565536827008
2023-03-10T00:00:00Z,237570206053159
2023-03-09T23:00:00Z,237583829186218
2023-03-09T22:00:00Z,237581521721825
2023-03-09T21:00:00Z,237581174479548
2023-03-09T20:00:00Z,237557817907656
2023-03-09T19:00:00Z,237540645698603
2023-03-09T18:00:00Z,237537218554331
2023-03-09T17:00:00Z,237710649832050
2023-03-09T16:00:00Z,237704370500591
2023-03-09T15:00:00Z,237694964619288
2023-03-09T14:00:00Z,237686486716998
2023-03-09T13:00:00Z,237675444224766
2023-03-09T12:00:00Z,237666529748284
2023-03-09T11:00:00Z,237662644295711
2023-03-09T10:00:00Z,237663087627878
2023-03-09T09:00:00Z,237673268470022
2023-03-09T08:00:00Z,237673740924869
2023-03-09T07:00:00Z,237659322597121
2023-03-09T06:00:00Z,237656004795725
2023-03-09T05:00:00Z,237635032664820
2023-03-09T04:00:00Z,237631278602596
2023-03-09T03:00:00Z,237623698865263
2023-03-09T02:00:00Z,237619178536508
2023-03-09T01:00:00Z,237612515249992
2023-03-09T00:00:00Z,237616362359169
2023-03-08T23:00:00Z,237610688364753
2023-03-08T22:00:00Z,237576231139519
2023-03-08T21:00:00Z,237568421981823
2023-03-08T20:00:00Z,237557427351941
2023-03-08T19:00:00Z,237546806221912
2023-03-08T18:00:00Z,237557223869177
2023-03-08T17:00:00Z,236996962725647
2023-03-08T16:00:00Z,237010778624570
2023-03-08T15:00:00Z,237013877925182
2023-03-08T14:00:00Z,237019061258750
2023-03-08T13:00:00Z,237013529645030
2023-03-08T12:00:00Z,237011341773937
2023-03-08T11:00:00Z,237010405185460
2023-03-08T10:00:00Z,237014893975860
2023-03-08T09:00:00Z,237032064561437
2023-03-08T08:00:00Z,237030467247776
2023-03-08T07:00:00Z,237019235444264
2023-03-08T06:00:00Z,237020987296918
2023-03-08T05:00:00Z,237222161682924
2023-03-08T04:00:00Z,237213029266753
2023-03-08T03:00:00Z,237214121845503
2023-03-08T02:00:00Z,237211101605149
2023-03-08T01:00:00Z,237211442121867
2023-03-08T00:00:00Z,237230969026395
2023-03-07T23:00:00Z,237247014535674
2023-03-07T22:00:00Z,237237008445310
2023-03-07T21:00:00Z,237241430409650
2023-03-07T20:00:00Z,237253869273020
2023-03-07T19:00:00Z,237242673400626
2023-03-07T18:00:00Z,237254731096953
2023-03-07T17:00:00Z,237396147775163
2023-03-07T16:00:00Z,237387748849310
2023-03-07T15:00:00Z,237383218498986
2023-03-07T14:00:00Z,237377715670126
2023-03-07T13:00:00Z,237373221015885
2023-03-07T12:00:00Z,237368132239958
2023-03-07T11:00:00Z,237371739825660
2023-03-07T10:00:00Z,237370986340903
2023-03-07T09:00:00Z,237413523766994
2023-03-07T08:00:00Z,237409091304892
2023-03-07T07:00:00Z,237396202408907
2023-03-07T06:00:00Z,237393791491612
2023-03-07T05:00:00Z,237391305119781
2023-03-07T04:00:00Z,237386484403304
2023-03-07T03:00:00Z,237388470925396
2023-03-07T02:00:00Z,237391123196934
2023-03-07T01:00:00Z,237387574244208
2023-03-07T00:00:00Z,237378720870772
2023-03-06T23:00:00Z,237376505059580
2023-03-06T22:00:00Z,237365708548410
2023-03-06T21:00:00Z,237331471315006
2023-03-06T20:00:00Z,237397736665377
2023-03-06T19:00:00Z,237247767651740
2023-03-06T18:00:00Z,237244488111519
2023-03-06T17:00:00Z,236589338368939
2023-03-06T16:00:00Z,236493493428548
2023-03-06T15:00:00Z,236486802961825
2023-03-06T14:00:00Z,236485180099797
2023-03-06T13:00:00Z,236437271027760
2023-03-06T12:00:00Z,236429623045465
2023-03-06T11:00:00Z,236426249623587
2023-03-06T10:00:00Z,236425501542268
2023-03-06T09:00:00Z,236426672224557
2023-03-06T08:00:00Z,236424948333428
2023-03-06T07:00:00Z,236432196025972
2023-03-06T06:00:00Z,236430529578146
2023-03-06T05:00:00Z,236430942022607
2023-03-06T04:00:00Z,236436520786970
2023-03-06T03:00:00Z,236437476249319
2023-03-06T02:00:00Z,236431297950961
2023-03-06T01:00:00Z,236411503633178
2023-03-06T00:00:00Z,236409406769575
2023-03-05T23:00:00Z,236404478921680
2023-03-05T22:00:00Z,236502998897320
2023-03-05T21:00:00Z,236477355184493
2023-03-05T20:00:00Z,236403821041292
2023-03-05T19:00:00Z,236402734265276
2023-03-05T18:00:00Z,236429767804879
2023-03-05T17:00:00Z,236405977214780
2023-03-05T16:00:00Z,236406933739402
2023-03-05T15:00:00Z,236409645382482
2023-03-05T14:00:00Z,236402486007840
2023-03-05T13:00:00Z,236396298609836
2023-03-05T12:00:00Z,236416694893650
2023-03-05T11:00:00Z,236394598625455
2023-03-05T10:00:00Z,236385106538766
2023-03-05T09:00:00Z,236382031514975
2023-03-05T08:00:00Z,236381721011435
2023-03-05T07:00:00Z,236375040960069
2023-03-05T06:00:00Z,236375150664679
2023-03-05T05:00:00Z,236357996445463
2023-03-05T04:00:00Z,236356869575454
2023-03-05T03:00:00Z,236341895389472
2023-03-05T02:00:00Z,236340279331342
2023-03-05T01:00:00Z,236338384466967
2023-03-05T00:00:00Z,236329845989828
2023-03-04T23:00:00Z,236337815957518
2023-03-04T22:00:00Z,236331554089147
2023-03-04T21:00:00Z,236328009365112
2023-03-04T20:00:00Z,236325731563876
2023-03-04T19:00:00Z,236320476767365
2023-03-04T18:00:00Z,236315618446852
2023-03-04T17:00:00Z,235982362070579
2023-03-04T16:00:00Z,235987534882223
2023-03-04T15:00:00Z,235983866388802
2023-03-04T14:00:00Z,235977490628184
2023-03-04T13:00:00Z,235974208763713
2023-03-04T12:00:00Z,235967849004563
2023-03-04T11:00:00Z,235955968390029
2023-03-04T10:00:00Z,235952201848252
2023-03-04T09:00:00Z,235945870798058
2023-03-04T08:00:00Z,235945321594188
2023-03-04T07:00:00Z,235904582533408
2023-03-04T06:00:00Z,235902569588241
2023-03-04T05:00:00Z,235901000226537
2023-03-04T04:00:00Z,235895181184277
2023-03-04T03:00:00Z,235893404649422
2023-03-04T02:00:00Z,235891354449017
2023-03-04T01:00:00Z,235889586289680
2023-03-04T00:00:00Z,235886620769869
2023-03-03T23:00:00Z,235860498264277
2023-03-03T22:00:00Z,235850160934894
2023-03-03T21:00:00Z,235847529396028
2023-03-03T20:00:00Z,235819527829044
2023-03-03T19:00:00Z,235808860938776
2023-03-03T18:00:00Z,235804247501120
2023-03-03T17:00:00Z,235672998356573
2023-03-03T16:00:00Z,235666735221406
2023-03-03T15:00:00Z,235647174654593
2023-03-03T14:00:00Z,235572161643329
2023-03-03T13:00:00Z,235563828671694
2023-03-03T12:00:00Z,235562925680789
2023-03-03T11:00:00Z,235559436408398
2023-03-03T10:00:00Z,235553856362863
2023-03-03T09:00:00Z,235540770496741
2023-03-03T08:00:00Z,235550587922735
2023-03-03T07:00:00Z,235549872635670
2023-03-03T06:00:00Z,235545645034382
2023-03-03T05:00:00Z,235545805325171
2023-03-03T04:00:00Z,235513434604882
2023-03-03T03:00:00Z,235504907610577
2023-03-03T02:00:00Z,235479220449067
2023-03-03T01:00:00Z,235508851006565
2023-03-03T00:00:00Z,235507664144595
2023-03-02T23:00:00Z,235505041443592
2023-03-02T22:00:00Z,235487533808525
2023-03-02T21:00:00Z,235479862581187
2023-03-02T20:00:00Z,235465938276408
2023-03-02T19:00:00Z,235385419726035
2023-03-02T18:00:00Z,235396114723538
2023-03-02T17:00:00Z,235020113250915
2023-03-02T16:00:00Z,235006847512974
2023-03-02T15:00:00Z,234998172377231
2023-03-02T14:00:00Z,234993861809392
2023-03-02T13:00:00Z,234986506137585
2023-03-02T12:00:00Z,234978561316270
2023-03-02T11:00:00Z,234975769942281
2023-03-02T10:00:00Z,234975273283497
2023-03-02T09:00:00Z,234961872714518
2023-03-02T08:00:00Z,234953816295010
2023-03-02T07:00:00Z,234951109631226
2023-03-02T06:00:00Z,234946532136096
2023-03-02T05:00:00Z,234946567117592
2023-03-02T04:00:00Z,234940255915279
2023-03-02T03:00:00Z,234891715150871
2023-03-02T02:00:00Z,234889759720972
2023-03-02T01:00:00Z,234875220277278
2023-03-02T00:00:00Z,234873409248744
2023-03-01T23:00:00Z,234869427164012
2023-03-01T22:00:00Z,234870381344818
2023-03-01T21:00:00Z,234876707013844
2023-03-01T20:00:00Z,234869101479843
2023-03-01T19:00:00Z,234861503456930
2023-03-01T18:00:00Z,215107138585761
2023-03-01T17:00:00Z,214847886088694
2023-03-01T16:00:00Z,214844513921842
2023-03-01T15:00:00Z,214820927105952
2023-03-01T14:00:00Z,214818971589482
2023-03-01T13:00:00Z,214811104600808
2023-03-01T12:00:00Z,214804764672217
2023-03-01T11:00:00Z,214798445662936
2023-03-01T10:00:00Z,214675661350471
2023-03-01T09:00:00Z,214671344381283
2023-03-01T08:00:00Z,214663824616710
2023-03-01T07:00:00Z,214659417288909
2023-03-01T06:00:00Z,214637065013486
2023-03-01T05:00:00Z,214625079186032
2023-03-01T04:00:00Z,214644126626948
2023-03-01T03:00:00Z,214638175267098
2023-03-01T02:00:00Z,214632193780059
2023-03-01T01:00:00Z,214642786138599
2023-03-01T00:00:00Z,214634228564598
2023-02-28T23:00:00Z,214630748487873
2023-02-28T22:00:00Z,214627187834239
2023-02-28T21:00:00Z,214620760824859
2023-02-28T20:00:00Z,214614134311958
2023-02-28T19:00:00Z,214599610374849
2023-02-28T18:00:00Z,214600927138081
2023-02-28T17:00:00Z,214707735121897
2023-02-28T16:00:00Z,214692906737622
2023-02-28T15:00:00Z,214677906600319
2023-02-28T14:00:00Z,214670601449629
2023-02-28T13:00:00Z,214663427899116
2023-02-28T12:00:00Z,214714026662587
2023-02-28T11:00:00Z,214701483093554
2023-02-28T10:00:00Z,214686395485152
2023-02-28T09:00:00Z,214978470918640
2023-02-28T08:00:00Z,214969033962628
2023-02-28T07:00:00Z,214959766691883
2023-02-28T06:00:00Z,214963969763195
2023-02-28T05:00:00Z,214960347500189
2023-02-28T04:00:00Z,214959417229043
2023-02-28T03:00:00Z,214923304169200
2023-02-28T02:00:00Z,214932124906025
2023-02-28T01:00:00Z,214923224571162
2023-02-28T00:00:00Z,214920217336863
2023-02-27T23:00:00Z,214917351797575
2023-02-27T22:00:00Z,214912874645522
2023-02-27T21:00:00Z,214902088324160
2023-02-27T20:00:00Z,214896696455505
2023-02-27T19:00:00Z,214899921495932
2023-02-27T18:00:00Z,214895523601942
2023-02-27T17:00:00Z,214832228018599
2023-02-27T16:00:00Z,214839420395228
2023-02-27T15:00:00Z,214785509312202
2023-02-27T14:00:00Z,214789807043324
2023-02-27T13:00:00Z,null
2023-02-27T12:00:00Z,214779141155133
2023-02-27T11:00:00Z,214798084867512
2023-02-27T10:00:00Z,214792535598342
2023-02-27T09:00:00Z,214433695379098
2023-02-27T08:00:00Z,214431335377923
2023-02-27T07:00:00Z,214406821246687
2023-02-27T06:00:00Z,214405297322726
2023-02-27T05:00:00Z,214401112244897
2023-02-27T04:00:00Z,214398023386621
2023-02-27T03:00:00Z,214394102251846
2023-02-27T02:00:00Z,214326456020671
2023-02-27T01:00:00Z,214312505228899
2023-02-27T00:00:00Z,214350194206270
2023-02-26T23:00:00Z,214347729103867
2023-02-26T22:00:00Z,214479848062399
2023-02-26T21:00:00Z,214480161800648
2023-02-26T20:00:00Z,214505613150492
2023-02-26T19:00:00Z,214511934260127
2023-02-26T18:00:00Z,214509361009347
2023-02-26T17:00:00Z,214485839527557
2023-02-26T16:00:00Z,214557437827373
2023-02-26T15:00:00Z,214523492042369
2023-02-26T14:00:00Z,214522540496114
2023-02-26T13:00:00Z,214517688758235
2023-02-26T12:00:00Z,214517232759308
2023-02-26T11:00:00Z,214530299762050
2023-02-26T10:00:00Z,214525795625018
2023-02-26T09:00:00Z,214513711375395
2023-02-26T08:00:00Z,214509306115888
2023-02-26T07:00:00Z,214499739715798
2023-02-26T06:00:00Z,214505720229648
2023-02-26T05:00:00Z,214481632552542
2023-02-26T04:00:00Z,214480231547221
2023-02-26T03:00:00Z,214480292382702
2023-02-26T02:00:00Z,214477670823009
2023-02-26T01:00:00Z,214465331109339
2023-02-26T00:00:00Z,214462901888257
2023-02-25T23:00:00Z,214456566730467
2023-02-25T22:00:00Z,214452316262868
2023-02-25T21:00:00Z,214434436137732
2023-02-25T20:00:00Z,214464903134319
2023-02-25T19:00:00Z,214465369621690
2023-02-25T18:00:00Z,214462701559138
2023-02-25T17:00:00Z,214346913790012
2023-02-25T16:00:00Z,214339783134664
2023-02-25T15:00:00Z,214332059942159
2023-02-25T14:00:00Z,214322577382224
2023-02-25T13:00:00Z,214331178803379
2023-02-25T12:00:00Z,214326006136430
2023-02-25T11:00:00Z,214322123197453
2023-02-25T10:00:00Z,214319968959335
2023-02-25T09:00:00Z,214318912760307
2023-02-25T08:00:00Z,214320985794136
2023-02-25T07:00:00Z,214318374690214
2023-02-25T06:00:00Z,214317679047732
2023-02-25T05:00:00Z,214319971361429
2023-02-25T04:00:00Z,214319592258698
2023-02-25T03:00:00Z,214306559646818
2023-02-25T02:00:00Z,214303937246499
2023-02-25T01:00:00Z,214302911299287
2023-02-25T00:00:00Z,214306139922950
2023-02-24T23:00:00Z,214343973744885
2023-02-24T22:00:00Z,214340357259355
2023-02-24T21:00:00Z,214333182502585
2023-02-24T20:00:00Z,214319493528802
2023-02-24T19:00:00Z,214313984476661
2023-02-24T18:00:00Z,214371474062555
2023-02-24T17:00:00Z,214314186269036
2023-02-24T16:00:00Z,214309481518118
2023-02-24T15:00:00Z,214298341044250
2023-02-24T14:00:00Z,214317565217892
2023-02-24T13:00:00Z,214323458869478
2023-02-24T12:00:00Z,214321234482856
2023-02-24T11:00:00Z,214318892954224
2023-02-24T10:00:00Z,214309838075345
2023-02-24T09:00:00Z,214310063315125
2023-02-24T08:00:00Z,214460312353729
2023-02-24T07:00:00Z,214462157238643
2023-02-24T06:00:00Z,null
2023-02-24T05:00:00Z,214462709245265
2023-02-24T04:00:00Z,214459716701200
2023-02-24T03:00:00Z,214457738714888
2023-02-24T02:00:00Z,214443173132778
2023-02-24T01:00:00Z,214437019557377
2023-02-24T00:00:00Z,214427192966457
2023-02-23T23:00:00Z,214405669843860
2023-02-23T22:00:00Z,214403258949751
2023-02-23T21:00:00Z,214400127679245
2023-02-23T20:00:00Z,214397100147442
2023-02-23T19:00:00Z,214394881930607
2023-02-23T18:00:00Z,214370950217447
2023-02-23T17:00:00Z,214379343671548
2023-02-23T16:00:00Z,214379216640452
2023-02-23T15:00:00Z,214381788792861
2023-02-23T14:00:00Z,214377714141456
2023-02-23T13:00:00Z,214345029466450
2023-02-23T12:00:00Z,214314129158735
2023-02-23T11:00:00Z,214310104699159
2023-02-23T10:00:00Z,214313711942994
2023-02-23T09:00:00Z,214319882173764
2023-02-23T08:00:00Z,214303985402896
2023-02-23T07:00:00Z,214296765653222
2023-02-23T06:00:00Z,214280904784729
2023-02-23T05:00:00Z,214284449604352
2023-02-23T04:00:00Z,214301895889082
2023-02-23T03:00:00Z,214300238767780
2023-02-23T02:00:00Z,214298079680454
2023-02-23T01:00:00Z,214302727121873
2023-02-23T00:00:00Z,214299500429786
2023-02-22T23:00:00Z,214298654753307
2023-02-22T22:00:00Z,214296359117361
2023-02-22T21:00:00Z,214291162569824
2023-02-22T20:00:00Z,214301688725004
2023-02-22T19:00:00Z,214320637188159
2023-02-22T18:00:00Z,214320473462857
2023-02-22T17:00:00Z,214129691620370
2023-02-22T16:00:00Z,214107801932958
2023-02-22T15:00:00Z,214098326548272
2023-02-22T14:00:00Z,214088995949340
2023-02-22T13:00:00Z,214084041159372
2023-02-22T12:00:00Z,214056709225669
2023-02-22T11:00:00Z,214036450971861
2023-02-22T10:00:00Z,214015405674653
2023-02-22T09:00:00Z,214038661005892
2023-02-22T08:00:00Z,214038062279217
2023-02-22T07:00:00Z,214023143887863
2023-02-22T06:00:00Z,214014826335511
2023-02-22T05:00:00Z,214012634199979
2023-02-22T04:00:00Z,214001750725315
2023-02-22T03:00:00Z,213997972820374
2023-02-22T02:00:00Z,213873346112797
2023-02-22T01:00:00Z,213920501409089
2023-02-22T00:00:00Z,213906192079917
2023-02-21T23:00:00Z,213868738181182
2023-02-21T22:00:00Z,213832226271408
2023-02-21T21:00:00Z,213786493258281
2023-02-21T20:00:00Z,213784253482973
2023-02-21T19:00:00Z,213758850704532
2023-02-21T18:00:00Z,213731858355981
2023-02-21T17:00:00Z,214598279244493
2023-02-21T16:00:00Z,214597399214768
2023-02-21T15:00:00Z,214581796223039
2023-02-21T14:00:00Z,214538113501780
2023-02-21T13:00:00Z,214534940816901
2023-02-21T12:00:00Z,214468230841325
2023-02-21T11:00:00Z,214471209014515
2023-02-21T10:00:00Z,214474449568569
2023-02-21T09:00:00Z,214473371907559
2023-02-21T08:00:00Z,214471212143761
2023-02-21T07:00:00Z,214420858174984
2023-02-21T06:00:00Z,214389554294039
2023-02-21T05:00:00Z,214377677455802
2023-02-21T04:00:00Z,214372353093090
2023-02-21T03:00:00Z,214336977629633
2023-02-21T02:00:00Z,214312302553763
2023-02-21T01:00:00Z,214311814101492
2023-02-21T00:00:00Z,214310185348435
2023-02-20T23:00:00Z,214277715341754
2023-02-20T22:00:00Z,214273816476548
2023-02-20T21:00:00Z,214298384010387
2023-02-20T20:00:00Z,214284986265827
2023-02-20T19:00:00Z,214286824384019
2023-02-20T18:00:00Z,214272680637166
2023-02-20T17:00:00Z,214142470254741
2023-02-20T16:00:00Z,214118492559694
2023-02-20T15:00:00Z,214099578437717
2023-02-20T14:00:00Z,214079688309794
2023-02-20T13:00:00Z,214070949305734
2023-02-20T12:00:00Z,214076715335018
2023-02-20T11:00:00Z,214071489602115
2023-02-20T10:00:00Z,214066865397592
2023-02-20T09:00:00Z,213950066753868
2023-02-20T08:00:00Z,213950943650176
2023-02-20T07:00:00Z,213897362421559
2023-02-20T06:00:00Z,213896274974803
2023-02-20T05:00:00Z,213849964320476
2023-02-20T04:00:00Z,213837129596427
2023-02-20T03:00:00Z,213836106093940
2023-02-20T02:00:00Z,213835175100992
2023-02-20T01:00:00Z,213724873837489
2023-02-20T00:00:00Z,213722361586999
2023-02-19T23:00:00Z,213845982185577
2023-02-19T22:00:00Z,213808080137160
2023-02-19T21:00:00Z,213804513061075
2023-02-19T20:00:00Z,213803783130156
2023-02-19T19:00:00Z,213824663203615
2023-02-19T18:00:00Z,213805566667382
2023-02-19T17:00:00Z,214169729894245
2023-02-19T16:00:00Z,214166898824347
2023-02-19T15:00:00Z,214148559397407
2023-02-19T14:00:00Z,214148887032205
2023-02-19T13:00:00Z,214147726151942
2023-02-19T12:00:00Z,214141269445468
2023-02-19T11:00:00Z,214137206579663
2023-02-19T10:00:00Z,214135502870273
2023-02-19T09:00:00Z,214132670193793
2023-02-19T08:00:00Z,214130085902926
2023-02-19T07:00:00Z,214129179278982
2023-02-19T06:00:00Z,214128800812979
2023-02-19T05:00:00Z,214135373222668
2023-02-19T04:00:00Z,214144721061261
2023-02-19T03:00:00Z,214141863728790
2023-02-19T02:00:00Z,214091199911029
2023-02-19T01:00:00Z,214093398528890
2023-02-19T00:00:00Z,214084252840221
2023-02-18T23:00:00Z,214079870824919
2023-02-18T22:00:00Z,214090422057957
2023-02-18T21:00:00Z,214119606258799
2023-02-18T20:00:00Z,214101886751234
2023-02-18T19:00:00Z,214091873399168
2023-02-18T18:00:00Z,214124569937967
2023-02-18T17:00:00Z,214349521043787
2023-02-18T16:00:00Z,214344621178795
2023-02-18T15:00:00Z,214343273601394
2023-02-18T14:00:00Z,214352732500507
2023-02-18T13:00:00Z,214351736801894
2023-02-18T12:00:00Z,214351394442703
2023-02-18T11:00:00Z,214325802804908
2023-02-18T10:00:00Z,214311920357371
2023-02-18T09:00:00Z,214315456278058
2023-02-18T08:00:00Z,214314671226480
2023-02-18T07:00:00Z,214308021924737
2023-02-18T06:00:00Z,214306069988964
2023-02-18T05:00:00Z,214306304620631
2023-02-18T04:00:00Z,214298340558394
2023-02-18T03:00:00Z,214298306294727
2023-02-18T02:00:00Z,214268201118725
2023-02-18T01:00:00Z,214266076909440
2023-02-18T00:00:00Z,214974529662106
2023-02-17T23:00:00Z,214971782025705
2023-02-17T22:00:00Z,214969949489386
2023-02-17T21:00:00Z,214961257203939
2023-02-17T20:00:00Z,214951335421722
2023-02-17T19:00:00Z,214950027664961
2023-02-17T18:00:00Z,214944335104275
2023-02-17T17:00:00Z,214634096926103
2023-02-17T16:00:00Z,214632710392440
2023-02-17T15:00:00Z,214632589382493
2023-02-17T14:00:00Z,214632605539079
2023-02-17T13:00:00Z,214618037531240
2023-02-17T12:00:00Z,214549411627532
2023-02-17T11:00:00Z,214576523616485
2023-02-17T10:00:00Z,214586069704407
2023-02-17T09:00:00Z,214570937043707
2023-02-17T08:00:00Z,214612960521917
2023-02-17T07:00:00Z,214358780786057
2023-02-17T06:00:00Z,214359003317517
2023-02-17T05:00:00Z,214360916309701
2023-02-17T04:00:00Z,214373567449287
2023-02-17T03:00:00Z,214372172227035
2023-02-17T02:00:00Z,214357925305873
2023-02-17T01:00:00Z,214354596985004
2023-02-17T00:00:00Z,214354539655507
2023-02-16T23:00:00Z,214355619201380
2023-02-16T22:00:00Z,214355562438464
2023-02-16T21:00:00Z,214329409480324
2023-02-16T20:00:00Z,214308703175518
2023-02-16T19:00:00Z,214300194083472
2023-02-16T18:00:00Z,214252479082919
2023-02-16T17:00:00Z,214337465223220
2023-02-16T16:00:00Z,214332893328867
2023-02-16T15:00:00Z,214367394372676
2023-02-16T14:00:00Z,214359328209319
2023-02-16T13:00:00Z,214369086301714
2023-02-16T12:00:00Z,214396845417855
2023-02-16T11:00:00Z,214400023916307
2023-02-16T10:00:00Z,214403073506641
2023-02-16T09:00:00Z,214406310269128
2023-02-16T08:00:00Z,214408055331392
2023-02-16T07:00:00Z,214435517864487
2023-02-16T06:00:00Z,214434277799656
2023-02-16T05:00:00Z,214433406395406
2023-02-16T04:00:00Z,214321929849770
2023-02-16T03:00:00Z,214316367903389
2023-02-16T02:00:00Z,214304996550781
2023-02-16T01:00:00Z,214509578864898
2023-02-16T00:00:00Z,214508080813799
2023-02-15T23:00:00Z,214902121108280
2023-02-15T22:00:00Z,214897248802046
2023-02-15T21:00:00Z,214893630796312
2023-02-15T20:00:00Z,214893702098612
2023-02-15T19:00:00Z,214890758517927
2023-02-15T18:00:00Z,215285787202163
2023-02-15T17:00:00Z,215252519820629
2023-02-15T16:00:00Z,215242593004796
2023-02-15T15:00:00Z,215246878127403
2023-02-15T14:00:00Z,215242276608094
2023-02-15T13:00:00Z,215233685326382
2023-02-15T12:00:00Z,215211819046710
2023-02-15T11:00:00Z,215210436190854
2023-02-15T10:00:00Z,215219718466748
2023-02-15T09:00:00Z,215217607411604
2023-02-15T08:00:00Z,215257389481364
2023-02-15T07:00:00Z,215255907385984
2023-02-15T06:00:00Z,215254839947953
2023-02-15T05:00:00Z,215255535796425
2023-02-15T04:00:00Z,215247579123482
2023-02-15T03:00:00Z,215224450624233
2023-02-15T02:00:00Z,215220138006906
2023-02-15T01:00:00Z,216522843643448
2023-02-15T00:00:00Z,216512264485501
2023-02-14T23:00:00Z,216512778141448
2023-02-14T22:00:00Z,216510116092289
2023-02-14T21:00:00Z,216523308030862
2023-02-14T20:00:00Z,216489466430432
2023-02-14T19:00:00Z,216484191311121
2023-02-14T18:00:00Z,216475824341047
2023-02-14T17:00:00Z,216598939051078
2023-02-14T16:00:00Z,216597475619129
2023-02-14T15:00:00Z,216588112540010
2023-02-14T14:00:00Z,216586422502264
2023-02-14T13:00:00Z,216576018762240
2023-02-14T12:00:00Z,216621477426265
2023-02-14T11:00:00Z,216618489872183
2023-02-14T10:00:00Z,216610282571648
2023-02-14T09:00:00Z,216606702983423
2023-02-14T08:00:00Z,216609318788949
2023-02-14T07:00:00Z,216604952198399
2023-02-14T06:00:00Z,216597073762849
2023-02-14T05:00:00Z,216593404947731
2023-02-14T04:00:00Z,216591226320362
2023-02-14T03:00:00Z,216589477289761
2023-02-14T02:00:00Z,216587293650438
2023-02-14T01:00:00Z,216541902599651
2023-02-14T00:00:00Z,216538518117949
2023-02-13T23:00:00Z,216539949228304
2023-02-13T22:00:00Z,216476386171024
2023-02-13T21:00:00Z,216471912256353
2023-02-13T20:00:00Z,216508371687591
2023-02-13T19:00:00Z,216376898576618
2023-02-13T18:00:00Z,216369114848282
2023-02-13T17:00:00Z,215879322114903
2023-02-13T16:00:00Z,215880883445861
2023-02-13T15:00:00Z,215834079398576
2023-02-13T14:00:00Z,215824172619908
2023-02-13T13:00:00Z,215807600591730
2023-02-13T12:00:00Z,215804432719292
2023-02-13T11:00:00Z,215799573046836
2023-02-13T10:00:00Z,215766230326483
2023-02-13T09:00:00Z,215712591288953
2023-02-13T08:00:00Z,215714685406082
2023-02-13T07:00:00Z,216029739168176
2023-02-13T06:00:00Z,216027176613755
2023-02-13T05:00:00Z,216027475837695
2023-02-13T04:00:00Z,216019611208318
2023-02-13T03:00:00Z,216020394761272
2023-02-13T02:00:00Z,216021700756685
2023-02-13T01:00:00Z,216056123766777
2023-02-13T00:00:00Z,216050869398662
2023-02-12T23:00:00Z,216046051711110
2023-02-12T22:00:00Z,216031138428947
2023-02-12T21:00:00Z,216044406641607
2023-02-12T20:00:00Z,216013257067448
2023-02-12T19:00:00Z,216008833562436
2023-02-12T18:00:00Z,215988973755869
2023-02-12T17:00:00Z,216113004496005
2023-02-12T16:00:00Z,216114307793758
2023-02-12T15:00:00Z,216116406644734
2023-02-12T14:00:00Z,216101107308535
2023-02-12T13:00:00Z,216090727414891
2023-02-12T12:00:00Z,216089341254526
2023-02-12T11:00:00Z,216082741153135
2023-02-12T10:00:00Z,216084853865951
2023-02-12T09:00:00Z,216085824182759
2023-02-12T08:00:00Z,216081128079188
2023-02-12T07:00:00Z,216032525880965
2023-02-12T06:00:00Z,216031494241893
2023-02-12T05:00:00Z,216178513119727
2023-02-12T04:00:00Z,216177155512636
2023-02-12T03:00:00Z,216165589508040
2023-02-12T02:00:00Z,216157106563260
2023-02-12T01:00:00Z,216155540623408
2023-02-12T00:00:00Z,216165924267383
2023-02-11T23:00:00Z,216157327442870
2023-02-11T22:00:00Z,216868655649448
2023-02-11T21:00:00Z,216865725908322
2023-02-11T20:00:00Z,216862014532216
2023-02-11T19:00:00Z,216837461146488
2023-02-11T18:00:00Z,216784737659079
2023-02-11T17:00:00Z,216777799814720
2023-02-11T16:00:00Z,216780786438887
2023-02-11T15:00:00Z,216779900051231
2023-02-11T14:00:00Z,216776858230225
2023-02-11T13:00:00Z,216773682276877
2023-02-11T12:00:00Z,216770867981860
2023-02-11T11:00:00Z,216766286077706
2023-02-11T10:00:00Z,216763008248509
2023-02-11T09:00:00Z,216769401651318
2023-02-11T08:00:00Z,216767506922272
2023-02-11T07:00:00Z,216761188694880
2023-02-11T06:00:00Z,216761499206664
2023-02-11T05:00:00Z,216758944410750
2023-02-11T04:00:00Z,216739037876906
2023-02-11T03:00:00Z,216735825840132
2023-02-11T02:00:00Z,216752334514100
2023-02-11T01:00:00Z,216735955925431
2023-02-11T00:00:00Z,216732829911718
2023-02-10T23:00:00Z,216689246125924
2023-02-10T22:00:00Z,216687075490064
2023-02-10T21:00:00Z,216671866261351
2023-02-10T20:00:00Z,216898347616711
2023-02-10T19:00:00Z,216890976569128
2023-02-10T18:00:00Z,216881470603981
2023-02-10T17:00:00Z,216703237298968
2023-02-10T16:00:00Z,216679925567893
2023-02-10T15:00:00Z,216691649796724
2023-02-10T14:00:00Z,216695485672724
2023-02-10T13:00:00Z,216688101913017
2023-02-10T12:00:00Z,216744156034814
2023-02-10T11:00:00Z,216707774867328
2023-02-10T10:00:00Z,216705070031227
2023-02-10T09:00:00Z,216732140592271
2023-02-10T08:00:00Z,216729756688049
2023-02-10T07:00:00Z,216722562561608
2023-02-10T06:00:00Z,216720571453179
2023-02-10T05:00:00Z,216720091448424
2023-02-10T04:00:00Z,216716259821839
2023-02-10T03:00:00Z,216716771885475
2023-02-10T02:00:00Z,216709636298063
2023-02-10T01:00:00Z,216698691513158
2023-02-10T00:00:00Z,216693552560077
2023-02-09T23:00:00Z,216642036235255
2023-02-09T22:00:00Z,216641689860707
2023-02-09T21:00:00Z,216641527016095
2023-02-09T20:00:00Z,216634899719272
2023-02-09T19:00:00Z,216569344375603
2023-02-09T18:00:00Z,216555628609792
2023-02-09T17:00:00Z,216767945878934
2023-02-09T16:00:00Z,216760576181189
2023-02-09T15:00:00Z,216747736087994
2023-02-09T14:00:00Z,216741754615688
2023-02-09T13:00:00Z,216700444721879
2023-02-09T12:00:00Z,216710156397703
2023-02-09T11:00:00Z,216703159570323
2023-02-09T10:00:00Z,216702203297840
2023-02-09T09:00:00Z,216667673101401
2023-02-09T08:00:00Z,216669008210070
2023-02-09T07:00:00Z,216664731974825
2023-02-09T06:00:00Z,216656379991951
2023-02-09T05:00:00Z,216696284626519
2023-02-09T04:00:00Z,216687375713805
2023-02-09T03:00:00Z,216688177855464
2023-02-09T02:00:00Z,216693166757886
2023-02-09T01:00:00Z,216689607210361
2023-02-09T00:00:00Z,216648068443460
2023-02-08T23:00:00Z,216646690642992
2023-02-08T22:00:00Z,216561181845788
2023-02-08T21:00:00Z,216552231746399
2023-02-08T20:00:00Z,216550815431513
2023-02-08T19:00:00Z,216539358862640
2023-02-08T18:00:00Z,216517026587849
2023-02-08T17:00:00Z,216490278618291
2023-02-08T16:00:00Z,216484307040532
2023-02-08T15:00:00Z,216427755414383
2023-02-08T14:00:00Z,216425063666796
2023-02-08T13:00:00Z,216382806815839
2023-02-08T12:00:00Z,216379953940405
2023-02-08T11:00:00Z,216378343315562
2023-02-08T10:00:00Z,216366210035654
2023-02-08T09:00:00Z,216368100533196
2023-02-08T08:00:00Z,216364008153312
2023-02-08T07:00:00Z,216360802458599
2023-02-08T06:00:00Z,216340006853044
2023-02-08T05:00:00Z,216328303708966
2023-02-08T04:00:00Z,216339876938264
2023-02-08T03:00:00Z,216331655626593
2023-02-08T02:00:00Z,216322987840281
2023-02-08T01:00:00Z,216307513550181
2023-02-08T00:00:00Z,216304419872716
2023-02-07T23:00:00Z,216298710511038
2023-02-07T22:00:00Z,216323322406585
2023-02-07T21:00:00Z,216371475124671
2023-02-07T20:00:00Z,216393139132609
2023-02-07T19:00:00Z,216379758536573
2023-02-07T18:00:00Z,216336103839616
2023-02-07T17:00:00Z,216659841042541
2023-02-07T16:00:00Z,216651536525975
2023-02-07T15:00:00Z,216643145980436
2023-02-07T14:00:00Z,216718290040093
2023-02-07T13:00:00Z,216725106413601
2023-02-07T12:00:00Z,216715315599715
2023-02-07T11:00:00Z,216650309624557
2023-02-07T10:00:00Z,216646779633269
2023-02-07T09:00:00Z,216642334953751
2023-02-07T08:00:00Z,216655221772012
2023-02-07T07:00:00Z,216650366270792
2023-02-07T06:00:00Z,216649848874903
2023-02-07T05:00:00Z,216648951312697
2023-02-07T04:00:00Z,216642122683351
2023-02-07T03:00:00Z,216633484456320
2023-02-07T02:00:00Z,216629835365228
2023-02-07T01:00:00Z,216670780972499
2023-02-07T00:00:00Z,216681007358336
2023-02-06T23:00:00Z,216678427879937
2023-02-06T22:00:00Z,216675163852485
2023-02-06T21:00:00Z,216624021559980
2023-02-06T20:00:00Z,216610676359912
2023-02-06T19:00:00Z,216607316916662
2023-02-06T18:00:00Z,216613575991693
2023-02-06T17:00:00Z,215695611755889
2023-02-06T16:00:00Z,216681541741687
2023-02-06T15:00:00Z,216663797172684
2023-02-06T14:00:00Z,216712892249141
2023-02-06T13:00:00Z,216704102130503
2023-02-06T12:00:00Z,216650405020577
2023-02-06T11:00:00Z,216640108324557
2023-02-06T10:00:00Z,216647161325010
2023-02-06T09:00:00Z,216639421796351
2023-02-06T08:00:00Z,216630166837506
2023-02-06T07:00:00Z,216523786869997
2023-02-06T06:00:00Z,216524708236768
2023-02-06T05:00:00Z,216534185519374
2023-02-06T04:00:00Z,216521028986134
2023-02-06T03:00:00Z,216518751429173
2023-02-06T02:00:00Z,216524019019379
2023-02-06T01:00:00Z,216538393664897
2023-02-06T00:00:00Z,216530840464372
2023-02-05T23:00:00Z,216521764778340
2023-02-05T22:00:00Z,216517185902772
2023-02-05T21:00:00Z,216512677932757
2023-02-05T20:00:00Z,216493558511606
2023-02-05T19:00:00Z,216479476364784
2023-02-05T18:00:00Z,216548515968814
2023-02-05T17:00:00Z,216114030801782
2023-02-05T16:00:00Z,216110957223858
2023-02-05T15:00:00Z,216039720380987
2023-02-05T14:00:00Z,216026477212062
2023-02-05T13:00:00Z,216022876180736
2023-02-05T12:00:00Z,216019343581670
2023-02-05T11:00:00Z,216017728044826
2023-02-05T10:00:00Z,216001496840361
2023-02-05T09:00:00Z,215995650846157
2023-02-05T08:00:00Z,216004327122846
2023-02-05T07:00:00Z,216031040941988
2023-02-05T06:00:00Z,216040660290592
2023-02-05T05:00:00Z,216039718065656
2023-02-05T04:00:00Z,216038641311802
2023-02-05T03:00:00Z,216032564891029
2023-02-05T02:00:00Z,216020189178555
2023-02-05T01:00:00Z,216010952701358
2023-02-05T00:00:00Z,216005921447757
2023-02-04T23:00:00Z,216005055455812
2023-02-04T22:00:00Z,216063511390592
2023-02-04T21:00:00Z,216052985500150
2023-02-04T20:00:00Z,216051803912309
2023-02-04T19:00:00Z,216204726689884
2023-02-04T18:00:00Z,216206092004838
2023-02-04T17:00:00Z,215787257598685
2023-02-04T16:00:00Z,215790175969028
2023-02-04T15:00:00Z,215825390035084
2023-02-04T14:00:00Z,215819528490304
2023-02-04T13:00:00Z,215832650089788
2023-02-04T12:00:00Z,215808639581473
2023-02-04T11:00:00Z,null
2023-02-04T10:00:00Z,null
2023-02-04T09:00:00Z,null
2023-02-04T08:00:00Z,null
2023-02-04T07:00:00Z,null
2023-02-04T06:00:00Z,null
2023-02-04T05:00:00Z,null
2023-02-04T04:00:00Z,null
2023-02-04T03:00:00Z,null
2023-02-04T02:00:00Z,null
2023-02-04T01:00:00Z,null
2023-02-04T00:00:00Z,null
2023-02-03T23:00:00Z,null
2023-02-03T22:00:00Z,null
2023-02-03T21:00:00Z,null
2023-02-03T20:00:00Z,null
2023-02-03T19:00:00Z,null
2023-02-03T18:00:00Z,null
2023-02-03T17:00:00Z,null
2023-02-03T16:00:00Z,null
2023-02-03T15:00:00Z,null
2023-02-03T14:00:00Z,null
2023-02-03T13:00:00Z,null
2023-02-03T12:00:00Z,215736444332472
2023-02-03T11:00:00Z,215722144983049
2023-02-03T10:00:00Z,215719309887495
2023-02-03T09:00:00Z,215721534551760
2023-02-03T08:00:00Z,215718978962982
2023-02-03T07:00:00Z,215720952585768
2023-02-03T06:00:00Z,215699616592832
2023-02-03T05:00:00Z,215706217868391
2023-02-03T04:00:00Z,215697085151700
2023-02-03T03:00:00Z,215667583028523
2023-02-03T02:00:00Z,215658674929044
2023-02-03T01:00:00Z,215641437005834
2023-02-03T00:00:00Z,215643204200747
2023-02-02T23:00:00Z,215544521809336
2023-02-02T22:00:00Z,215522145188227
2023-02-02T21:00:00Z,215771271531161
2023-02-02T20:00:00Z,215772232410091
2023-02-02T19:00:00Z,215302131355376
2023-02-02T18:00:00Z,215262776127753
2023-02-02T17:00:00Z,215524360321461
2023-02-02T16:00:00Z,215520452194638
2023-02-02T15:00:00Z,215482736215887
2023-02-02T14:00:00Z,215416545242316
2023-02-02T13:00:00Z,215348118622691
2023-02-02T12:00:00Z,215357403915166
2023-02-02T11:00:00Z,215352656036510
2023-02-02T10:00:00Z,215347185452085
2023-02-02T09:00:00Z,215357700055471
2023-02-02T08:00:00Z,215354825071254
2023-02-02T07:00:00Z,215343578727324
2023-02-02T06:00:00Z,215335466121887
2023-02-02T05:00:00Z,215306638873663
2023-02-02T04:00:00Z,215284902387078
2023-02-02T03:00:00Z,215237633640405
2023-02-02T02:00:00Z,215234380180616
2023-02-02T01:00:00Z,215235520913751
2023-02-02T00:00:00Z,215233144784328
2023-02-01T23:00:00Z,215161177273824
2023-02-01T22:00:00Z,215157646248774
2023-02-01T21:00:00Z,215126016569857
2023-02-01T20:00:00Z,215112477409495
2023-02-01T19:00:00Z,215097226631285
2023-02-01T18:00:00Z,215108974194885
2023-02-01T17:00:00Z,215365055268914
2023-02-01T16:00:00Z,215854898767186
2023-02-01T15:00:00Z,215850242113916
2023-02-01T14:00:00Z,215831975969308
2023-02-01T13:00:00Z,215828036269594
2023-02-01T12:00:00Z,215828792312301
2023-02-01T11:00:00Z,215836875020148
2023-02-01T10:00:00Z,215833841872333
2023-02-01T09:00:00Z,215830682332776
2023-02-01T08:00:00Z,215831694760845
2023-02-01T07:00:00Z,215831652662191
2023-02-01T06:00:00Z,215820812572803
2023-02-01T05:00:00Z,215812372169321
2023-02-01T04:00:00Z,215810081197768
2023-02-01T03:00:00Z,215756054233043
2023-02-01T02:00:00Z,215744520398089
2023-02-01T01:00:00Z,215740008684980
2023-02-01T00:00:00Z,215714340257996
2023-01-31T23:00:00Z,215710367905638
2023-01-31T22:00:00Z,215703509657955
2023-01-31T21:00:00Z,215692888972379
2023-01-31T20:00:00Z,215680203309804
2023-01-31T19:00:00Z,215674971157507
2023-01-31T18:00:00Z,215671929659178
2023-01-31T17:00:00Z,215547409749487
2023-01-31T16:00:00Z,215535176940812
2023-01-31T15:00:00Z,215487102309069
2023-01-31T14:00:00Z,215442600832181
2023-01-31T13:00:00Z,215438741508131
2023-01-31T12:00:00Z,215437800127488
2023-01-31T11:00:00Z,215431244408885
2023-01-31T10:00:00Z,215072396694955
2023-01-31T09:00:00Z,215069425308774
2023-01-31T08:00:00Z,215085627334447
2023-01-31T07:00:00Z,215082021308034
2023-01-31T06:00:00Z,215089458769169
2023-01-31T05:00:00Z,215087852309910
2023-01-31T04:00:00Z,215069178541604
2023-01-31T03:00:00Z,215069598909961
2023-01-31T02:00:00Z,215074288932744
2023-01-31T01:00:00Z,215070543706303
2023-01-31T00:00:00Z,215076743321952
2023-01-30T23:00:00Z,215077089073955
2023-01-30T22:00:00Z,215073240173156
2023-01-30T21:00:00Z,215066896052954
2023-01-30T20:00:00Z,215063189322089
2023-01-30T19:00:00Z,215063216566920
2023-01-30T18:00:00Z,215058010980947
2023-01-30T17:00:00Z,214436949529567
2023-01-30T16:00:00Z,214432314467002
2023-01-30T15:00:00Z,214431381660686
2023-01-30T14:00:00Z,214425393848484
2023-01-30T13:00:00Z,214385775214449
2023-01-30T12:00:00Z,214383742359728
2023-01-30T11:00:00Z,214377547844419
2023-01-30T10:00:00Z,214381206225794
2023-01-30T09:00:00Z,214371342066959
2023-01-30T08:00:00Z,214364735943909
2023-01-30T07:00:00Z,214360521771754
2023-01-30T06:00:00Z,214360036456633
2023-01-30T05:00:00Z,214298167764883
2023-01-30T04:00:00Z,214707346229971
2023-01-30T03:00:00Z,214702559665437
2023-01-30T02:00:00Z,214662634503833
2023-01-30T01:00:00Z,214653824679600
2023-01-30T00:00:00Z,214630556901043
2023-01-29T23:00:00Z,214626848383687
2023-01-29T22:00:00Z,214624649346174
2023-01-29T21:00:00Z,214551721392563
2023-01-29T20:00:00Z,214494993240804
2023-01-29T19:00:00Z,214472105349333
2023-01-29T18:00:00Z,214441569191550
2023-01-29T17:00:00Z,215156229826030
2023-01-29T16:00:00Z,215075082769942
2023-01-29T15:00:00Z,215055763093499
2023-01-29T14:00:00Z,215048052523138
2023-01-29T13:00:00Z,215031496022497
2023-01-29T12:00:00Z,215033576119576
2023-01-29T11:00:00Z,214779942425720
2023-01-29T10:00:00Z,214757881314719
2023-01-29T09:00:00Z,214756249071533
2023-01-29T08:00:00Z,214754905077107
2023-01-29T07:00:00Z,214747551200060
2023-01-29T06:00:00Z,214711674569892
2023-01-29T05:00:00Z,214595850224025
2023-01-29T04:00:00Z,214593012441988
2023-01-29T03:00:00Z,214555887091172
2023-01-29T02:00:00Z,214556219981418
2023-01-29T01:00:00Z,214550178291417
2023-01-29T00:00:00Z,214547163368198
2023-01-28T23:00:00Z,214522116703667
2023-01-28T22:00:00Z,214517191201261
2023-01-28T21:00:00Z,214517885848215
2023-01-28T20:00:00Z,214509190469851
2023-01-28T19:00:00Z,214506022359393
2023-01-28T18:00:00Z,214503798830992
2023-01-28T17:00:00Z,214588374474492
2023-01-28T16:00:00Z,214552478911003
2023-01-28T15:00:00Z,214543472512493
2023-01-28T14:00:00Z,214543874731279
2023-01-28T13:00:00Z,214549801207615
2023-01-28T12:00:00Z,214546099288364
2023-01-28T11:00:00Z,214542517122771
2023-01-28T10:00:00Z,214554786719812
2023-01-28T09:00:00Z,214552692229174
2023-01-28T08:00:00Z,214549465917600
2023-01-28T07:00:00Z,214550261864899
2023-01-28T06:00:00Z,214525145067712
2023-01-28T05:00:00Z,214521865974997
2023-01-28T04:00:00Z,214516139716123
2023-01-28T03:00:00Z,214515214549618
2023-01-28T02:00:00Z,214514778278906
2023-01-28T01:00:00Z,214513663153680
2023-01-28T00:00:00Z,214508342537395
2023-01-27T23:00:00Z,214509014172892
2023-01-27T22:00:00Z,214506965443320
2023-01-27T21:00:00Z,214509071344680
2023-01-27T20:00:00Z,214382993339059
2023-01-27T19:00:00Z,214278287513849
2023-01-27T18:00:00Z,214235072755052
2023-01-27T17:00:00Z,214374468672360
2023-01-27T16:00:00Z,214371166365257
2023-01-27T15:00:00Z,214365344005556
2023-01-27T14:00:00Z,214366604765266
2023-01-27T13:00:00Z,214358759562651
2023-01-27T12:00:00Z,214306958454962
2023-01-27T11:00:00Z,214304086342191
2023-01-27T10:00:00Z,214306791082457
2023-01-27T09:00:00Z,214309591052094
2023-01-27T08:00:00Z,null
2023-01-27T07:00:00Z,null
2023-01-27T06:00:00Z,null
2023-01-27T05:00:00Z,null
2023-01-27T04:00:00Z,null
2023-01-27T03:00:00Z,null
2023-01-27T02:00:00Z,null
2023-01-27T01:00:00Z,null
2023-01-27T00:00:00Z,null
2023-01-26T23:00:00Z,null
2023-01-26T22:00:00Z,null
2023-01-26T21:00:00Z,null
2023-01-26T20:00:00Z,null
2023-01-26T19:00:00Z,null
2023-01-26T18:00:00Z,null
2023-01-26T17:00:00Z,null
2023-01-26T16:00:00Z,null
2023-01-26T15:00:00Z,null
2023-01-26T14:00:00Z,null
2023-01-26T13:00:00Z,null
2023-01-26T12:00:00Z,null
2023-01-26T11:00:00Z,null
2023-01-26T10:00:00Z,null
2023-01-26T09:00:00Z,null
2023-01-26T08:00:00Z,null
2023-01-26T07:00:00Z,null
2023-01-26T06:00:00Z,null
2023-01-26T05:00:00Z,null
2023-01-26T04:00:00Z,null
2023-01-26T03:00:00Z,null
2023-01-26T02:00:00Z,null
2023-01-26T01:00:00Z,213945699266012
2023-01-26T00:00:00Z,213924781256523
2023-01-25T23:00:00Z,213930464106301
2023-01-25T22:00:00Z,213921320778023
2023-01-25T21:00:00Z,213906509783507
2023-01-25T20:00:00Z,213947607004165
2023-01-25T19:00:00Z,213945855246919
2023-01-25T18:00:00Z,213992736106218
2023-01-25T17:00:00Z,213582639014383
2023-01-25T16:00:00Z,213454906317010
2023-01-25T15:00:00Z,213462899857983
2023-01-25T14:00:00Z,213470310194966
2023-01-25T13:00:00Z,213514490549378
2023-01-25T12:00:00Z,213508319478008
2023-01-25T11:00:00Z,213514721754777
2023-01-25T10:00:00Z,213515019916019
2023-01-25T09:00:00Z,213513504865626
2023-01-25T08:00:00Z,213454931119613
2023-01-25T07:00:00Z,213455567370905
2023-01-25T06:00:00Z,213452339389634
2023-01-25T05:00:00Z,213481230935319
2023-01-25T04:00:00Z,213483700012622
2023-01-25T03:00:00Z,213498738051811
2023-01-25T02:00:00Z,213495446208294
2023-01-25T01:00:00Z,213486898913463
2023-01-25T00:00:00Z,213485587712490
2023-01-24T23:00:00Z,213502023906970
2023-01-24T22:00:00Z,213501208235954
2023-01-24T21:00:00Z,213481502947776
2023-01-24T20:00:00Z,213469490464085
2023-01-24T19:00:00Z,213465027207646
2023-01-24T18:00:00Z,213456709369328
2023-01-24T17:00:00Z,213253446392080
2023-01-24T16:00:00Z,213250289884554
2023-01-24T15:00:00Z,213246349247779
2023-01-24T14:00:00Z,213247575104792
2023-01-24T13:00:00Z,213241701934597
2023-01-24T12:00:00Z,213239544239137
2023-01-24T11:00:00Z,213232953425607
2023-01-24T10:00:00Z,213227679629192
2023-01-24T09:00:00Z,213292419635200
2023-01-24T08:00:00Z,213289786241544
2023-01-24T07:00:00Z,213285673305885
2023-01-24T06:00:00Z,213264213034578
2023-01-24T05:00:00Z,213258278619724
2023-01-24T04:00:00Z,213200507087987
2023-01-24T03:00:00Z,213183420825344
2023-01-24T02:00:00Z,213173283946328
2023-01-24T01:00:00Z,213163618222771
2023-01-24T00:00:00Z,213139524646985
2023-01-23T23:00:00Z,213134449009980
2023-01-23T22:00:00Z,213135807924599
2023-01-23T21:00:00Z,213151672612977
2023-01-23T20:00:00Z,213152147551636
2023-01-23T19:00:00Z,213150755028134
2023-01-23T18:00:00Z,213060119769266
2023-01-23T17:00:00Z,213441688496314
2023-01-23T16:00:00Z,213441099402687
2023-01-23T15:00:00Z,213438987321822
2023-01-23T14:00:00Z,213420198631726
2023-01-23T13:00:00Z,213400570815226
2023-01-23T12:00:00Z,213393137165562
2023-01-23T11:00:00Z,213382974128961
2023-01-23T10:00:00Z,213376093509856
2023-01-23T09:00:00Z,213369151791632
2023-01-23T08:00:00Z,213364139217357
2023-01-23T07:00:00Z,213354218902707
2023-01-23T06:00:00Z,213349424823129
2023-01-23T05:00:00Z,213343694234750
2023-01-23T04:00:00Z,213344016267013
2023-01-23T03:00:00Z,213335193048289
2023-01-23T02:00:00Z,213328424698377
2023-01-23T01:00:00Z,213325095374847
2023-01-23T00:00:00Z,213318980814954
2023-01-22T23:00:00Z,213315277781684
2023-01-22T22:00:00Z,213308283873192
2023-01-22T21:00:00Z,213318552896851
2023-01-22T20:00:00Z,213296835276244
2023-01-22T19:00:00Z,213310891552456
2023-01-22T18:00:00Z,213314163192662
2023-01-22T17:00:00Z,214607511233644
2023-01-22T16:00:00Z,214593136391315
2023-01-22T15:00:00Z,214514384833630
2023-01-22T14:00:00Z,214521658043138
2023-01-22T13:00:00Z,214521036064252
2023-01-22T12:00:00Z,214520699405764
2023-01-22T11:00:00Z,214520912930819
2023-01-22T10:00:00Z,214526892504798
2023-01-22T09:00:00Z,214520493767527
2023-01-22T08:00:00Z,214522098122563
2023-01-22T07:00:00Z,214513185746083
2023-01-22T06:00:00Z,214509937986858
2023-01-22T05:00:00Z,214508197396030
2023-01-22T04:00:00Z,214506197181394
2023-01-22T03:00:00Z,214509625762062
2023-01-22T02:00:00Z,214503262845518
2023-01-22T01:00:00Z,214499798871065
2023-01-22T00:00:00Z,214443817421076
2023-01-21T23:00:00Z,214438228408103
2023-01-21T22:00:00Z,214437570674480
2023-01-21T21:00:00Z,214435559928390
2023-01-21T20:00:00Z,214445036296764
2023-01-21T19:00:00Z,214449875696571
