"date","open","high","low","close","volume","market_cap","dominance","alt_dominance","btc_dominance","active_cryptocurrencies","active_exchanges"
"2022-04-01T00:00:00.000Z",6.372803667698675,7.011957207689937,6.240117554077964,6.865574406002957,81121272.1,1175987770.29,0.054966348694728724,0.09332700218140881,41.10348837,9877,495
"2022-04-02T00:00:00.000Z",6.861903251770907,7.8748798233196915,6.74866942906274,7.196121149600928,182945648.44,1232606329.06,0.05787976440388779,0.09797094183917562,40.92149844,9865,495
"2022-04-03T00:00:00.000Z",7.20505425434393,7.720899522502582,6.986938439574068,7.612268300957989,122904825.56,1303887176.33,0.060179936235985186,0.1015470679794759,40.73690414,9867,495
"2022-04-04T00:00:00.000Z",7.6082299981282,7.693819451353795,7.031571772386244,7.3447437368813615,104807577.59,1258063535.51,0.058242701520831254,0.09874490674106144,41.01700691,9858,495
"2022-04-05T00:00:00.000Z",7.345311588786279,7.742904551261632,7.095773847456954,7.1087358444205595,88824628.48,1217638309.76,0.057680665172738246,0.09777284971153587,41.00543725,9858,495
"2022-04-06T00:00:00.000Z",7.1103149857144325,7.312740574718739,6.544780263963364,6.544780263963364,92198841.28,1121039711.25,0.056604047325094664,0.09669511415449036,41.46131599,9874,501
"2022-04-07T00:00:00.000Z",6.5440016994422585,6.752382550973832,6.392546858090389,6.602323165016017,65634510.19,1130896096.73,0.05615803656799691,0.0952777085802229,41.0585777,9872,499
"2022-04-08T00:00:00.000Z",6.598357710327821,6.735184905223942,6.13628402164224,6.154829693344513,67850566.57,1054246013.45,0.053897659866046825,0.091488122963133,41.08780668,9888,503
"2022-04-09T00:00:00.000Z",6.155099374118095,6.311957581585198,6.113874144008153,6.277442808434949,38815583.47,1075248119.8,0.05412575056728497,0.09163461793803385,40.93307553,9896,504
"2022-04-10T00:00:00.000Z",6.280176209804666,6.455639142330886,6.135556580012465,6.143252076230564,37776980.11,1052262911.19,0.053751151131254025,0.0910714130306782,40.9791181,9918,505
"2022-04-11T00:00:00.000Z",6.142932149341038,6.144898554835331,5.34198995716189,5.385477018091053,103207009.91,922465439.3,0.050484293189338864,0.08574330050670519,41.12158864,9926,505
"2022-04-12T00:00:00.000Z",5.387150935939888,5.849215797428904,5.3438123108122015,5.601485047277791,93978626.6,959464936.44,0.051450257289520414,0.08706147672447194,40.90353251,9931,507
"2022-04-13T00:00:00.000Z",5.596137533919438,5.874833707090701,5.446833878535143,5.872545609309723,55531519.93,1005894249.87,0.05265902728933634,0.08920288550472141,40.96712568,9921,508
"2022-04-14T00:00:00.000Z",5.87070513041151,6.0936934262150055,5.455075180869931,5.545264387553134,56657851.94,949835034.5,0.05105172466109385,0.08625043844684951,40.80989549,9955,508
"2022-04-15T00:00:00.000Z",5.5455020818716125,5.6599233412209236,5.487706099820413,5.56835869588238,33840063.2,953790803.18,0.05062363728601702,0.08569095140030489,40.92300709,9971,508
"2022-04-16T00:00:00.000Z",5.568434735581862,5.588841632930128,5.416894562384243,5.492469002044088,22650357.95,940791839.57,0.04990784939149002,0.08426212517264338,40.77072078,9969,507
"2022-04-17T00:00:00.000Z",5.491727642751892,5.583194912192621,5.384757171005918,5.410212124756738,25715120.58,926702256.38,0.0501942752835595,0.08494151753529182,40.90725391,9966,509
"2022-04-18T00:00:00.000Z",5.409482764581106,5.58653366624697,5.0722550213813165,5.534880313864673,58421040.14,948056371.43,0.05010079543234691,0.08495518416387986,41.02679439,9979,509
"2022-04-19T00:00:00.000Z",5.535128824654709,5.600812989249446,5.330321595907584,5.494733305789522,71947846.89,941179686.73,0.0488701619818481,0.08280220896416826,40.9796398,9987,509
"2022-04-20T00:00:00.000Z",5.4942861938409235,5.7451313818094984,5.3522936000179895,5.40433629551445,77535493.3,925695799.69,0.04836160928530715,0.08211533718326414,41.10526615,10018,509
"2022-04-21T00:00:00.000Z",5.403894519270186,5.720543643241931,5.2062747918442644,5.222298257253486,61428574.82,894514940.8,0.04783592257140826,0.08137747766722914,41.21724592,10032,510
"2022-04-22T00:00:00.000Z",5.221537807313866,5.298468955919068,5.072505676738286,5.150680432259154,38818248.5,882247695.36,0.04766327206053224,0.08055668262749616,40.83262803,10046,511
"2022-04-23T00:00:00.000Z",5.15018259751705,5.15018259751705,4.959679206906032,4.961880933293583,28360967.63,849908682.09,0.04626894782349629,0.0782661012031098,40.8825186,10025,511
"2022-04-24T00:00:00.000Z",4.960391493430707,5.079085619421714,4.784259716423372,4.8653869993888295,43627969.83,833380467.63,0.04558146962913587,0.07734065200581644,41.06402203,10024,511
"2022-04-25T00:00:00.000Z",4.86557723190511,5.174567980520912,4.5175131405159386,5.037431166610167,65844311.42,862849500.32,0.04622223169888297,0.078639012668313,41.22226344,10043,510
"2022-04-26T00:00:00.000Z",5.036050617258046,5.204718162950789,4.570345356600055,4.616110276727309,50333604.64,790682455.79,0.044969493660719145,0.07653319172146247,41.24184207,10048,511
"2022-04-27T00:00:00.000Z",4.617205313482135,4.8321301043216405,4.589139758164595,4.688450196914277,33452164.23,803073387.19,0.04460470774220624,0.07620097590117894,41.46438781,10075,513
"2022-04-28T00:00:00.000Z",4.688337465461979,4.81490650929248,4.567980295728738,4.649143340931437,32207182.47,796340610.12,0.04380598144143678,0.07503923889547402,41.62256696,10077,515
"2022-04-29T00:00:00.000Z",4.647944959676406,4.668260587560301,4.067380690541393,4.08118890969598,41106259.29,699057058.05,0.039824763174976366,0.06848259846347671,41.84688655,10095,516
"2022-04-30T00:00:00.000Z",4.079054590149683,4.252572727443097,3.5518616697135554,3.5619681055880976,53495667.24,610120972.06,0.036030509687815855,0.06252752673110595,42.37656346,10095,518
"2022-05-01T00:00:00.000Z",3.5630221013159753,4.032930890157053,3.5630221013159753,3.8967554288501547,55455737.41,667465889.55,0.03843323126954659,0.06643611304080106,42.1500905,10091,521
"2022-05-02T00:00:00.000Z",3.8970661006563487,4.004826950891865,3.679352364840868,3.7867504888813466,26993902.56,648623407.27,0.037345713634058766,0.06462651629532191,42.21301754,10095,521
"2022-05-03T00:00:00.000Z",3.7872781162142197,4.016439912774604,3.741011878355247,3.830703180496679,28721350.3,656151958.38,0.03843315418076317,0.06635219855090538,42.07704489,10092,522
"2022-05-04T00:00:00.000Z",3.8307537243810486,4.296955489583946,3.817408629437223,4.218562518142517,46464302.34,722587453.89,0.040066140394020344,0.06894786549530627,41.88922296,10103,522
"2022-05-05T00:00:00.000Z",4.217460556208037,4.248594917612619,3.5791882749832085,3.7191480425838472,43942468.79,637043946.41,0.037985438675857464,0.06493792539523782,41.50500121,10130,522
"2022-05-06T00:00:00.000Z",3.7206948649150666,3.7206948649150666,3.467447246292971,3.5871362319720235,37766724.73,614431960.06,0.037108984590789686,0.06335780433896944,41.42949716,10134,523
"2022-05-07T00:00:00.000Z",3.586957578409964,3.595895686770781,3.4048940775296055,3.4934915258366503,22070359.16,598391782.98,0.03692405385935536,0.06333108884753778,41.69679611,10130,523
"2022-05-08T00:00:00.000Z",3.4870969288275653,3.4870969288275653,3.079943800106629,3.13544072054979,48220620.89,537062119.47,0.03431126733726555,0.0585701512145703,41.4185099,10133,524
"2022-05-09T00:00:00.000Z",3.1315667108349197,3.1581097917183696,2.622711815723416,2.622711815723416,55676694.76,449238015.34,0.03253858211361141,0.05586587874975815,41.75589315,10153,525
"2022-05-10T00:00:00.000Z",2.6207055451704395,2.90486893891759,2.3913901858982336,2.4780552459159138,62292458.84,424460138.51,0.02998758863182042,0.05145275053418237,41.71820103,10114,526
"2022-05-11T00:00:00.000Z",2.477837052854359,2.6234712444242483,1.5145910229299862,1.7375290411485618,76767308.34,297617181.33,0.0236262995073931,0.04198815153623947,43.73103211,10121,526
"2022-05-12T00:00:00.000Z",1.7390923619557044,1.9423500139738468,1.3775646735137537,1.6131757596046603,41533572.12,276317006.05,0.022539287457941006,0.04096679422928027,44.9815689,10110,525
"2022-05-13T00:00:00.000Z",1.610419708491126,2.5031758046036114,1.5641249366471401,2.0741954829322493,61120605.47,381635843.98,0.03033434529343293,0.05442187348888381,44.26074784,10117,526
"2022-05-14T00:00:00.000Z",2.074170970277454,3.000839713486407,2.0691326993236303,2.9712849138016892,75140024.83,546874351.2,0.04239130669110046,0.07627699952877344,44.42452253,10114,526
"2022-05-15T00:00:00.000Z",2.968136193379711,3.3950457217511376,2.82389919948593,3.2983889254165257,110610375.63,607078875.27,0.0452798157002567,0.08152432391734073,44.45852045,10110,525
"2022-05-16T00:00:00.000Z",3.2992268444915522,3.2992268444915522,2.667176340294244,2.9099058548455266,71599500.49,535577341.99,0.0419420679678023,0.07561372887361106,44.5311472,10102,525
"2022-05-17T00:00:00.000Z",2.8996718903994934,3.3160491725165064,2.8409006705853885,2.9435780429128373,57110455.02,541774814.31,0.041337181682635046,0.0740893500292853,44.2063108,10104,525
"2022-05-18T00:00:00.000Z",2.9432119122328166,2.9953451075087383,2.266428509332894,2.2928426681816254,59595051.97,422004918.06,0.034420149058220516,0.06214151099692258,44.61005453,10091,527
"2022-05-19T00:00:00.000Z",2.290696361015545,2.708122113882386,2.1932040597700473,2.669909078976464,65221021.34,491405179.14,0.038258128826177566,0.06948987387265732,44.94431103,10087,527
"2022-05-20T00:00:00.000Z",2.669934453525059,2.7635393301193165,2.4232688186280327,2.605501650832183,38137264.95,479550789.03,0.03843331650017723,0.06933691310840819,44.57019389,10073,527
"2022-05-21T00:00:00.000Z",2.605113883630463,2.666069809736162,2.5434023331006728,2.590650309271516,17681010.59,476817352.82,0.0378586003994131,0.06822388545697218,44.50829039,10054,527
"2022-05-22T00:00:00.000Z",2.590894356831827,2.6670705113064357,2.5061112436412523,2.6391310287381553,18921400.3,485740382,0.03752344861976384,0.06774000403661848,44.60666315,10046,527
"2022-05-23T00:00:00.000Z",2.6373237226481585,2.705190227522853,2.3484317962180117,2.3732690942145847,31913130.27,438075027.27,0.03500108986855339,0.06282319914205418,44.28636181,10051,526
"2022-05-24T00:00:00.000Z",2.3745388341303424,2.4541981697820576,2.209161280127747,2.3993981406723206,25600016.91,443043892.05,0.03491160005731869,0.06291690071053789,44.51157056,10062,526
"2022-05-25T00:00:00.000Z",2.3991177292976187,2.438389850441481,2.229723418182624,2.2624516016911547,20236958.69,417756997.56,0.03316773880878771,0.05999153802062862,44.71263798,10047,526
"2022-05-26T00:00:00.000Z",2.263223764753189,2.297210203887647,2.003272045840189,2.1227092214225,35474554.38,392152892.86,0.032251657649576826,0.05955057787235185,45.84157064,10051,526
"2022-05-27T00:00:00.000Z",2.12104198119351,2.1457893734555595,1.986809052911396,2.0036065113912898,24666708.01,370271387.99,0.031247605591223856,0.05788944259707341,46.02192699,10053,526
"2022-05-28T00:00:00.000Z",2.0365445263644295,2.0954007011432125,1.9940527093846103,2.0788445527108887,13036565.89,384175562.2,0.03177606462497609,0.05855571137787402,45.73362038,10053,526
"2022-05-29T00:00:00.000Z",2.0788677714697217,2.1880380047721664,2.0072881480546174,2.1275015554842573,14802147.42,393167495.42,0.03211350874776849,0.05927485550896747,45.82271273,10046,526
"2022-05-30T00:00:00.000Z",2.1267721737241634,2.3605703115359757,2.106719983155302,2.3038056714293957,35352737.61,425748927.62,0.03240554037023674,0.06002162801479246,46.01022758,10056,526
"2022-05-31T00:00:00.000Z",2.302901662691909,2.3556289796472014,2.1624173798333493,2.2286490902624836,28259352.19,411859807.45,0.031461385727493664,0.05856137523144053,46.27621772,10058,525
"2022-06-01T00:00:00.000Z",2.2279130937417397,2.2393904423193876,1.9855877618329714,2.045212816741551,23192335.89,377960335.06,0.030626322353379216,0.05672523669365814,46.00935291,10071,525
"2022-06-02T00:00:00.000Z",2.0454297839245106,2.1531363515205366,1.9851203189489168,2.1429170021487254,15356385.23,396016307.7,0.031496977286891506,0.05852093611803662,46.17827503,10074,525
"2022-06-03T00:00:00.000Z",2.1417271869245376,2.1624904503411506,1.9463759390185627,1.9584259800054487,17517257.26,361921915.19,0.029565301744216045,0.055000035438875786,46.24494056,10069,525
"2022-06-04T00:00:00.000Z",1.9584037441456883,2.01483685089053,1.8627382189516364,2.01483685089053,15806577.42,372346782.22,0.030196839946498643,0.05603581748810903,46.11153848,10050,525
"2022-06-05T00:00:00.000Z",2.016778550794228,2.085202777514947,1.9194577004971225,1.998086051146224,17873664.29,369251193.42,0.02992094113926317,0.05560525005126001,46.19043865,10038,525
"2022-06-06T00:00:00.000Z",1.9973563693715686,2.123376830699543,1.9959698955782978,2.055334354708176,19290259.8,379830820.06,0.02975043982464357,0.05595740372968653,46.83377383,10046,525
"2022-06-07T00:00:00.000Z",2.055408562361195,2.055408562361195,1.8915483163011313,1.9556229326703392,25690554.61,361403905.18,0.02864460534582698,0.0541135202495898,47.06571442,10046,527
"2022-06-08T00:00:00.000Z",1.955557695593884,2.0007826794900914,1.916725276748893,1.9266212996396757,16475271.32,356044332.4,0.028740373345443274,0.053712715787413115,46.49242191,10046,527
"2022-06-09T00:00:00.000Z",1.927047375987675,1.9578783870819036,1.895236059240185,1.9018086905916889,20261592.45,351458901.51,0.028404881885184956,0.052985984284469816,46.39170666,10021,528
"2022-06-10T00:00:00.000Z",1.902007422450972,1.9302647917261464,1.711791553733266,1.7438030414479917,24245534.62,322259070.76,0.027144084907529627,0.05092971832250353,46.7028568,10017,526
"2022-06-11T00:00:00.000Z",1.7460438636772164,1.8369875184692943,1.6462236194194084,1.6656520571112101,17578652.2,307816577.55,0.02702006517769246,0.05144034910937489,47.47301361,10011,526
"2022-06-12T00:00:00.000Z",1.6685375333256196,1.6792903326886213,1.5100263048021652,1.5100263048021652,21469402.74,279056557.56,0.02580670928326946,0.048844186312511126,47.16523863,10000,526
"2022-06-13T00:00:00.000Z",1.5079492265434975,1.606468191388045,1.359560610510571,1.488973930596247,55163280.46,275166027.27,0.029120653858852336,0.05331109725087077,45.37599982,10004,527
"2022-06-14T00:00:00.000Z",1.4888185204431696,1.7769819989299787,1.468620702663286,1.585222444636518,48754631.41,292952988.28,0.031050265383434035,0.056321232294797574,44.86934302,10006,527
"2022-06-15T00:00:00.000Z",1.5834530150734851,1.8751761503067177,1.504660286561215,1.823835733412279,44524505.95,337049308.15,0.03478823176951576,0.0626026154983062,44.43006655,9978,527
"2022-06-16T00:00:00.000Z",1.8258075207199982,1.8390110078983148,1.6018169551264005,1.6421658620037893,27336606.16,303476271.2,0.03444787278984366,0.061648483574377154,44.12210846,9970,527
"2022-06-17T00:00:00.000Z",1.6426241930453795,1.7360774465570268,1.633980797189089,1.7161688316448442,15664213.78,317152201.14,0.03557866948722281,0.0633037033944445,43.7968593,9929,528
"2022-06-18T00:00:00.000Z",1.7155882693062365,1.7555369760061148,1.5197488934584085,1.634423819954627,28680730.62,302045522.88,0.03597274774758997,0.06331794216009366,43.18711803,9924,528
"2022-06-19T00:00:00.000Z",1.6336382775678722,1.7030222581630718,1.5693939838106068,1.6618389398866809,18788061.19,307111904.15,0.03407057080185069,0.06028782481711853,43.48681362,9914,528
"2022-06-20T00:00:00.000Z",1.6625189993922433,1.7916645322841718,1.6080131096549628,1.723098979022626,24223030.75,318432909.34,0.03513279511488017,0.06200846058724601,43.34193305,9926,529
"2022-06-21T00:00:00.000Z",1.722587632570293,1.8529304359040752,1.684305563930318,1.684305563930318,23439577.47,311263791.27,0.034069282915360384,0.06003039736341488,43.24661436,9935,530
"2022-06-22T00:00:00.000Z",1.6851679047711499,1.7216274786195953,1.6254906203277089,1.6381371290567808,17179271.17,302731751.49,0.034280766628700665,0.060322074996810436,43.17044526,9947,532
"2022-06-23T00:00:00.000Z",1.6381557006337404,1.7237228371211863,1.630317814401495,1.7071419935701826,18451117.78,315484019.37,0.033937747390367846,0.05982009927986578,43.2669825,9941,535
"2022-06-24T00:00:00.000Z",1.7066208367044402,1.7893267689617263,1.6914303542824674,1.7548693911603372,24034033.24,324304159.28,0.033950083701674204,0.05894284849221028,42.40169152,9946,523
"2022-06-25T00:00:00.000Z",1.7553775199908763,1.8002541809049744,1.7248871660833238,1.7648341179099696,15009692.11,326145665.17,0.03379452719361392,0.05877157721795764,42.49851919,9941,523
"2022-06-26T00:00:00.000Z",1.7649861393690591,1.8516844062159485,1.6764292262512581,1.677217985676973,18304383.33,309953989.46,0.03291375411726861,0.057340615802545125,42.59958032,9935,523
"2022-06-27T00:00:00.000Z",1.6765984994953624,1.7331255265438892,1.632938446547122,1.6670388916207621,13948605.96,308072867.96,0.03297804503981184,0.05719815281635686,42.3442132,9958,513
"2022-06-28T00:00:00.000Z",1.666368033452597,1.6893565976514822,1.5977298297869638,1.6076460903075194,12015410.14,297096932.89,0.03269687868264051,0.05694940464939029,42.58609219,9968,507
"2022-06-29T00:00:00.000Z",1.6063318724907085,1.622988228265355,1.5499192875115484,1.5607120581274943,11680746.61,288423408.85,0.03216291113240124,0.05620987056977617,42.78067036,9967,511
"2022-06-30T00:00:00.000Z",1.5615780125841545,1.568727812406025,1.4878551123242014,1.5356649418292465,12570305.19,283794640.45,0.032102519927718405,0.05606829991726305,42.74390346,9969,514
"2022-07-01T00:00:00.000Z",1.5377488606817489,1.5873235187976937,1.4988446758602907,1.4988446758602907,13869525.2,276990165.16,0.03190596974269566,0.055355552023984685,42.36175311,9980,514
"2022-07-02T00:00:00.000Z",1.4998543045300663,1.5110570946114679,1.460833222886782,1.4858263125406561,9345637.43,274584339.75,0.031536241576408705,0.05453646447753698,42.17402635,9977,514
"2022-07-03T00:00:00.000Z",1.485862322537856,1.501898779482307,1.4397577978738343,1.4813121710490469,10880334.09,273750115.35,0.031333749133435264,0.054166746993917006,42.15316431,9969,514
"2022-07-04T00:00:00.000Z",1.481378769143361,1.5554488307433936,1.458289728929298,1.5494185331129282,10902742.17,286336337.78,0.031419436102748534,0.05451202403531126,42.3623748,9974,509
"2022-07-05T00:00:00.000Z",1.5475819695618172,1.5596584836822864,1.4612509119195474,1.4936943363444237,12882046.4,276038369.81,0.03049613628157486,0.053108228145746054,42.57737954,9971,504
"2022-07-06T00:00:00.000Z",1.4939645275437408,1.5332640842461176,1.472071137762206,1.5324526559002678,9670288.48,283201002.14,0.030672094215024065,0.053321337689084175,42.47688534,9983,500
"2022-07-07T00:00:00.000Z",1.5320581189464215,1.6417367901981692,1.5210887118453322,1.6155720864166958,16432085.58,298561676.37,0.03115295726044555,0.05474543035161604,43.09487192,9921,503
"2022-07-08T00:00:00.000Z",1.6153810924346457,1.6757470614580212,1.5493114537580155,1.5924899855311414,16969596.59,294296047.62,0.030781908522951033,0.05435987052765053,43.37383768,9917,502
"2022-07-09T00:00:00.000Z",1.5905124155111077,1.6246289021995133,1.5850817847375025,1.6034702973534336,8387098.63,296325236.13,0.030965250141705654,0.05439295097126366,43.07120759,9914,502
"2022-07-10T00:00:00.000Z",1.6032252897515291,1.615367021879958,1.5283158892346365,1.5444276563048167,8747822.76,285414011.53,0.03075848489701815,0.053880050436471934,42.91303618,9901,502
"2022-07-11T00:00:00.000Z",1.5440445050996014,1.5628634843036389,1.4684002631250015,1.4786124988548683,11014014.28,273251209.32,0.0307343979085181,0.053809791746755174,42.88326174,9906,501
"2022-07-12T00:00:00.000Z",1.478722710768353,1.507745587040194,1.4614739736532443,1.473369623883137,8380966.84,272282313.19,0.031522623595805994,0.055027480297817774,42.71476102,9916,498
"2022-07-13T00:00:00.000Z",1.4736897762319643,1.5624306854876124,1.4243326022385496,1.5600454769299381,24121850.86,288300223.01,0.032007837490983904,0.05600072501561206,42.84388732,9915,498
"2022-07-14T00:00:00.000Z",1.5606789445659608,1.5927226778459216,1.5065538064175004,1.5714908214114003,17317051.96,290415350.69,0.03140712698013089,0.05460031899295958,42.47812548,9921,497
"2022-07-15T00:00:00.000Z",1.571436679672981,1.5946618559908756,1.5396893815420492,1.5433231244654089,15586193.77,285209891.34,0.030473996012821598,0.05300586076780837,42.50825178,9925,498
"2022-07-16T00:00:00.000Z",1.542613826442211,1.5875337604989972,1.5106539356561266,1.5576721057640555,13486095.48,287861618.21,0.029781037126350173,0.05122923514050168,41.86710568,9917,498
"2022-07-17T00:00:00.000Z",1.55815004111887,1.742041795171713,1.5459928603553617,1.6110641101974499,27358980.35,297728591.33,0.03122394688375958,0.053481589487129784,41.61739174,9906,498
"2022-07-18T00:00:00.000Z",1.6103550364215176,1.8485826675655912,1.603217844694322,1.744196017750604,49902058.32,322331693.74,0.031053389604756974,0.05294975049208645,41.3530955,9922,498
"2022-07-19T00:00:00.000Z",1.741699010108361,1.8708066688663525,1.681705761987326,1.8407823725045553,34673767.29,340181088.54,0.03220348849710562,0.05580198286850998,42.28970577,9932,498
"2022-07-20T00:00:00.000Z",1.8399153217463808,1.8512925173278987,1.6821529737628276,1.6981593385843168,26996008.53,313824002.74,0.030212325948893642,0.05274196979912963,42.71672813,9942,498
"2022-07-21T00:00:00.000Z",1.6982832620072223,1.7144916443848015,1.6128102722706636,1.7009174162207905,15761052.8,314333702.24,0.029899772859451747,0.05162623959934625,42.08415509,9943,500
"2022-07-22T00:00:00.000Z",1.7007211044775363,1.7447351253288068,1.5913912451971424,1.6293878247838414,19782660.84,301114858.64,0.029184662639765137,0.05035638913601403,42.04377411,9941,499
"2022-07-23T00:00:00.000Z",1.6285096432210633,1.6588412095258789,1.5756683761393317,1.6290806511005436,11912826.93,301058092.19,0.029243695258010176,0.050146442643202484,41.6834102,9937,499
"2022-07-24T00:00:00.000Z",1.6290405230252942,1.6491920876421713,1.5914336123577613,1.6123625066300245,11365196.93,297968538.17,0.028643737238693436,0.04897676796254295,41.51566461,9933,499
"2022-07-25T00:00:00.000Z",1.6120380753215091,1.615357801402055,1.5095815843898779,1.5139078192511284,18395385.92,279773870.93,0.028591502182237053,0.04904459706852214,41.70305418,9940,500
"2022-07-26T00:00:00.000Z",1.514004532596974,1.58802197076365,1.4924813142270998,1.574578895431073,14778912.28,290986034.33,0.029813835192349775,0.05103247328219656,41.57869828,9949,500
"2022-07-27T00:00:00.000Z",1.5745768187945928,1.6687128272807168,1.532050725043699,1.6687128272807168,20340617.92,308382215.37,0.029239459700708577,0.05001717134462102,41.54115694,9941,500
"2022-07-28T00:00:00.000Z",1.6684872275350549,1.784840647381387,1.603314628324668,1.7750742591998898,31020622.31,328038068.35,0.029955947806694944,0.05129684014496482,41.60274254,9930,500
"2022-07-29T00:00:00.000Z",1.774906819195835,1.8068234063171296,1.687210772633985,1.7632054305447573,26678029.6,325844679.76,0.029659118472798413,0.050607252510265426,41.39354144,9916,500
"2022-07-30T00:00:00.000Z",1.7637580607584546,1.9250902265904732,1.7108278971641642,1.7668559589009982,36431549.74,326519306.34,0.029882565175248014,0.05096339700436209,41.36465202,9909,500
"2022-07-31T00:00:00.000Z",1.7669693902737371,2.170113246433461,1.7484810261917652,2.0333361717270706,71984594.72,375765501.99,0.03471387034547329,0.05903383615386659,41.19665499,9902,500
"2022-08-01T00:00:00.000Z",2.0324010471422223,2.168234578940985,1.8628069851712645,1.9224435075245871,64974357.95,355272266.19,0.033003984371125936,0.05630480356282471,41.38335935,9913,499
"2022-08-02T00:00:00.000Z",1.9225812271796507,1.953401713000882,1.81543712881381,1.8440427690715886,27133955.18,340783617.8,0.032002742889747186,0.054464460918095044,41.24105453,9647,499
"2022-08-03T00:00:00.000Z",1.8441866203870985,2.058266608301392,1.816682800667008,1.9417007287065762,34703100.3,358831047.8,0.03373723034567379,0.05723385668747932,41.05371838,9725,499
"2022-08-04T00:00:00.000Z",1.9435562158590494,2.0403560046873737,1.9052247328007634,1.9270442107751042,26890237.76,356122487.41,0.033519569917338315,0.05653291037989452,40.70786434,9756,499
"2022-08-05T00:00:00.000Z",1.9259932570537242,2.0929494255805867,1.9211995265602837,2.0919874301093233,32001297.04,386604398.11,0.035087566685133006,0.058873473617665616,40.40173863,9795,500
"2022-08-06T00:00:00.000Z",2.092186485030712,2.1540405797552675,2.053452837676828,2.0646714114696834,24286304.74,381556331,0.03506440828760482,0.05876905643213604,40.33525393,9809,500
"2022-08-07T00:00:00.000Z",2.066241684441906,2.1586119330485665,2.0549076371839967,2.12714571437974,18783748.49,393101735.11,0.03582198236269507,0.060077352349775855,40.37356681,9828,500
"2022-08-08T00:00:00.000Z",2.126769842676172,2.423547930697205,2.121819718420739,2.2739836085498095,49122638.91,420237737.4,0.03736395892018078,0.06276452945809681,40.46962633,9871,499
"2022-08-09T00:00:00.000Z",2.271198283362329,2.2889385258150607,2.0428116178758757,2.1124423119864315,35363198.09,390384510.36,0.0356508937357454,0.059856686472040524,40.43958021,9918,502
"2022-08-10T00:00:00.000Z",2.1124333941207682,2.3582727630793143,2.0513783397911576,2.275376602896021,44497224.1,420495166.17,0.036876867052116444,0.061617541289058754,40.15199847,9913,507
"2022-08-11T00:00:00.000Z",2.2756383363587482,2.335873852812759,2.1064209305773436,2.125637206786388,39008519.85,392822959.22,0.03437633208738536,0.05737376958526696,40.08353933,9946,507
"2022-08-12T00:00:00.000Z",2.1258947730754048,2.197108064797226,2.0812849036755843,2.1925978661550176,25137277.52,405197452.98,0.034719684739561066,0.05784559021951254,39.97868358,9975,507
"2022-08-13T00:00:00.000Z",2.192802357267054,2.2400389018757707,2.1447295237219834,2.1658467006407953,22773205.4,400253772.11,0.034180029697321576,0.056857338347942946,39.88457657,9981,508
"2022-08-14T00:00:00.000Z",2.165939399463818,2.2139201533196586,2.0462201266169147,2.0575474375425955,24382089.17,380239803.18,0.03271812775518676,0.05454172926112389,40.01266883,9983,508
"2022-08-15T00:00:00.000Z",2.0581716924752818,2.129244202380068,1.9833254780436846,2.02234954123684,21580838.5,373735145.78,0.03250813463255216,0.054305382104475775,40.13828211,9995,508
"2022-08-16T00:00:00.000Z",2.0212401680303747,2.0304640539996597,1.9254717718648404,1.9431398433071345,16352804.94,359096999.71,0.03146434787339525,0.05245582262109102,40.01743505,9838,508
"2022-08-17T00:00:00.000Z",1.9415430149413944,2.0080405465098523,1.7796249792491634,1.7815239712463113,28663204.65,329229990.93,0.029540620704004338,0.04927357683462588,40.04774445,9637,509
"2022-08-18T00:00:00.000Z",1.7820767631034882,1.8530644343542793,1.640753360430766,1.6423651157949906,20661133.65,303513093.79,0.02747979834911896,0.045949056751800235,40.19507626,9646,510
"2022-08-19T00:00:00.000Z",1.6460819433318654,1.6643760761680646,1.5758444192026737,1.5951064629201923,27678169.38,294779579.05,0.029301662549983492,0.048583181962309034,39.68764217,9661,512
"2022-08-20T00:00:00.000Z",1.5947751650736084,1.7263614360831356,1.5930300405453444,1.672351611696388,20302241.7,330534981.83,0.03279534685124479,0.05480802946460901,40.16324401,9669,512
"2022-08-21T00:00:00.000Z",1.6708428674299158,1.7177277132381672,1.6453739107365888,1.678470570108703,10569399.57,331845823.94,0.03225277465798733,0.053782934232603406,40.03158229,9664,512
"2022-08-22T00:00:00.000Z",1.6779106332793816,1.6878247343601602,1.5985096894390456,1.6475801520988773,10160213.53,325738563.92,0.03178374128244224,0.05292271818576711,39.94310502,9663,518
"2022-08-23T00:00:00.000Z",1.6475761086522291,1.6840478343785985,1.611375791499824,1.6743729170917805,10431964.63,331237355.04,0.03197354842321962,0.05306968856749125,39.75176926,9643,517
"2022-08-24T00:00:00.000Z",1.674190772836269,1.7228347094692427,1.6467726766558544,1.6747721118848273,11305328.41,331417342.19,0.03215340378479569,0.05333181005357657,39.71064595,9639,520
"2022-08-25T00:00:00.000Z",1.6747206395297862,1.7161503930147493,1.6714221123127764,1.6900352374622643,8555699.39,334437731.94,0.03205912305650099,0.05308798351025457,39.61133775,9637,522
"2022-08-26T00:00:00.000Z",1.6893945077571486,1.7098034913556794,1.541645710222283,1.553592198513133,15396115.17,307590688.41,0.03159019834161697,0.05248714401531407,39.8134554,9638,523
"2022-08-27T00:00:00.000Z",1.5533670019464862,1.6035949937509573,1.5419416838280284,1.5896058409449507,9424541.55,314817057.76,0.03252879513274164,0.05387579035691071,39.62261172,9630,523
"2022-08-28T00:00:00.000Z",1.5892410792439609,1.6461337173016977,1.5485299483251327,1.5485299483251327,13793139.72,306682090.38,0.03244287062119961,0.05380884209630667,39.7071757,9627,523
"2022-08-29T00:00:00.000Z",1.5497868481494546,1.6923759294771374,1.544156927476563,1.6832079673707447,15814360.58,333354701.04,0.03380636406533143,0.05577824154407757,39.39148469,9624,522
"2022-08-30T00:00:00.000Z",1.6832541369168748,1.6849378539450912,1.580327461865352,1.6005965219042704,12871547.9,316993731.84,0.03274704948426485,0.053807111342713494,39.13992283,9618,523
"2022-08-31T00:00:00.000Z",1.6003399652303163,1.6426736007925389,1.571090610530298,1.5885943817759125,9768403.29,314616741.05,0.032187133482204415,0.05298861285454351,39.25650862,9627,523
"2022-09-01T00:00:00.000Z",1.5885592553376349,1.59691838386279,1.5570751669649687,1.5936344321807712,8278144.34,315614909.15,0.03201604328153393,0.05254956167479292,39.07457596,9640,523
"2022-09-02T00:00:00.000Z",1.593197546525074,1.6068873131632373,1.5596372078526641,1.5624709952194353,11087800.84,309443076.31,0.031565839821199704,0.05173789424553248,38.9889359,9612,522
"2022-09-03T00:00:00.000Z",1.5622464893684445,1.5786331597309615,1.5512360777614889,1.5627948063153225,5962015.91,309507206.21,0.03170427884764557,0.05187568283652495,38.88412236,9606,526
"2022-09-04T00:00:00.000Z",1.563084359049754,1.5747453487341232,1.5358486398800515,1.5747453487341232,8671647.01,311873978.21,0.03164897523526257,0.051735896965478756,38.82588862,9605,527
"2022-09-05T00:00:00.000Z",1.5747453102522906,1.579000812432285,1.519100693363545,1.5454861852369615,8179346.35,306079281.48,0.0310075131372016,0.050358231625648966,38.42612789,9600,525
"2022-09-06T00:00:00.000Z",1.5460582795868774,1.574233222336679,1.4615186375524631,1.462948414648508,16724031.63,289732903.39,0.03062631994846807,0.04949238545967695,38.11912749,9610,527
"2022-09-07T00:00:00.000Z",1.4629558850652828,1.5130963049232085,1.43261069152457,1.499205410199388,9941470.83,296913501.48,0.03047080281887352,0.04906656658526618,37.89905237,9602,527
"2022-09-08T00:00:00.000Z",1.4986809304209026,1.5129545381846665,1.4636044227383875,1.4989320798460248,8616516.95,296859369.16,0.030206644394271252,0.04845051607349321,37.65464882,9600,529
"2022-09-09T00:00:00.000Z",1.5006865938787148,1.6119003631951394,1.4965951859039581,1.6119003631951394,15854999.98,319232426.47,0.030511204445963568,0.050112115900980074,39.11411662,9598,515
"2022-09-10T00:00:00.000Z",1.6131296678049019,1.6325972429775428,1.5582310691236119,1.6037337903489068,13543072.24,317615059.21,0.02989210727191628,0.04905813974217438,39.06799681,9597,515
"2022-09-11T00:00:00.000Z",1.6035266475338075,1.6830854411407787,1.576601546017363,1.6072648612936613,22528293.11,318314378.09,0.02999499566117398,0.04939699503313367,39.27769161,9593,515
"2022-09-12T00:00:00.000Z",1.6066595745735754,1.74391895806177,1.5899222254693055,1.6973491797820992,31058910.58,336155329.2,0.03152090568983294,0.05267561202733492,40.16034275,9578,511
"2022-09-13T00:00:00.000Z",1.698238770020014,1.7294835529331436,1.5377218314910497,1.555516820029401,25555783.79,308065821.07,0.03117758871286769,0.051212491056958735,39.12112442,9458,510
"2022-09-14T00:00:00.000Z",1.5463099148686903,1.5925021500802092,1.5439677317827816,1.5870736689500573,12329143.95,314315568.07,0.031422527080561806,0.05131022213709727,38.75971342,9457,511
"2022-09-15T00:00:00.000Z",1.5871613111994154,1.5922716433088253,1.515552690033671,1.5214491362174536,11819415.45,301318810.14,0.03139668707957918,0.05172547784339789,39.30131071,9453,511
"2022-09-16T00:00:00.000Z",1.5214459529617472,1.550579673714596,1.4700826314553195,1.4927325425161615,11268503.03,295631567.87,0.030807628197188016,0.050883464562887414,39.45453899,9448,509
"2022-09-17T00:00:00.000Z",1.4935120105084057,1.5377948988022176,1.4935120105084057,1.528051981411762,6076411.16,302626485.44,0.030928887121730225,0.05103749149332822,39.39967225,9444,509
"2022-09-18T00:00:00.000Z",1.5283864714431363,1.5432153323395932,1.4354435904463099,1.4716864497048274,9253490.03,291463447.16,0.03137606245485157,0.05230876573100046,40.01758211,9436,509
"2022-09-19T00:00:00.000Z",1.4716930820662135,1.4936552720694447,1.4287628433712822,1.4740668617493335,9237900.95,291934881.21,0.03089937507026241,0.051202611671919945,39.65273633,9438,509
"2022-09-20T00:00:00.000Z",1.4740031863856882,1.481783433996157,1.4236950780319138,1.4314263496034119,7471449.79,283490045.25,0.030767518980254097,0.050670542942798165,39.27927906,9455,510
"2022-09-21T00:00:00.000Z",1.4316147605865421,1.4710377209997227,1.3576293909082695,1.3879885991221366,16924492.1,274887318.43,0.030525940848590314,0.05042066959511007,39.4574862,9454,515
"2022-09-22T00:00:00.000Z",1.3866158018235066,1.4301823668047557,1.37649939500897,1.4177491489506011,7999373.05,280781313.34,0.029748926452709903,0.049107744007709696,39.42110953,9455,516
"2022-09-23T00:00:00.000Z",1.4185252291407229,1.4598094632989944,1.3717391695007595,1.4598094632989944,11387780.53,289111242.73,0.03063325666239874,0.05033602919337952,39.14248471,9461,521
"2022-09-24T00:00:00.000Z",1.4594860298035741,1.4718286235545117,1.4285204929571231,1.4458668126062846,9322498.48,286349939.17,0.030717842099897696,0.050299433679379606,38.93004383,9461,521
"2022-09-25T00:00:00.000Z",1.445838387593489,1.4619522501257505,1.3972714160115554,1.4094748936345018,6891155.54,279142619.87,0.030214645157638435,0.049537388201575654,39.00638234,9454,521
"2022-09-26T00:00:00.000Z",1.4101725324610175,1.4308058230803444,1.3852461179167341,1.4166615717785243,8491971.68,280565921.67,0.029888797814284027,0.04918914073883188,39.23699954,9464,522
"2022-09-27T00:00:00.000Z",1.4167444827645552,1.4618627532765827,1.3910667103838263,1.3961757418433096,13249751.69,276508759.49,0.029629522256603917,0.04875931207281951,39.23310031,9473,527
"2022-09-28T00:00:00.000Z",1.3958507417210693,1.407966083781641,1.36731132047214,1.3915949734675392,7935365.15,275601550.93,0.029273702631793377,0.04841891090734889,39.54076603,9486,526
"2022-09-29T00:00:00.000Z",1.3916751034030361,1.4077439646805514,1.376549753400761,1.4043541448930124,7065957.08,278128469.68,0.029364402838641418,0.04860557824192338,39.58635222,9485,526
"2022-09-30T00:00:00.000Z",1.404479302704331,1.428922265791858,1.382998182079247,1.3956807713953536,8193642.29,276410731.96,0.029353058354397468,0.04856546630334283,39.55981361,9493,526
"2022-10-01T00:00:00.000Z",1.395861458364463,1.3995862236085743,1.382152140611093,1.393622820348673,4827218.27,276003160.42,0.02950704541073293,0.048825763012259174,39.56664763,9490,526
"2022-10-02T00:00:00.000Z",1.393499627324883,1.4014309552534854,1.3679115331513783,1.3688368370227864,4272676.04,271094364.7,0.029426321692282917,0.04873860278257491,39.62419927,9480,525
"2022-10-03T00:00:00.000Z",1.368930574914287,1.3972747392422447,1.3512272546465123,1.3953006000164754,6696985.2,276335440.06,0.02927586030215995,0.04866773616103664,39.84544462,9482,527
"2022-10-04T00:00:00.000Z",1.3953545576737147,1.421731335499081,1.3920757626908262,1.4058363179917126,7895650.07,278422009.98,0.028730443688867475,0.048066314749730187,40.22748813,9474,527
"2022-10-05T00:00:00.000Z",1.4055993683339554,1.4729564079525603,1.3862966850728344,1.4521919744460787,11243496.2,287602620.04,0.029841724572136148,0.049828970177156755,40.11169714,9457,527
"2022-10-06T00:00:00.000Z",1.452360496457722,1.4802119786026156,1.4128375761754848,1.413788395632917,9179915.63,279996897.05,0.029278982474667026,0.0487978494534968,39.99944095,9463,527
"2022-10-07T00:00:00.000Z",1.4140133504486245,1.4314687419631895,1.4025319971643493,1.4078386428186782,5746071.66,278818564.9,0.029456137797956496,0.048757753476936776,39.5867617,9461,527
"2022-10-08T00:00:00.000Z",1.4080843744272242,1.412072222637076,1.3898267332861234,1.3934438568901655,4041712.46,275967717.2,0.02938068026115127,0.04866796831085503,39.63035384,9422,526
"2022-10-09T00:00:00.000Z",1.393486208683419,1.4050568987754413,1.3896741420336904,1.4026281663268365,3582889.02,277786644.38,0.029435463476330782,0.048660400279767896,39.50838196,9405,526
"2022-10-10T00:00:00.000Z",1.4025649231815234,1.4085656432336944,1.3652488775263067,1.3652488775263067,4637428.9,270383779.21,0.029242372269369588,0.04849321262406291,39.69800991,9405,524
"2022-10-11T00:00:00.000Z",1.36525713521345,1.36525713521345,1.3312399862313415,1.3384758858710017,6589762.58,265081461.97,0.028892657340058917,0.04800717310800302,39.81595776,9409,525
"2022-10-12T00:00:00.000Z",1.3387853147881275,1.350247631169971,1.336762175817509,1.3433310841814607,3586760.51,266043020.62,0.02886656361308134,0.04800161750379258,39.86335229,9413,526
"2022-10-13T00:00:00.000Z",1.3433340084394916,1.3461704026100259,1.2180776379136529,1.3132173356189583,13016920.94,260079075.67,0.028168826363072705,0.047154928006755525,40.26323959,9419,526
"2022-10-14T00:00:00.000Z",1.3133494284896932,1.3353447597536383,1.2700133026070672,1.2723475172613732,5602035.85,251984920.73,0.027411833038024698,0.04570858317699543,40.02913428,9424,525
"2022-10-15T00:00:00.000Z",1.2720661572561172,1.2948571738051866,1.2648841663519153,1.2875513891518962,4668552.08,254996005.68,0.027927408012762462,0.04658547562044003,40.05125494,9415,525
"2022-10-16T00:00:00.000Z",1.287751669355719,1.3746930772748198,1.2865255754598806,1.3436292934718825,7658131.49,266102080.14,0.028822108736782592,0.04805918020925337,40.02788102,9422,525
"2022-10-17T00:00:00.000Z",1.3437007286034703,1.3488629132020136,1.3073768567293496,1.3369313578506836,5892552.65,264775572.45,0.028274012079487553,0.047161676613662114,40.04875545,9437,526
"2022-10-18T00:00:00.000Z",1.3368712348758618,1.3498097687331028,1.2856376277651735,1.2999157313758005,5294439.54,257444729.59,0.02764904870682469,0.045966285891493555,39.84928699,9449,526
"2022-10-19T00:00:00.000Z",1.3022408834965806,1.3034600172410693,1.259161133030648,1.260678058269608,4098346.86,249673816.53,0.027195202361586707,0.04532003465813593,39.99297978,9452,527
"2022-10-20T00:00:00.000Z",1.260494872934233,1.2944073006123589,1.2512289349910408,1.258054573063822,4257294.61,249154242.51,0.02728151755313187,0.045486546036497905,40.02288604,9462,527
"2022-10-21T00:00:00.000Z",1.258051013535514,1.2674501188465428,1.2209383122475685,1.2591763701781373,4697235.36,249376411.34,0.027106360898867962,0.04516740949372864,39.98690383,9462,520
"2022-10-22T00:00:00.000Z",1.2592278225407956,1.2805021662017577,1.2537023145929869,1.2648403954757015,3137257.66,250498155.94,0.027125103876302063,0.04513763012922159,39.90578637,9456,520
"2022-10-23T00:00:00.000Z",1.2647858208092204,1.2880659581483798,1.2431574498440585,1.2831359857077251,4151982.69,254121547.19,0.026976961942881975,0.044855969077225416,39.8587022,9446,520
"2022-10-24T00:00:00.000Z",1.283281764639686,1.2852711026492218,1.251261706725993,1.2587093457007024,3975006.86,249283918.43,0.02677682076506369,0.044532281665571084,39.8709885,9453,518
"2022-10-25T00:00:00.000Z",1.2587811028686513,1.301249404928701,1.251960279583612,1.2869543168744966,6442609.15,254877757.16,0.02625827537969241,0.04357048349388595,39.73379849,9444,520
"2022-10-26T00:00:00.000Z",1.2868036813035921,1.315034003469628,1.2805740061798723,1.2837617524409444,7788302.1,254245478.57,0.02534096447236923,0.04205579635431662,39.74441892,9452,520
"2022-10-27T00:00:00.000Z",1.283771216788388,1.3116258476548586,1.2649609506973785,1.2668437663695902,6166758.2,250894918.03,0.025504550834649167,0.042206306006396764,39.57170563,9434,521
"2022-10-28T00:00:00.000Z",1.2666875470674368,1.2836362929403478,1.2476641733199683,1.2729523933329705,5438627.75,252104714.77,0.02512919918428844,0.04147558137589779,39.41206283,9425,521
"2022-10-29T00:00:00.000Z",1.2728545018590476,1.3225488453142793,1.2718497658529813,1.3031692682764837,7921882.73,258089083.61,0.025198062228090977,0.04131526972106772,39.01029232,9413,521
"2022-10-30T00:00:00.000Z",1.3032557519689105,1.3232399461278541,1.2788627984853576,1.2861080390944073,6996289.73,254710154.17,0.025075223711890002,0.04109778907527872,38.98644118,9406,521
"2022-10-31T00:00:00.000Z",1.2860681478639224,1.3993232949700098,1.2671915296156442,1.3993232949700098,18461271.68,277132123.72,0.027268540185778505,0.044494731666564785,38.71512612,9311,521
"2022-11-01T00:00:00.000Z",1.3982794973407464,1.3982794973407464,1.3139421597956458,1.315629783537763,9673311.59,260556854.34,0.025642997831964498,0.041829539854073325,38.69643816,9310,520
"2022-11-02T00:00:00.000Z",1.3155513370291716,1.3441197456507545,1.2698649347582858,1.2763816965622161,10771293.85,252783878.83,0.025426943727009346,0.04163413135809514,38.92764687,9310,522
"2022-11-03T00:00:00.000Z",1.2767656707918311,1.3240104327219078,1.2762340043461138,1.3181069530663299,8901241.71,261047450.94,0.02606672227139268,0.042552305965972634,38.74192789,9302,522
"2022-11-04T00:00:00.000Z",1.3181689159157264,1.4337161373789595,1.314336369905755,1.4211335804274798,15214904.34,281451590.67,0.026662109553899294,0.04332540109131503,38.46079002,9292,523
"2022-11-05T00:00:00.000Z",1.4180000516352058,1.4415479551915742,1.3859552228161358,1.3865814380274923,10806076.66,274608634.05,0.025976921986652222,0.04233798931251902,38.64394033,9280,523
"2022-11-06T00:00:00.000Z",1.386721598407953,1.393737188366005,1.3048165475942481,1.3102135700971227,9042268.93,259484188.18,0.02519592620183882,0.0413080194160393,39.0047585,9266,523
"2022-11-07T00:00:00.000Z",1.3100303573732068,1.3490753018115684,1.2979494954466502,1.3128917897983854,10026703.14,260014602.22,0.025386543490117843,0.04135786162167725,38.61736924,9263,522
"2022-11-08T00:00:00.000Z",1.312837933225047,1.3208974786310554,1.0962175305507424,1.184624575131093,24209059.84,234611633.7,0.025508309614657835,0.041611500662936514,38.69889524,9260,522
"2022-11-09T00:00:00.000Z",1.1841581235812146,1.1862656874265438,0.9320026744577667,0.9672579163912801,21243634.41,191562765.74,0.024147395016862996,0.039183441686477145,38.3734711,9271,522
"2022-11-10T00:00:00.000Z",0.9718195333281645,1.11380503670994,0.9657359974253377,1.069617591809826,15475374.01,211834817.48,0.02393599859518421,0.038705248219100735,38.15826097,9268,523
"2022-11-11T00:00:00.000Z",1.0695824528370554,1.0713861939313507,0.96467921745519,1.0073710458332148,9446155.25,199507060.52,0.023103976541137765,0.0372091387254103,37.90779004,9269,524
"2022-11-12T00:00:00.000Z",1.0095925470775224,1.0157339783088053,0.963802927169868,0.9682088922303045,4940091.88,191751103.89,0.022688283389072063,0.036694419890047236,38.16966324,9266,524
"2022-11-13T00:00:00.000Z",0.968206312004329,0.9777585345873251,0.8869881286605938,0.8962694497124094,7976419.22,177503695.48,0.02150834185057539,0.03472970543909325,38.06932256,9259,524
"2022-11-14T00:00:00.000Z",0.8972357049573543,0.9332883527904925,0.8299733105220127,0.9052122677871969,12013127.17,179274795.96,0.021417091829990326,0.0346174074451209,38.13201678,9255,525
"2022-11-15T00:00:00.000Z",0.9057651763541616,0.9274783911591483,0.8907447764991313,0.8966596996713031,5857357.46,177580983.41,0.020985464713091474,0.03401723889891644,38.30932377,9267,524
"2022-11-16T00:00:00.000Z",0.9005069549609941,0.90850998297224,0.8679658235731539,0.8753173123445663,4903819.64,173354182.39,0.020799452946340856,0.03377288119942027,38.41374438,9248,524
"2022-11-17T00:00:00.000Z",0.8753449070875982,0.9112318572107357,0.8658678244910617,0.8933042612787819,5525120.07,176916448.08,0.021313941452843935,0.03472471772412822,38.62026001,9242,524
"2022-11-18T00:00:00.000Z",0.8931961979069903,0.9066408896908021,0.8706619464429038,0.8897389056048169,3978707.57,187492500.7,0.022484538988385077,0.03653914764661686,38.46452247,9233,524
"2022-11-19T00:00:00.000Z",0.8895681083384318,0.8998655653875111,0.8866834346149558,0.8935778976849461,2809529.49,188301482.1,0.022536289520573925,0.036602720239394725,38.43001456,9186,524
"2022-11-20T00:00:00.000Z",0.8935404641965423,0.902376486440844,0.8352441429205895,0.842078219275809,4303764.01,177449080.98,0.02198607313408475,0.03592060423398257,38.79258547,9177,524
"2022-11-21T00:00:00.000Z",0.8429066183698058,0.8544760748077431,0.802061684300519,0.8167573468024427,5991810.5,172266016.24,0.02185912980166673,0.03553466919390211,38.48506178,9187,519
"2022-11-22T00:00:00.000Z",0.8152594345197093,0.8322594849170548,0.7931808147066702,0.8296968106012267,4060695.7,175002478.55,0.02170493080313743,0.03533267672268568,38.56980898,9194,523
"2022-11-23T00:00:00.000Z",0.8299230353167059,0.8594590941277096,0.823247504441574,0.8572472491836535,4618579.61,180903370.78,0.02172344527897358,0.03522159904246903,38.32351208,9181,528
"2022-11-24T00:00:00.000Z",0.8575946878843822,0.9175827915477917,0.8575946878843822,0.8798702795260694,5741154.96,185730282.09,0.02222270294293762,0.03593535302904042,38.15921907,9162,528
"2022-11-25T00:00:00.000Z",0.8797946534751071,0.879905167958547,0.8475582397881654,0.8709356008593816,3496560.79,183844276.36,0.022061208218002733,0.035641542924212864,38.10254437,9165,529
"2022-11-26T00:00:00.000Z",0.8709242451360794,0.8863457777090179,0.8522347190886241,0.8551159172843733,3315175.07,180504926.96,0.02161098203036393,0.03479263738715421,37.88633558,9161,529
"2022-11-27T00:00:00.000Z",0.8551253343984031,1.0775186563289831,0.8551181981999575,0.9464649205932069,36352440.98,199787628.68,0.023948836184170697,0.038557786703614136,37.88845722,9145,529
"2022-11-28T00:00:00.000Z",0.9463437243816446,0.9674219916158955,0.9051602486235337,0.9156919964490721,8923057.8,193291825.81,0.02356843513435669,0.03801881041366689,38.00848875,9141,528
"2022-11-29T00:00:00.000Z",0.9150093609459821,0.9529920573568478,0.9074468086093043,0.9180992605065805,4963132.43,194051869.17,0.023276171721984706,0.03749207157098923,37.91708287,9131,529
"2022-11-30T00:00:00.000Z",0.9182597722056126,0.9587228377823742,0.9173268558495972,0.9552486881469017,5752957.56,201969469.67,0.02333526293716572,0.03772436834732333,38.14273384,9123,530
"2022-12-01T00:00:00.000Z",0.9553041759986934,1.0551178548014588,0.9363538125046753,1.0045712745319373,12869798.43,212457786.97,0.024888328489571898,0.040274269524870177,38.20290527,8976,528
"2022-12-02T00:00:00.000Z",1.0049817825191774,1.0443239822480046,0.9985728695844118,1.0203711433539693,6544063.95,215799317.08,0.025040430815641203,0.0404599718446285,38.11060741,8981,528
"2022-12-03T00:00:00.000Z",1.0207942314301748,1.0365020445291346,1.016972609679437,1.0202750948892707,3884016.9,215779003.69,0.025452638770072214,0.041285347228485814,38.34946179,8978,528
"2022-12-04T00:00:00.000Z",1.020358162142745,1.125784591883306,1.0182714459924718,1.0978407930872454,13805215.5,232183451.05,0.02699412379959008,0.04374674118026669,38.29454933,8975,528
"2022-12-05T00:00:00.000Z",1.0979043540701654,1.126207339375686,1.0450840514824369,1.0457505073548463,8299904.54,221166824.24,0.025938669726245336,0.04202195018052604,38.27352225,8975,528
"2022-12-06T00:00:00.000Z",1.0458023091526771,1.0712118065414251,1.044646233501088,1.0498510208242493,4126462.02,222034045.95,0.02589988469286022,0.04199414036024781,38.32500327,8983,528
"2022-12-07T00:00:00.000Z",1.0503189895070872,1.0635058090615086,0.9780656437685713,0.9906516762079908,4739781.21,209513917.15,0.024903602797110982,0.040498274890630834,38.50700341,8986,529
"2022-12-08T00:00:00.000Z",0.9906807590150092,1.059396030698646,0.9734043305497023,1.037490196790751,6501002.7,219419842.87,0.02552160367449242,0.041534639458530156,38.55344838,8976,529
"2022-12-09T00:00:00.000Z",1.03738596227731,1.062579915070492,1.0112724086119838,1.0195483687846247,4648507.5,216132709.97,0.025325471820303553,0.04125145268223926,38.60707885,8977,530
"2022-12-10T00:00:00.000Z",1.0194839118821424,1.020925575691014,0.9986974774438094,1.0023868969389047,2635872.64,212523382.06,0.02488475935478127,0.04050411782908828,38.5623964,8970,530
"2022-12-11T00:00:00.000Z",1.0025256124942599,1.0258914204790779,0.989665863379403,0.9907116126066149,3285035.8,210107458.18,0.024706665247283835,0.040291993546041086,38.68095601,8958,530
"2022-12-12T00:00:00.000Z",0.9906201812820279,1.0030870079149385,0.9645565072189896,1.0002977560135182,3393941.74,212200724.04,0.024920043679987583,0.040762253879844924,38.86490243,8961,529
"2022-12-13T00:00:00.000Z",1.000175781535832,1.0562748594434628,0.9999429091654535,1.027219558355397,7952861.17,217999538.24,0.025079022254053045,0.041341765567884804,39.33732169,8988,531
"2022-12-14T00:00:00.000Z",1.0271635393239755,1.0424424532680852,1.014109983141789,1.0141825725784512,4268218.88,215293427.72,0.024838699515573614,0.04108180390268093,39.53844,8996,530
"2022-12-15T00:00:00.000Z",1.0143001869516595,1.0264742808584233,0.9711601435830199,0.972937312510922,4237713.78,206596164.38,0.024411391388152483,0.04032194399123617,39.45879347,8996,534
"2022-12-16T00:00:00.000Z",0.9728514339794678,0.9952258684351454,0.8956292236736094,0.903468452250658,4559801.85,191899311.04,0.023979743410512497,0.039967266650000124,40.00154271,8996,534
"2022-12-17T00:00:00.000Z",0.9029330630436684,0.9307176348634814,0.8933531555406726,0.921316841864429,4263661.52,195745597.62,0.024142542743640496,0.04014281527209329,39.85837172,8995,534
"2022-12-18T00:00:00.000Z",0.921537744231113,0.9323530307425064,0.9025401517209946,0.9137307816893241,2379356.95,194188869.91,0.023955940630304023,0.03978308375231363,39.78360054,8988,534
"2022-12-19T00:00:00.000Z",0.9138141201641062,0.9293180884139148,0.8807712881139977,0.888728124572475,3029102.24,188928640.52,0.023845037196365555,0.03968381746809241,39.9124411,8995,532
"2022-12-20T00:00:00.000Z",0.8887128054455274,0.9637357486723466,0.8860723259368184,0.9278672074192378,5001856.85,197290437.68,0.024218130717509053,0.04031255417068866,39.92409755,8987,532
"2022-12-21T00:00:00.000Z",0.9279711291924762,0.9288493809001034,0.8997669666243702,0.9077995550647823,2180334.17,193077696.3,0.023854061278250436,0.03973631606832619,39.96911733,8983,532
"2022-12-22T00:00:00.000Z",0.9079516123279116,0.9249202375247425,0.8969298874583471,0.9224242802610405,2382257.91,196240498.05,0.024192497525359544,0.040265705783548884,39.91786049,8984,533
"2022-12-23T00:00:00.000Z",0.9223627838343487,0.9370184838340812,0.9117328990867257,0.9179678895690496,2275644.18,195352481.47,0.02409827721885727,0.040076389769180536,39.86914151,8977,533
"2022-12-24T00:00:00.000Z",0.9179845935952335,0.9212605977890406,0.9095908124123779,0.9128836261471435,1484111.64,194323625.3,0.023947383919361725,0.039881712799678504,39.95397329,8963,533
"2022-12-25T00:00:00.000Z",0.9128550702807786,0.9139323289296962,0.8934800849350628,0.9068055270521661,1609186.78,193083953.51,0.023836355951764237,0.0397320663439326,40.00725825,8946,533
"2022-12-26T00:00:00.000Z",0.906955333299332,0.9086432179367765,0.8968972490100791,0.9051672253933726,1725288.92,192789532.58,0.023660842514121275,0.03940249889086957,39.95090875,8945,533
"2022-12-27T00:00:00.000Z",0.9052787757776706,0.9081823902990896,0.8915450042719075,0.8985535241297291,1757518.18,191434693.05,0.02371096875783852,0.03941721105143806,39.84615318,8937,534
"2022-12-28T00:00:00.000Z",0.8987516485577451,0.9026647967529944,0.8712470700130222,0.8749795808447357,2427737.59,186464833.72,0.02344806244614486,0.039115192348265417,40.05382298,8910,534
"2022-12-29T00:00:00.000Z",0.875099873487921,0.8780023010642564,0.8607747784675776,0.8680909926604504,2168484.38,185048805.35,0.023180837278520543,0.038713251286017616,40.12169862,8898,534
"2022-12-30T00:00:00.000Z",0.8678765223979893,0.8846881307192199,0.8629294837200423,0.8803747822300592,2425935.45,187719976.72,0.02357635750085048,0.03938273231522559,40.13529251,8893,534
"2022-12-31T00:00:00.000Z",0.8804043382794761,0.8863370401374182,0.8660371339072598,0.8720318359458227,1633323.6,185993109.71,0.023378434842439063,0.038987771980237576,40.03649438,8882,534
"2023-01-01T00:00:00.000Z",0.8720315363951328,0.8754008384143755,0.8632054779828833,0.8732573776931842,1591083.3,188053221.22,0.023552414338168938,0.039305345037604224,40.07834223,8870,534
"2023-01-02T00:00:00.000Z",0.8731804339212126,0.8908110283609295,0.858110495659535,0.8836280424212162,2737840.13,190339317.42,0.023615366069525686,0.03926831070944827,39.86151774,8859,534
"2023-01-03T00:00:00.000Z",0.883697494685504,0.887332398868072,0.8683276159651334,0.871797420536703,1834311.11,187843166.61,0.02330418404130321,0.038735887869023496,39.83826027,8857,535
"2023-01-04T00:00:00.000Z",0.8718881559435836,0.9013273406459618,0.8717702597736049,0.9002607460702565,3243096.66,194030307.07,0.023620240834074952,0.03906040015135049,39.52893277,8859,536
"2023-01-05T00:00:00.000Z",0.9001009915645419,0.9046808308268564,0.8871901392011724,0.8915198563816259,1810177.69,192200057.28,0.023514967014647208,0.038970211440395454,39.65912387,8862,537
"2023-01-06T00:00:00.000Z",0.8923795072438582,0.9432327157024752,0.8774485592255504,0.9432019114308323,3990531.19,203398498.36,0.024655696096181942,0.040800934227539054,39.57075601,8868,534
"2023-01-07T00:00:00.000Z",0.943283995724612,0.9624526618649594,0.919098907319627,0.9222411228870866,3859241.3,198933694.15,0.024130108435402187,0.03994849590312103,39.5969538,8869,534
"2023-01-08T00:00:00.000Z",0.9220078558932716,0.9484416982960732,0.9155188848539594,0.9467226188125396,2830906.89,204271194.24,0.024418596046615875,0.04023163627822466,39.30498904,8867,534
"2023-01-09T00:00:00.000Z",0.9466658978077657,1.0001878335332581,0.9421432275883267,0.9610360445208539,5216360.94,207416966.94,0.024453550894374836,0.04011814379257168,39.04615572,8866,535
"2023-01-10T00:00:00.000Z",0.9610517624164084,0.9745461291454104,0.9473335817518282,0.9576493146509346,3496463.6,206743587.19,0.024091919877622818,0.039592918169815076,39.1509366,8876,535
"2023-01-11T00:00:00.000Z",0.9576237516758876,0.9661401706357043,0.9283349793265476,0.9661401706357043,4298394.46,208634745,0.023707332860549726,0.03901803792952429,39.24006916,8873,535
"2023-01-12T00:00:00.000Z",0.9660137445845608,0.9870749244359264,0.9382846494924416,0.9863303295369767,7127741.27,213054052.88,0.023502455085450482,0.039233604488286,40.09611048,8880,535
"2023-01-13T00:00:00.000Z",0.9860043410843118,1.0549796978184052,0.9743007279854665,1.0491285458358917,8663753.65,226681655.99,0.024136334525377147,0.040783206402296816,40.81795755,8879,536
"2023-01-14T00:00:00.000Z",1.0491018144349857,1.1321187517620324,1.023047336363773,1.130470489239352,13591469,244324655.72,0.024789162112616475,0.04202807122006734,41.01760706,8880,536
"2023-01-15T00:00:00.000Z",1.1313124081119643,1.1443415696001444,1.0554506167147102,1.0945547985692374,10206439.97,236627711.21,0.02408370044131041,0.04077214001200956,40.9309876,8872,536
"2023-01-16T00:00:00.000Z",1.0946444080681823,1.1391660437908648,1.0835987374397,1.1088183998160241,8009728.82,239777684.16,0.024213925898390342,0.0411638059726417,41.17665914,8877,536
"2023-01-17T00:00:00.000Z",1.1088138904176639,1.1433563784703284,1.086503504485027,1.1103828057071914,7437571.55,240180549.7,0.024308190277139624,0.041390688210583795,41.27135516,8877,536
"2023-01-18T00:00:00.000Z",1.110468759955095,1.1276348771919986,0.9820989774418004,0.9993495001024332,10880916,216210064.76,0.022490788557316448,0.038420012755492006,41.46074677,8866,536
"2023-01-19T00:00:00.000Z",0.9994531296739207,1.0349538446704716,0.9975758052847232,1.0268822623284524,5219510.09,222227849.1,0.022655845303770294,0.038675874268783494,41.42124585,8875,536
"2023-01-20T00:00:00.000Z",1.0273059038274488,1.1496090655034152,1.0036429176411656,1.141549926828602,10963661.48,247110714.25,0.023714368865524606,0.040832662694053674,41.92304077,8879,536
"2023-01-21T00:00:00.000Z",1.1421195940014914,1.2106600900654299,1.1241835905952822,1.1264232842747237,13517009.98,243905597.43,0.023519983337554277,0.04078377002154104,42.33004128,8876,536
"2023-01-22T00:00:00.000Z",1.1260791763099713,1.270013965608688,1.1195375424428775,1.270013965608688,18163241.23,275073149.41,0.026447336365168394,0.04567732925036609,42.09964374,8872,536
"2023-01-23T00:00:00.000Z",1.273456962062157,1.3222033992730753,1.2243185174517077,1.283783415670696,18440714.3,278129499.39,0.02650160831187265,0.045793569904279276,42.12810146,8868,537
"2023-01-24T00:00:00.000Z",1.2837125483291354,1.302536743791746,1.1637790784263593,1.1810461621810673,11370708.86,255941886.46,0.024997980323785828,0.0435526996570832,42.60291435,8873,537
"2023-01-25T00:00:00.000Z",1.1812233334664528,1.2795201918953614,1.1510073049448057,1.2495447983690748,12723796.02,270860669.85,0.02576923110048018,0.04474051048248248,42.40291221,8874,537
"2023-01-26T00:00:00.000Z",1.2492345971763257,1.2719717657583718,1.2101558627229938,1.234337315401581,8161322.23,267638100.04,0.025506176500430897,0.044205108268783544,42.30038677,8870,537
"2023-01-27T00:00:00.000Z",1.2340340900398965,1.2775185511631832,1.1932195528680902,1.2595133003595689,10389245.02,273172133.8,0.025891101325660134,0.04475630643950571,42.15094277,8875,537
"2023-01-28T00:00:00.000Z",1.259443229630071,1.399598517166437,1.2488333083802416,1.329351126339189,21301544.31,288398552.32,0.027504427652279267,0.047691555063438716,42.32851578,8875,537
"2023-01-29T00:00:00.000Z",1.329119048096329,1.3816084774643895,1.3076560958143684,1.3438697576608492,11827135.96,291628419.73,0.026965047429357975,0.04680346964360033,42.38664861,8869,537
"2023-01-30T00:00:00.000Z",1.3439159607929538,1.3525551505470805,1.1872256452635777,1.2132216020602458,12193737.53,263349195,0.02537074093548579,0.04405421307550254,42.41018244,8874,538
"2023-01-31T00:00:00.000Z",1.2136376724394973,1.2324708822717612,1.1950211411431755,1.2039547436615199,8374104.33,261409391.95,0.02483300569291777,0.04310060034919172,42.38361997,8886,539
"2023-02-01T00:00:00.000Z",1.2040055639556675,1.2779388658771276,1.1426691571562904,1.2699074788321811,13394290.65,278344879.65,0.025790023201699524,0.04475112029685066,42.37010598,8891,539
"2023-02-02T00:00:00.000Z",1.2696762349176909,1.3219081082763355,1.2290735728100461,1.23414950913903,11077197.01,270580855.16,0.025166519977952825,0.04346403338239054,42.09805667,8899,538
"2023-02-03T00:00:00.000Z",1.2341470451041008,1.2490257731627963,1.2146701609389212,1.238236009873608,9334715.67,271550660.33,0.02502392228102362,0.04289717542519265,41.66533803,8902,537
"2023-02-04T00:00:00.000Z",1.2382169645440244,1.275853557691895,1.2252276075185973,1.248833679717937,7485690.49,273949295.45,0.025282092371233373,0.04322524311649345,41.5108151,8903,537
"2023-02-05T00:00:00.000Z",1.2490478336578152,1.255603951330599,1.1627344394560415,1.1785332751451383,9879896.7,258598257.78,0.024257823278069364,0.041486074126641945,41.52779267,8912,537
"2023-02-06T00:00:00.000Z",1.178428634034165,1.2196388618478622,1.1555911777127144,1.165008971820056,9200072.93,255700100.85,0.024219844847811162,0.041453054479083824,41.57283425,8918,541
"2023-02-07T00:00:00.000Z",1.1647414333741435,1.2527254019864205,1.1624687591151053,1.2506380757364144,13958076.13,274568969.5,0.025247762959472057,0.042981646278104885,41.25919981,8939,546
"2023-02-08T00:00:00.000Z",1.2505435020453148,1.2629259379545172,1.1908983310632897,1.204205192750766,15699821.6,264446706.9,0.024648690793073556,0.041946899314870355,41.23834849,8945,547
"2023-02-09T00:00:00.000Z",1.2045785708308807,1.2128006030787517,1.0658811905358374,1.0716404560179345,14753278.46,235399211.45,0.023192439517985036,0.039622498550087405,41.46648907,8948,546
"2023-02-10T00:00:00.000Z",1.0716626514190664,1.0982707024202367,1.0479907540535836,1.0647948474192304,8653064.65,233959047.2,0.023188074402610732,0.039563382914623774,41.39006148,8947,546
"2023-02-11T00:00:00.000Z",1.064809521608838,1.1160992369711071,1.059985974772626,1.1155843070674019,5529381.62,245185300.86,0.024011976382323347,0.040916873505634284,41.315222,8950,546
"2023-02-12T00:00:00.000Z",1.1155419894044054,1.1380845842210765,1.0644823955438663,1.0746005801162037,7048181.73,236241917.44,0.023313694068252625,0.039821076547904836,41.453883,8949,546
"2023-02-13T00:00:00.000Z",1.0743933566676518,1.078744868369651,1.0143492484307004,1.047888179812976,12220843.89,230431927.3,0.022883102950854415,0.039312014267836405,41.79106979,8955,548
"2023-02-14T00:00:00.000Z",1.0470882684493457,1.0777602137718827,1.031682874527905,1.0674911445975217,8846136.16,234806320.05,0.02279255368968738,0.03903630509509284,41.61190811,8954,548
"2023-02-15T00:00:00.000Z",1.0675536593576491,1.1647676733353294,1.0655993792495597,1.1590777399081642,12950342.8,255021049.27,0.02310388496321453,0.04016536798074743,42.47809463,8965,547
"2023-02-16T00:00:00.000Z",1.159203794440504,1.1833625167317627,1.0877816716053326,1.089810110966345,14896336.44,239845881.97,0.022354374188225667,0.03885051549912326,42.46054679,8968,547
"2023-02-17T00:00:00.000Z",1.0896345220393415,1.1689425634852917,1.0822936726513874,1.1509208094999568,11942403.99,253363851.19,0.022733688329278315,0.03955688968023856,42.5291308,8972,547
"2023-02-18T00:00:00.000Z",1.150809658863707,1.2105501942425982,1.1492622528674359,1.1935665536290827,12177410.91,262823087.25,0.023525174451630305,0.04095605405705819,42.55995849,8971,547
"2023-02-19T00:00:00.000Z",1.1934668639872636,1.3758803051069668,1.1843416595623852,1.241394257953546,32803489.67,273428786.55,0.024638539166640525,0.04272803797887616,42.33636663,8976,547
"2023-02-20T00:00:00.000Z",1.2425753535650306,1.3135008969139526,1.2215884779287227,1.2650296343255383,17160957.85,278710134.33,0.024702738487980536,0.042920159478241585,42.44490517,8981,546
"2023-02-21T00:00:00.000Z",1.2653264923648024,1.2853294307506655,1.169189754621786,1.1932071469211132,16497443.62,262957496.04,0.023744162339121994,0.0413461861654487,42.57230342,9005,547
"2023-02-22T00:00:00.000Z",1.19327936474734,1.2707175665040462,1.1550731156057878,1.2500058864467511,22145715.9,275549036.94,0.025039022627332593,0.04348845607353257,42.42374899,9018,552
"2023-02-23T00:00:00.000Z",1.2500683586561083,1.2660132219836582,1.1883682703335392,1.2055849648870427,11773366.29,265829230.36,0.024293896321376532,0.042057758832536235,42.23682622,9019,551
"2023-02-24T00:00:00.000Z",1.2057611005200326,1.2128072144633375,1.1214568580806326,1.1373229966657201,8409155.23,250845365.42,0.023591249879754222,0.040756917918295596,42.11718873,9020,553
"2023-02-25T00:00:00.000Z",1.1373631712821761,1.1401996025965888,1.0746261414820364,1.1086108393702572,6195061.81,244578897.79,0.023108024675594953,0.040020260543759706,42.25918482,9017,553
"2023-02-26T00:00:00.000Z",1.1086048138065219,1.144755975864124,1.1037288984380005,1.129691952741724,4989923.74,249297075.98,0.023127425783215715,0.03999724181014642,42.1774484,9012,553
"2023-02-27T00:00:00.000Z",1.1296734304928655,1.1426893808835752,1.097434539556621,1.1186321209454486,6148360.99,246923128.75,0.0230062473405188,0.03987903934249363,42.30992592,9015,553
"2023-02-28T00:00:00.000Z",1.1185958884574674,1.134453245848275,1.0814863771534389,1.082313223323918,6750327.55,238970647.16,0.022617022257689193,0.039197052927047484,42.29917668,9007,552
"2023-03-01T00:00:00.000Z",1.082665976650625,1.1257350552010674,1.0789900637380865,1.117262583831197,6995918.88,248988448.69,0.0230295715965576,0.03985992560556283,42.22374667,9003,552
"2023-03-02T00:00:00.000Z",1.117430910096069,1.1175387511710502,1.0796611371624354,1.108737331605221,5473143.03,247154560.72,0.02309432827281284,0.040060706563499984,42.35167012,9004,555
"2023-03-03T00:00:00.000Z",1.1090300254939023,1.1114329925944861,1.0256934470648058,1.041773969287766,7574039.23,232289384.14,0.022597390910566464,0.038959895338440444,41.99832747,9015,557
"2023-03-04T00:00:00.000Z",1.0417452461755494,1.0547874332359009,1.010391936132639,1.034006005537705,4167321.41,230571823.16,0.022547504123293895,0.039009884027594165,42.20053536,9014,557
"2023-03-05T00:00:00.000Z",1.0340263331821469,1.0678276583318984,1.0227340127497697,1.0273462498195147,4899856.36,229147496.81,0.022354748268355856,0.038722399675423895,42.26920734,9021,557
"2023-03-06T00:00:00.000Z",1.027510433422486,1.048384701297663,1.0113399778169225,1.041839148964195,4930098.52,232442118.02,0.0226877249963633,0.039302328640551436,42.2738403,9033,557
"2023-03-07T00:00:00.000Z",1.0416813037316686,1.0758035334306946,1.0186718858868145,1.0334278358642528,8148726.06,230626915.01,0.022666365775231137,0.039194949402334874,42.17018743,9047,563
"2023-03-08T00:00:00.000Z",1.033376733941511,1.03673632200432,0.9575553068180988,0.9634624564277753,5504939.78,215070320.57,0.021627151825547048,0.0374062429813054,42.18304192,9068,564
"2023-03-09T00:00:00.000Z",0.9635863326497399,0.9886323525589369,0.9144314860319647,0.9336499016770606,7060379.09,208471054.42,0.02208019478788489,0.03784539928452715,41.65685868,9068,566
"2023-03-10T00:00:00.000Z",0.9336652766566701,0.9413717685680725,0.8822267513845704,0.9373485008418541,7469746.47,209352594.27,0.02226719959210889,0.03803613522420803,41.45777572,9073,567
"2023-03-11T00:00:00.000Z",0.9372490297589979,0.9633645569353334,0.8897094681808586,0.9218888864025172,5375250.97,205954647.58,0.021620672386200995,0.037189541654327925,41.86356856,9070,568
"2023-03-12T00:00:00.000Z",0.9216205772959778,0.9895561374724303,0.9036181240927436,0.9895082186182986,5463924.31,221119860.89,0.021802941954158682,0.037752906360257306,42.24830866,9068,568
"2023-03-13T00:00:00.000Z",0.9893015307924614,1.0466443125097786,0.9643014710256641,1.0232513279413735,9330148.6,228721189.72,0.021297730206231193,0.037680785754523084,43.47854011,9088,569
"2023-03-14T00:00:00.000Z",1.0232501235922211,1.0944185242126991,0.9920511397860569,1.0369883224224885,10860817.97,231853436.59,0.021199455933033413,0.03769198059424197,43.75605739,9036,569
"2023-03-15T00:00:00.000Z",1.0369812455354264,1.058165206315721,0.9676878927967055,0.983165637097037,7071448.6,219878273.33,0.020662963268549207,0.037046948320718004,44.22492484,9052,570
"2023-03-16T00:00:00.000Z",0.9836141601662777,1.0036184218523856,0.9705656596685165,0.9902746948912178,5211503.25,221508726.41,0.020349785377814344,0.03663734973515061,44.45617512,9068,570
"2023-03-17T00:00:00.000Z",0.9898659093653327,1.0514104752671918,0.9852192073190231,1.0507924127805526,6485088.35,235045579.04,0.020176076186416276,0.03696757262204547,45.42223155,9063,572
"2023-03-18T00:00:00.000Z",1.0509432838234372,1.0999253977845327,1.0287137803084334,1.0303202518615502,9142213.56,230466281.69,0.02013893438683883,0.03693261826186913,45.47114357,9057,572
"2023-03-19T00:00:00.000Z",1.030357744040373,1.088947389031947,1.02898449164176,1.0631237052135634,6235981.2,238002671.31,0.020252393753577257,0.03755858547448445,46.0778581,9059,572
"2023-03-20T00:00:00.000Z",1.0630575641732336,1.065447304640969,1.0003784697194371,1.0010008410935731,7158145.52,224154345.82,0.01944918578103044,0.0363799429347129,46.53871278,9068,572
"2023-03-21T00:00:00.000Z",1.0006823783429322,1.0504484923382382,0.9989848526823405,1.0503044278177347,5948079.95,235257293.12,0.019886829030774628,0.03683801885918577,46.01547628,9077,572
"2023-03-22T00:00:00.000Z",1.0503966445051132,1.051473587148926,0.9722794710707872,0.9964735163799714,6767791.89,223259159.63,0.019493227384814724,0.0361583030373677,46.08920843,9097,576
"2023-03-23T00:00:00.000Z",0.996287191683699,1.0263182676030598,0.988800160778113,1.0142076497975039,5271988.49,227292781.58,0.019164879359440928,0.03560649600295959,46.17589061,9106,578
"2023-03-24T00:00:00.000Z",1.0141377096945532,1.015425436736307,0.9624277143728441,0.967619509497823,4830184.57,216909604.63,0.018847477410956034,0.03499435646565544,46.14138017,9108,578
"2023-03-25T00:00:00.000Z",0.9677228097300451,0.9774323918598403,0.9248174666877249,0.9346466253204572,6675596.18,209573682.47,0.01826013885737764,0.034000673443452194,46.29477299,9102,578
"2023-03-26T00:00:00.000Z",0.9347760886098956,0.9655983105732497,0.9298646037051463,0.9483440893971575,4427540.37,212701478.32,0.01823544999465831,0.03400796047887244,46.37887795,9095,578
"2023-03-27T00:00:00.000Z",0.9481400013086995,0.9481400013086995,0.9021425680393758,0.9160829424437051,4784130.6,205520239.26,0.018132430556761774,0.0337578011750515,46.28669544,9110,578
"2023-03-28T00:00:00.000Z",0.9159032391887997,0.9313045260685784,0.8944560132754318,0.9291092541311864,5255830.54,208497930.86,0.018125566382385334,0.03346657636035583,45.83979494,9103,578
"2023-03-29T00:00:00.000Z",0.9289830881677987,1.0094816259827388,0.928799309184666,0.9953207154209813,8366587.39,223415499.13,0.018907578951422387,0.03525972992668305,46.37627971,9095,585
"2023-03-30T00:00:00.000Z",0.9954475726453269,1.0492661955449507,0.9681752148919425,0.9844676012596522,11109393.59,221038102.21,0.01884780990418224,0.035036642878544626,46.20543421,9109,590
"2023-03-31T00:00:00.000Z",0.9846486033780997,1.0136213390407074,0.9615718338335957,1.0061093890693027,6108471.48,225957027.03,0.01902795954923431,0.03548210279751841,46.37307812,9114,591