timestamp,amounts,ukava
2023-05-08T02:00:00Z,122856033893843
2023-05-08T01:00:00Z,122861182143935
2023-05-08T00:00:00Z,122861112949738
2023-05-07T23:00:00Z,122859444025961
2023-05-07T22:00:00Z,122858964721976
2023-05-07T21:00:00Z,122858351571658
2023-05-07T20:00:00Z,122857057619260
2023-05-07T19:00:00Z,122856245704861
2023-05-07T18:00:00Z,122841876780653
2023-05-07T17:00:00Z,122840240119936
2023-05-07T16:00:00Z,122816270503679
2023-05-07T15:00:00Z,122812822648992
2023-05-07T14:00:00Z,122810185931249
2023-05-07T13:00:00Z,122829581242362
2023-05-07T12:00:00Z,122828915957742
2023-05-07T11:00:00Z,122827897626963
2023-05-07T10:00:00Z,122826463761467
2023-05-07T09:00:00Z,122824737328786
2023-05-07T08:00:00Z,122822500111498
2023-05-07T07:00:00Z,122816971399455
2023-05-07T06:00:00Z,null
2023-05-07T05:00:00Z,122816949212987
2023-05-07T04:00:00Z,122816236759480
2023-05-07T03:00:00Z,122813433850642
2023-05-07T02:00:00Z,122813281812696
2023-05-07T01:00:00Z,122811487416593
2023-05-07T00:00:00Z,122811594462760
2023-05-06T23:00:00Z,122811256472020
2023-05-06T22:00:00Z,122810511114772
2023-05-06T21:00:00Z,122797494158328
2023-05-06T20:00:00Z,122797059224994
2023-05-06T19:00:00Z,122792255365550
2023-05-06T18:00:00Z,122790829769811
2023-05-06T17:00:00Z,122787777012362
2023-05-06T16:00:00Z,122786988568901
2023-05-06T15:00:00Z,122787047198435
2023-05-06T14:00:00Z,122776064287875
2023-05-06T13:00:00Z,123245516261993
2023-05-06T12:00:00Z,123241814124830
2023-05-06T11:00:00Z,123240679494805
2023-05-06T10:00:00Z,123243092597971
2023-05-06T09:00:00Z,123242970735307
2023-05-06T08:00:00Z,123238582786596
2023-05-06T07:00:00Z,123238022984913
2023-05-06T06:00:00Z,null
2023-05-06T05:00:00Z,123236510189869
2023-05-06T04:00:00Z,123234492302258
2023-05-06T03:00:00Z,123234116971450
2023-05-06T02:00:00Z,123233286518061
2023-05-06T01:00:00Z,123235037927814
2023-05-06T00:00:00Z,123233562236908
2023-05-05T23:00:00Z,123230558333130
2023-05-05T22:00:00Z,123229999538549
2023-05-05T21:00:00Z,123228899889429
2023-05-05T20:00:00Z,123304276197941
2023-05-05T19:00:00Z,123304777630562
2023-05-05T18:00:00Z,123303945321591
2023-05-05T17:00:00Z,123303182761834
2023-05-05T16:00:00Z,123302244723937
2023-05-05T15:00:00Z,123301892325426
2023-05-05T14:00:00Z,123300551150326
2023-05-05T13:00:00Z,123300538705901
2023-05-05T12:00:00Z,123092272424691
2023-05-05T11:00:00Z,123090255048792
2023-05-05T10:00:00Z,123111646623560
2023-05-05T09:00:00Z,123100284972021
2023-05-05T08:00:00Z,123102153119821
2023-05-05T07:00:00Z,123101019486720
2023-05-05T06:00:00Z,null
2023-05-05T05:00:00Z,123101319794382
2023-05-05T04:00:00Z,123100780660789
2023-05-05T03:00:00Z,123100077404068
2023-05-05T02:00:00Z,123098265941687
2023-05-05T01:00:00Z,123097795211768
2023-05-05T00:00:00Z,123098491924251
2023-05-04T23:00:00Z,123099050450642
2023-05-04T22:00:00Z,123099150314292
2023-05-04T21:00:00Z,123097696611820
2023-05-04T20:00:00Z,123095659788665
2023-05-04T19:00:00Z,123092520346013
2023-05-04T18:00:00Z,123083860997680
2023-05-04T17:00:00Z,123082599850530
2023-05-04T16:00:00Z,123080484073520
2023-05-04T15:00:00Z,123078967085519
2023-05-04T14:00:00Z,123080049390821
2023-05-04T13:00:00Z,123078649457554
2023-05-04T12:00:00Z,123103222669699
2023-05-04T11:00:00Z,123102595806972
2023-05-04T10:00:00Z,123103840767358
2023-05-04T09:00:00Z,123105002645744
2023-05-04T08:00:00Z,123103682855017
2023-05-04T07:00:00Z,123070002240622
2023-05-04T06:00:00Z,null
2023-05-04T05:00:00Z,123067743749791
2023-05-04T04:00:00Z,123067212020588
2023-05-04T03:00:00Z,123066630172534
2023-05-04T02:00:00Z,123060513316213
2023-05-04T01:00:00Z,123057583618353
2023-05-04T00:00:00Z,123056625314628
2023-05-03T23:00:00Z,123056675185741
2023-05-03T22:00:00Z,123028888954521
2023-05-03T21:00:00Z,123028599615581
2023-05-03T20:00:00Z,122914182785591
2023-05-03T19:00:00Z,122910550943076
2023-05-03T18:00:00Z,122907726805150
2023-05-03T17:00:00Z,122897662716806
2023-05-03T16:00:00Z,122895618802216
2023-05-03T15:00:00Z,122869199076005
2023-05-03T14:00:00Z,122866631037625
2023-05-03T13:00:00Z,122870775348549
2023-05-03T12:00:00Z,122898710088155
2023-05-03T11:00:00Z,122898061418682
2023-05-03T10:00:00Z,122902851259609
2023-05-03T09:00:00Z,122890896723064
2023-05-03T08:00:00Z,122890487867739
2023-05-03T07:00:00Z,122889318995543
2023-05-03T06:00:00Z,null
2023-05-03T05:00:00Z,122885029353324
2023-05-03T04:00:00Z,122884954767379
2023-05-03T03:00:00Z,122885894216094
2023-05-03T02:00:00Z,122884436845474
2023-05-03T01:00:00Z,122883572792229
2023-05-03T00:00:00Z,122880085541723
2023-05-02T23:00:00Z,122879327669015
2023-05-02T22:00:00Z,122869675817835
2023-05-02T21:00:00Z,122869491777032
2023-05-02T20:00:00Z,122865727651520
2023-05-02T19:00:00Z,122864261729576
2023-05-02T18:00:00Z,122864671927561
2023-05-02T17:00:00Z,122862926856172
2023-05-02T16:00:00Z,122863081994321
2023-05-02T15:00:00Z,122862260865492
2023-05-02T14:00:00Z,122853535123673
2023-05-02T13:00:00Z,122852264928967
2023-05-02T12:00:00Z,122851961319270
2023-05-02T11:00:00Z,122855936438995
2023-05-02T10:00:00Z,122854240638031
2023-05-02T09:00:00Z,122784087585291
2023-05-02T08:00:00Z,122786345716223
2023-05-02T07:00:00Z,122779997399799
2023-05-02T06:00:00Z,null
2023-05-02T05:00:00Z,122777881207965
2023-05-02T04:00:00Z,122771816851069
2023-05-02T03:00:00Z,122764974830207
2023-05-02T02:00:00Z,122757964799221
2023-05-02T01:00:00Z,122758662847607
2023-05-02T00:00:00Z,122031641850588
2023-05-01T23:00:00Z,122031927453534
2023-05-01T22:00:00Z,122013117795247
2023-05-01T21:00:00Z,122014697933031
2023-05-01T20:00:00Z,122012860310483
2023-05-01T19:00:00Z,122006403694418
2023-05-01T18:00:00Z,122004441031135
2023-05-01T17:00:00Z,122005886067275
2023-05-01T16:00:00Z,122007609064652
2023-05-01T15:00:00Z,122006509874301
2023-05-01T14:00:00Z,122004366114360
2023-05-01T13:00:00Z,121998408732226
2023-05-01T12:00:00Z,121994885074709
2023-05-01T11:00:00Z,121987064281052
2023-05-01T10:00:00Z,121985759181345
2023-05-01T09:00:00Z,121982174850243
2023-05-01T08:00:00Z,121982764715646
2023-05-01T07:00:00Z,121980130157763
2023-05-01T06:00:00Z,null
2023-05-01T05:00:00Z,121972566110706
2023-05-01T04:00:00Z,121966659051975
2023-05-01T03:00:00Z,121977034386220
2023-05-01T02:00:00Z,121975450147419
2023-05-01T01:00:00Z,121973662189870
2023-05-01T00:00:00Z,121972544172725
2023-04-30T23:00:00Z,121966744176532
2023-04-30T22:00:00Z,121972496372534
2023-04-30T21:00:00Z,121968969948982
2023-04-30T20:00:00Z,121608008848648
2023-04-30T19:00:00Z,121606568241691
2023-04-30T18:00:00Z,121603064676842
2023-04-30T17:00:00Z,121604322397929
2023-04-30T16:00:00Z,121603902730489
2023-04-30T15:00:00Z,121603510710898
2023-04-30T14:00:00Z,121610328486364
2023-04-30T13:00:00Z,121606435349529
2023-04-30T12:00:00Z,121606028366748
2023-04-30T11:00:00Z,121611114505110
2023-04-30T10:00:00Z,121610854760932
2023-04-30T09:00:00Z,121609359509770
2023-04-30T08:00:00Z,121597182787076
2023-04-30T07:00:00Z,121595594361639
2023-04-30T06:00:00Z,null
2023-04-30T05:00:00Z,121587446670784
2023-04-30T04:00:00Z,121586914709949
2023-04-30T03:00:00Z,121577274579913
2023-04-30T02:00:00Z,121940503752955
2023-04-30T01:00:00Z,121939595335470
2023-04-30T00:00:00Z,121938820526706
2023-04-29T23:00:00Z,121936105578813
2023-04-29T22:00:00Z,121935873998842
2023-04-29T21:00:00Z,121935931026989
2023-04-29T20:00:00Z,121936709363083
2023-04-29T19:00:00Z,121936404131673
2023-04-29T18:00:00Z,121935231502172
2023-04-29T17:00:00Z,121934146180035
2023-04-29T16:00:00Z,121933052388320
2023-04-29T15:00:00Z,121932500978789
2023-04-29T14:00:00Z,121944629467903
2023-04-29T13:00:00Z,121919483695325
2023-04-29T12:00:00Z,121919350342214
2023-04-29T11:00:00Z,121918761912804
2023-04-29T10:00:00Z,121918779119391
2023-04-29T09:00:00Z,121913383402287
2023-04-29T08:00:00Z,121908371139271
2023-04-29T07:00:00Z,121908045133414
2023-04-29T06:00:00Z,null
2023-04-29T05:00:00Z,121905698833118
2023-04-29T04:00:00Z,121905629647932
2023-04-29T03:00:00Z,121894998254935
2023-04-29T02:00:00Z,121891642470737
2023-04-29T01:00:00Z,121886522349850
2023-04-29T00:00:00Z,121873882751642
2023-04-28T23:00:00Z,121872088276206
2023-04-28T22:00:00Z,121870277510286
2023-04-28T21:00:00Z,121868854629970
2023-04-28T20:00:00Z,121868278835277
2023-04-28T19:00:00Z,121868226241705
2023-04-28T18:00:00Z,121868031571218
2023-04-28T17:00:00Z,121868621803690
2023-04-28T16:00:00Z,121868407056113
2023-04-28T15:00:00Z,121862485308635
2023-04-28T14:00:00Z,121859516424571
2023-04-28T13:00:00Z,121859978952064
2023-04-28T12:00:00Z,121857981140270
2023-04-28T11:00:00Z,121856877021666
2023-04-28T10:00:00Z,121847242240107
2023-04-28T09:00:00Z,121846545926912
2023-04-28T08:00:00Z,121845872649885
2023-04-28T07:00:00Z,121841904402379
2023-04-28T06:00:00Z,null
2023-04-28T05:00:00Z,121841014536083
2023-04-28T04:00:00Z,121838646244440
2023-04-28T03:00:00Z,121838452161737
2023-04-28T02:00:00Z,121838120489988
2023-04-28T01:00:00Z,121838361894519
2023-04-28T00:00:00Z,121838140920302
2023-04-27T23:00:00Z,121836096574319
2023-04-27T22:00:00Z,121834905321994
2023-04-27T21:00:00Z,121818331796677
2023-04-27T20:00:00Z,121818535820088
2023-04-27T19:00:00Z,121817785057199
2023-04-27T18:00:00Z,121817395184965
2023-04-27T17:00:00Z,121816737193936
2023-04-27T16:00:00Z,121816955241791
2023-04-27T15:00:00Z,121816323768486
2023-04-27T14:00:00Z,121814104933119
2023-04-27T13:00:00Z,121807842851622
2023-04-27T12:00:00Z,121813268289437
2023-04-27T11:00:00Z,121813097422504
2023-04-27T10:00:00Z,121811876797644
2023-04-27T09:00:00Z,121808820378819
2023-04-27T08:00:00Z,121779518056046
2023-04-27T07:00:00Z,121778473092684
2023-04-27T06:00:00Z,null
2023-04-27T05:00:00Z,121742687480399
2023-04-27T04:00:00Z,121742464119013
2023-04-27T03:00:00Z,121740950890559
2023-04-27T02:00:00Z,121726795414401
2023-04-27T01:00:00Z,121725234447645
2023-04-27T00:00:00Z,121723376396314
2023-04-26T23:00:00Z,121708635216756
2023-04-26T22:00:00Z,121713158390412
2023-04-26T21:00:00Z,121705296645608
2023-04-26T20:00:00Z,121696476608625
2023-04-26T19:00:00Z,121768596548162
2023-04-26T18:00:00Z,121769418660846
2023-04-26T17:00:00Z,121766111970486
2023-04-26T16:00:00Z,121766497814311
2023-04-26T15:00:00Z,121761803203554
2023-04-26T14:00:00Z,121703957194088
2023-04-26T13:00:00Z,121699245306558
2023-04-26T12:00:00Z,121699190711201
2023-04-26T11:00:00Z,121697982451786
2023-04-26T10:00:00Z,121697917373614
2023-04-26T09:00:00Z,121696947713925
2023-04-26T08:00:00Z,121694750134986
2023-04-26T07:00:00Z,121694665295119
2023-04-26T06:00:00Z,null
2023-04-26T05:00:00Z,121692839404112
2023-04-26T04:00:00Z,121691359057086
2023-04-26T03:00:00Z,121690453331107
2023-04-26T02:00:00Z,121689977291612
2023-04-26T01:00:00Z,121689456948745
2023-04-26T00:00:00Z,121689003288552
2023-04-25T23:00:00Z,121687723676136
2023-04-25T22:00:00Z,121680133728147
2023-04-25T21:00:00Z,121718065574869
2023-04-25T20:00:00Z,121709551677046
2023-04-25T19:00:00Z,121711525958835
2023-04-25T18:00:00Z,122878866619552
2023-04-25T17:00:00Z,122879438764480
2023-04-25T16:00:00Z,122878379095676
2023-04-25T15:00:00Z,122872217472274
2023-04-25T14:00:00Z,122869755827199
2023-04-25T13:00:00Z,122872587065392
2023-04-25T12:00:00Z,122873105521244
2023-04-25T11:00:00Z,122874887152208
2023-04-25T10:00:00Z,122879755609762
2023-04-25T09:00:00Z,122879943935927
2023-04-25T08:00:00Z,122879829436806
2023-04-25T07:00:00Z,122878111920687
2023-04-25T06:00:00Z,null
2023-04-25T05:00:00Z,108714181387042
2023-04-25T04:00:00Z,108712088272465
2023-04-25T03:00:00Z,108694549229770
2023-04-25T02:00:00Z,108692307098537
2023-04-25T01:00:00Z,108691868987763
2023-04-25T00:00:00Z,108691559154107
2023-04-24T23:00:00Z,108675808965778
2023-04-24T22:00:00Z,108673969529466
2023-04-24T21:00:00Z,108673068925823
2023-04-24T20:00:00Z,108668882883302
2023-04-24T19:00:00Z,108817093212563
2023-04-24T18:00:00Z,108816030978947
2023-04-24T17:00:00Z,108809302681265
2023-04-24T16:00:00Z,108807558473900
2023-04-24T15:00:00Z,108807135490400
2023-04-24T14:00:00Z,108802345556637
2023-04-24T13:00:00Z,108830512563223
2023-04-24T12:00:00Z,108838871995275
2023-04-24T11:00:00Z,108838787411974
2023-04-24T10:00:00Z,108833057903319
2023-04-24T09:00:00Z,108833423795170
2023-04-24T08:00:00Z,108832328634929
2023-04-24T07:00:00Z,108832342558036
2023-04-24T06:00:00Z,null
2023-04-24T05:00:00Z,108839867070212
2023-04-24T04:00:00Z,108834305000594
2023-04-24T03:00:00Z,108827588107347
2023-04-24T02:00:00Z,108827094422556
2023-04-24T01:00:00Z,108828677120689
2023-04-24T00:00:00Z,108827847480560
2023-04-23T23:00:00Z,108827621159773
2023-04-23T22:00:00Z,108826682286569
2023-04-23T21:00:00Z,108826217649042
2023-04-23T20:00:00Z,108826935893227
2023-04-23T19:00:00Z,108824257298934
2023-04-23T18:00:00Z,108823799720359
2023-04-23T17:00:00Z,108823667334741
2023-04-23T16:00:00Z,108823500551824
2023-04-23T15:00:00Z,108683916215119
2023-04-23T14:00:00Z,108432047972993
2023-04-23T13:00:00Z,108429729949197
2023-04-23T12:00:00Z,108429137471558
2023-04-23T11:00:00Z,108426967027836
2023-04-23T10:00:00Z,108434977755274
2023-04-23T09:00:00Z,108427963953512
2023-04-23T08:00:00Z,108422332516021
2023-04-23T07:00:00Z,108421521801390
2023-04-23T06:00:00Z,null
2023-04-23T05:00:00Z,108418245836066
2023-04-23T04:00:00Z,108417196786426
2023-04-23T03:00:00Z,108414573688402
2023-04-23T02:00:00Z,108412649628766
2023-04-23T01:00:00Z,108408865440188
2023-04-23T00:00:00Z,108396947559312
2023-04-22T23:00:00Z,108392610770691
2023-04-22T22:00:00Z,108318030337069
2023-04-22T21:00:00Z,108319290249736
2023-04-22T20:00:00Z,108318703336576
2023-04-22T19:00:00Z,108318191337327
2023-04-22T18:00:00Z,108313533924368
2023-04-22T17:00:00Z,108311844197235
2023-04-22T16:00:00Z,108271224737824
2023-04-22T15:00:00Z,108270539410681
2023-04-22T14:00:00Z,108266705138307
2023-04-22T13:00:00Z,108264759668579
2023-04-22T12:00:00Z,108263962336424
2023-04-22T11:00:00Z,108272881378131
2023-04-22T10:00:00Z,108271051094625
2023-04-22T09:00:00Z,108268907456302
2023-04-22T08:00:00Z,108267877943102
2023-04-22T07:00:00Z,108263541413225
2023-04-22T06:00:00Z,null
2023-04-22T05:00:00Z,108292977294374
2023-04-22T04:00:00Z,108294333535680
2023-04-22T03:00:00Z,108293053115896
2023-04-22T02:00:00Z,108367799965516
2023-04-22T01:00:00Z,108367383023649
2023-04-22T00:00:00Z,108367474026988
2023-04-21T23:00:00Z,108357417163134
2023-04-21T22:00:00Z,108356024166734
2023-04-21T21:00:00Z,108352629284947
2023-04-21T20:00:00Z,108288235147863
2023-04-21T19:00:00Z,108281497165930
2023-04-21T18:00:00Z,108279841357689
2023-04-21T17:00:00Z,108283675033354
2023-04-21T16:00:00Z,108202854665638
2023-04-21T15:00:00Z,108201098616265
2023-04-21T14:00:00Z,108199372146700
2023-04-21T13:00:00Z,108197742877412
2023-04-21T12:00:00Z,108198652270346
2023-04-21T11:00:00Z,108198852740008
2023-04-21T10:00:00Z,108198129972587
2023-04-21T09:00:00Z,108195448185900
2023-04-21T08:00:00Z,108194522155675
2023-04-21T07:00:00Z,108193480146323
2023-04-21T06:00:00Z,null
2023-04-21T05:00:00Z,108189341393443
2023-04-21T04:00:00Z,108169599906335
2023-04-21T03:00:00Z,108171238119382
2023-04-21T02:00:00Z,108170967788233
2023-04-21T01:00:00Z,108168595766860
2023-04-21T00:00:00Z,108172826850207
2023-04-20T23:00:00Z,108170505014245
2023-04-20T22:00:00Z,108168678586839
2023-04-20T21:00:00Z,108160079566124
2023-04-20T20:00:00Z,108158435317536
2023-04-20T19:00:00Z,108153482233718
2023-04-20T18:00:00Z,108137504469389
2023-04-20T17:00:00Z,108136057671542
2023-04-20T16:00:00Z,108135107950963
2023-04-20T15:00:00Z,108130923739497
2023-04-20T14:00:00Z,108225111179419
2023-04-20T13:00:00Z,108222322495209
2023-04-20T12:00:00Z,108045249747846
2023-04-20T11:00:00Z,108044106503966
2023-04-20T10:00:00Z,108041331593656
2023-04-20T09:00:00Z,108048716183694
2023-04-20T08:00:00Z,108048616165569
2023-04-20T07:00:00Z,108048449417059
2023-04-20T06:00:00Z,null
2023-04-20T05:00:00Z,108048948877375
2023-04-20T04:00:00Z,108048325774649
2023-04-20T03:00:00Z,108048209409374
2023-04-20T02:00:00Z,108043186677308
2023-04-20T01:00:00Z,108051148210966
2023-04-20T00:00:00Z,108055654824178
2023-04-19T23:00:00Z,108053711242546
2023-04-19T22:00:00Z,108059479501591
2023-04-19T21:00:00Z,108053990269749
2023-04-19T20:00:00Z,108056471047666
2023-04-19T19:00:00Z,null
2023-04-19T18:00:00Z,108073614755007
2023-04-19T17:00:00Z,108105063705204
2023-04-19T16:00:00Z,108094575446622
2023-04-19T15:00:00Z,108096708746133
2023-04-19T14:00:00Z,108098981493221
2023-04-19T13:00:00Z,108102137430712
2023-04-19T12:00:00Z,108101230718513
2023-04-19T11:00:00Z,108099320626139
2023-04-19T10:00:00Z,108098394869808
2023-04-19T09:00:00Z,108089990175469
2023-04-19T08:00:00Z,108066582207518
2023-04-19T07:00:00Z,108062152511833
2023-04-19T06:00:00Z,null
2023-04-19T05:00:00Z,108059622891494
2023-04-19T04:00:00Z,108057634326086
2023-04-19T03:00:00Z,108055522961347
2023-04-19T02:00:00Z,108054540314831
2023-04-19T01:00:00Z,108053611143327
2023-04-19T00:00:00Z,108044865501275
2023-04-18T23:00:00Z,108042463782013
2023-04-18T22:00:00Z,108042443948549
2023-04-18T21:00:00Z,108057050416695
2023-04-18T20:00:00Z,108038308936997
2023-04-18T19:00:00Z,108016621209478
2023-04-18T18:00:00Z,108016076695192
2023-04-18T17:00:00Z,108012167332610
2023-04-18T16:00:00Z,108010018013104
2023-04-18T15:00:00Z,108006717908246
2023-04-18T14:00:00Z,108003382737430
2023-04-18T13:00:00Z,107900153072980
2023-04-18T12:00:00Z,107897908399472
2023-04-18T11:00:00Z,107894692749420
2023-04-18T10:00:00Z,107892026567505
2023-04-18T09:00:00Z,107884137265529
2023-04-18T08:00:00Z,107883219478113
2023-04-18T07:00:00Z,107886014661417
2023-04-18T06:00:00Z,null
2023-04-18T05:00:00Z,107918939375882
2023-04-18T04:00:00Z,107918322382057
2023-04-18T03:00:00Z,107918769888949
2023-04-18T02:00:00Z,107924668554897
2023-04-18T01:00:00Z,107925064588936
2023-04-18T00:00:00Z,107914199861927
2023-04-17T23:00:00Z,107903718760149
2023-04-17T22:00:00Z,107912538739683
2023-04-17T21:00:00Z,107912316804521
2023-04-17T20:00:00Z,107906102056089
2023-04-17T19:00:00Z,107905873303380
2023-04-17T18:00:00Z,107904860052040
2023-04-17T17:00:00Z,107802301745609
2023-04-17T16:00:00Z,107799785015802
2023-04-17T15:00:00Z,107803403819149
2023-04-17T14:00:00Z,107802115151434
2023-04-17T13:00:00Z,107801032548513
2023-04-17T12:00:00Z,107798425319465
2023-04-17T11:00:00Z,107799476033824
2023-04-17T10:00:00Z,107851158288891
2023-04-17T09:00:00Z,107854926564643
2023-04-17T08:00:00Z,107853321104399
2023-04-17T07:00:00Z,107851160059340
2023-04-17T06:00:00Z,null
2023-04-17T05:00:00Z,107846979271430
2023-04-17T04:00:00Z,107849468656134
2023-04-17T03:00:00Z,107848594283424
2023-04-17T02:00:00Z,107847656712021
2023-04-17T01:00:00Z,107849980564206
2023-04-17T00:00:00Z,107838870172674
2023-04-16T23:00:00Z,107840888360867
2023-04-16T22:00:00Z,107837505317733
2023-04-16T21:00:00Z,107836969514524
2023-04-16T20:00:00Z,107835783543536
2023-04-16T19:00:00Z,107835578877196
2023-04-16T18:00:00Z,107833388792043
2023-04-16T17:00:00Z,107829711863440
2023-04-16T16:00:00Z,107829270853410
2023-04-16T15:00:00Z,107843729500677
2023-04-16T14:00:00Z,107843232499391
2023-04-16T13:00:00Z,107842674218830
2023-04-16T12:00:00Z,107841348172194
2023-04-16T11:00:00Z,107841145078175
2023-04-16T10:00:00Z,107841827500301
2023-04-16T09:00:00Z,107840422533014
2023-04-16T08:00:00Z,107840378865057
2023-04-16T07:00:00Z,107837035562057
2023-04-16T06:00:00Z,null
2023-04-16T05:00:00Z,107841489801772
2023-04-16T04:00:00Z,107849886305584
2023-04-16T03:00:00Z,107850362424437
2023-04-16T02:00:00Z,107852990373245
2023-04-16T01:00:00Z,107845698862105
2023-04-16T00:00:00Z,107842920877072
2023-04-15T23:00:00Z,107841290132085
2023-04-15T22:00:00Z,107841317077075
2023-04-15T21:00:00Z,107841469689204
2023-04-15T20:00:00Z,107842063358458
2023-04-15T19:00:00Z,107844455245111
2023-04-15T18:00:00Z,107842841159773
2023-04-15T17:00:00Z,107843999137151
2023-04-15T16:00:00Z,107843541457356
2023-04-15T15:00:00Z,107843529591659
2023-04-15T14:00:00Z,107842280336458
2023-04-15T13:00:00Z,107841395933840
2023-04-15T12:00:00Z,107834954285929
2023-04-15T11:00:00Z,107835102187076
2023-04-15T10:00:00Z,107834924749086
2023-04-15T09:00:00Z,107834573685157
2023-04-15T08:00:00Z,107826598371539
2023-04-15T07:00:00Z,107825497741701
2023-04-15T06:00:00Z,null
2023-04-15T05:00:00Z,107822441825638
2023-04-15T04:00:00Z,107820150819858
2023-04-15T03:00:00Z,107819344627914
2023-04-15T02:00:00Z,107818402624942
2023-04-15T01:00:00Z,107816833478735
2023-04-15T00:00:00Z,107816056717106
2023-04-14T23:00:00Z,107805289410948
2023-04-14T22:00:00Z,107805067104197
2023-04-14T21:00:00Z,107807445886003
2023-04-14T20:00:00Z,107801922458489
2023-04-14T19:00:00Z,107801361990305
2023-04-14T18:00:00Z,107798175351977
2023-04-14T17:00:00Z,107797986164817
2023-04-14T16:00:00Z,107798208665148
2023-04-14T15:00:00Z,107797517759336
2023-04-14T14:00:00Z,107797396083318
2023-04-14T13:00:00Z,107797736945317
2023-04-14T12:00:00Z,107797612449360
2023-04-14T11:00:00Z,107797406466734
2023-04-14T10:00:00Z,107848641610470
2023-04-14T09:00:00Z,107871597602268
2023-04-14T08:00:00Z,107870732565294
2023-04-14T07:00:00Z,107870489975996
2023-04-14T06:00:00Z,107869779639734
2023-04-14T05:00:00Z,107871804201251
2023-04-14T04:00:00Z,107870034464760
2023-04-14T03:00:00Z,107868465379653
2023-04-14T02:00:00Z,107867394302379
2023-04-14T01:00:00Z,107870185648416
2023-04-14T00:00:00Z,107871712988040
2023-04-13T23:00:00Z,107872199510203
2023-04-13T22:00:00Z,107871157467580
2023-04-13T21:00:00Z,107869728222158
2023-04-13T20:00:00Z,107869137655955
2023-04-13T19:00:00Z,107868750589887
2023-04-13T18:00:00Z,107872392328745
2023-04-13T17:00:00Z,107871089858745
2023-04-13T16:00:00Z,107871136169112
2023-04-13T15:00:00Z,107871406858541
2023-04-13T14:00:00Z,107865888596409
2023-04-13T13:00:00Z,107862449361827
2023-04-13T12:00:00Z,107862985975087
2023-04-13T11:00:00Z,107862201604583
2023-04-13T10:00:00Z,107860332875272
2023-04-13T09:00:00Z,107860165042381
2023-04-13T08:00:00Z,107859502781443
2023-04-13T07:00:00Z,107859208668648
2023-04-13T06:00:00Z,107857988841826
2023-04-13T05:00:00Z,107857076812010
2023-04-13T04:00:00Z,107855783661306
2023-04-13T03:00:00Z,107855469463462
2023-04-13T02:00:00Z,107876737120967
2023-04-13T01:00:00Z,107876167703840
2023-04-13T00:00:00Z,107873977408637
2023-04-12T23:00:00Z,107869610490647
2023-04-12T22:00:00Z,107868509207241
2023-04-12T21:00:00Z,107868169235080
2023-04-12T20:00:00Z,107867840859445
2023-04-12T19:00:00Z,107865321224128
2023-04-12T18:00:00Z,107863223684800
2023-04-12T17:00:00Z,107861761830418
2023-04-12T16:00:00Z,107860744767819
2023-04-12T15:00:00Z,107867900328126
2023-04-12T14:00:00Z,107791624494715
2023-04-12T13:00:00Z,107709554368426
2023-04-12T12:00:00Z,107709297663944
2023-04-12T11:00:00Z,107711795451389
2023-04-12T10:00:00Z,107711717393768
2023-04-12T09:00:00Z,107711350546203
2023-04-12T08:00:00Z,107711689319803
2023-04-12T07:00:00Z,107707008099700
2023-04-12T06:00:00Z,null
2023-04-12T05:00:00Z,107706914720573
2023-04-12T04:00:00Z,107705736888938
2023-04-12T03:00:00Z,107705594204392
2023-04-12T02:00:00Z,107717586488636
2023-04-12T01:00:00Z,107718950033478
2023-04-12T00:00:00Z,107718226206478
2023-04-11T23:00:00Z,107716876153718
2023-04-11T22:00:00Z,107716558195838
2023-04-11T21:00:00Z,107711713488752
2023-04-11T20:00:00Z,107708723102414
2023-04-11T19:00:00Z,107706237905224
2023-04-11T18:00:00Z,107701003048968
2023-04-11T17:00:00Z,107701741287870
2023-04-11T16:00:00Z,107706109852490
2023-04-11T15:00:00Z,107698788239515
2023-04-11T14:00:00Z,107698097552571
2023-04-11T13:00:00Z,107706223087426
2023-04-11T12:00:00Z,107881123476774
2023-04-11T11:00:00Z,107877830901539
2023-04-11T10:00:00Z,107835032103000
2023-04-11T09:00:00Z,107772963772075
2023-04-11T08:00:00Z,107773018910538
2023-04-11T07:00:00Z,107772545071402
2023-04-11T06:00:00Z,null
2023-04-11T05:00:00Z,107771255768986
2023-04-11T04:00:00Z,107777239563056
2023-04-11T03:00:00Z,107777812839165
2023-04-11T02:00:00Z,107777150483919
2023-04-11T01:00:00Z,107779545079406
2023-04-11T00:00:00Z,107779199324393
2023-04-10T23:00:00Z,107779552335198
2023-04-10T22:00:00Z,107778518664580
2023-04-10T21:00:00Z,107803364487593
2023-04-10T20:00:00Z,107803609164464
2023-04-10T19:00:00Z,107796786767679
2023-04-10T18:00:00Z,107795205526217
2023-04-10T17:00:00Z,107794086842992
2023-04-10T16:00:00Z,107805435292121
2023-04-10T15:00:00Z,107506384086003
2023-04-10T14:00:00Z,107504973907746
2023-04-10T13:00:00Z,107507477674018
2023-04-10T12:00:00Z,107507418501969
2023-04-10T11:00:00Z,107514099163418
2023-04-10T10:00:00Z,107514388447717
2023-04-10T09:00:00Z,107514163141609
2023-04-10T08:00:00Z,107514011491746
2023-04-10T07:00:00Z,107514446693597
2023-04-10T06:00:00Z,null
2023-04-10T05:00:00Z,107509882541750
2023-04-10T04:00:00Z,106956061172517
2023-04-10T03:00:00Z,106955302751758
2023-04-10T02:00:00Z,106955282363632
2023-04-10T01:00:00Z,106955760941083
2023-04-10T00:00:00Z,106974110487219
2023-04-09T23:00:00Z,106973634331468
2023-04-09T22:00:00Z,106972628482806
2023-04-09T21:00:00Z,106972456129089
2023-04-09T20:00:00Z,107285136517993
2023-04-09T19:00:00Z,107284872806765
2023-04-09T18:00:00Z,107284777600276
2023-04-09T17:00:00Z,107283555243305
2023-04-09T16:00:00Z,107283066539722
2023-04-09T15:00:00Z,107282169030245
2023-04-09T14:00:00Z,107283744410874
2023-04-09T13:00:00Z,107282801758972
2023-04-09T12:00:00Z,107284001854507
2023-04-09T11:00:00Z,107287808336543
2023-04-09T10:00:00Z,107286972621526
2023-04-09T09:00:00Z,107285540569334
2023-04-09T08:00:00Z,107280387933083
2023-04-09T07:00:00Z,107280758622518
2023-04-09T06:00:00Z,null
2023-04-09T05:00:00Z,107279147911082
2023-04-09T04:00:00Z,107277508717543
2023-04-09T03:00:00Z,107277442239089
2023-04-09T02:00:00Z,107274666448441
2023-04-09T01:00:00Z,107274173451450
2023-04-09T00:00:00Z,107278109222568
2023-04-08T23:00:00Z,107278710572315
2023-04-08T22:00:00Z,107278242360655
2023-04-08T21:00:00Z,107277068905884
2023-04-08T20:00:00Z,107276791798623
2023-04-08T19:00:00Z,107276892315165
2023-04-08T18:00:00Z,107275522718264
2023-04-08T17:00:00Z,107276642580911
2023-04-08T16:00:00Z,107272924369003
2023-04-08T15:00:00Z,110271206481131
2023-04-08T14:00:00Z,110269844068053
2023-04-08T13:00:00Z,110273890724131
2023-04-08T12:00:00Z,110269917650188
2023-04-08T11:00:00Z,110269534298159
2023-04-08T10:00:00Z,110268356576120
2023-04-08T09:00:00Z,110267602467787
2023-04-08T08:00:00Z,110266460945266
2023-04-08T07:00:00Z,110266103937373
2023-04-08T06:00:00Z,null
2023-04-08T05:00:00Z,110267937725204
2023-04-08T04:00:00Z,110267687180030
2023-04-08T03:00:00Z,110287289463616
2023-04-08T02:00:00Z,110287925109102
2023-04-08T01:00:00Z,110287241370893
2023-04-08T00:00:00Z,110286597099080
2023-04-07T23:00:00Z,110286806047673
2023-04-07T22:00:00Z,110284024124795
2023-04-07T21:00:00Z,110284260086815
2023-04-07T20:00:00Z,110280796370991
2023-04-07T19:00:00Z,110278701263525
2023-04-07T18:00:00Z,110278470115751
2023-04-07T17:00:00Z,110279299721520
2023-04-07T16:00:00Z,109889154366278
2023-04-07T15:00:00Z,109888556917390
2023-04-07T14:00:00Z,109890997306041
2023-04-07T13:00:00Z,109891235802155
2023-04-07T12:00:00Z,109890779552113
2023-04-07T11:00:00Z,109892217438124
2023-04-07T10:00:00Z,109891262731181
2023-04-07T09:00:00Z,109890217412365
2023-04-07T08:00:00Z,109889119416521
2023-04-07T07:00:00Z,109889808632693
2023-04-07T06:00:00Z,null
2023-04-07T05:00:00Z,109886318516038
2023-04-07T04:00:00Z,109883532854335
2023-04-07T03:00:00Z,109882019180740
2023-04-07T02:00:00Z,109880330349428
2023-04-07T01:00:00Z,109878166513094
2023-04-07T00:00:00Z,109877349664252
2023-04-06T23:00:00Z,109871448802919
2023-04-06T22:00:00Z,109858234359060
2023-04-06T21:00:00Z,109856439633750
2023-04-06T20:00:00Z,109856052663261
2023-04-06T19:00:00Z,109855533184391
2023-04-06T18:00:00Z,109855215662790
2023-04-06T17:00:00Z,109854498419216
2023-04-06T16:00:00Z,111029520105168
2023-04-06T15:00:00Z,111028665527381
2023-04-06T14:00:00Z,111027816674302
2023-04-06T13:00:00Z,111023424222371
2023-04-06T12:00:00Z,111021223120127
2023-04-06T11:00:00Z,110998220476597
2023-04-06T10:00:00Z,110994419117479
2023-04-06T09:00:00Z,110996400714716
2023-04-06T08:00:00Z,110996153353757
2023-04-06T07:00:00Z,110991784922313
2023-04-06T06:00:00Z,null
2023-04-06T05:00:00Z,110986843212496
2023-04-06T04:00:00Z,110985777428027
2023-04-06T03:00:00Z,110984897699213
2023-04-06T02:00:00Z,110980751913837
2023-04-06T01:00:00Z,110979438982481
2023-04-06T00:00:00Z,110979209593934
2023-04-05T23:00:00Z,110980652949278
2023-04-05T22:00:00Z,110980758435707
2023-04-05T21:00:00Z,110980103159925
2023-04-05T20:00:00Z,110978628735366
2023-04-05T19:00:00Z,110977713501126
2023-04-05T18:00:00Z,110980835923763
2023-04-05T17:00:00Z,110979307156037
2023-04-05T16:00:00Z,110977404592517
2023-04-05T15:00:00Z,110939942523900
2023-04-05T14:00:00Z,110939771442147
2023-04-05T13:00:00Z,110939847072453
2023-04-05T12:00:00Z,110938394685852
2023-04-05T11:00:00Z,110927076480065
2023-04-05T10:00:00Z,110927378107686
2023-04-05T09:00:00Z,110925301338197
2023-04-05T08:00:00Z,110924672331718
2023-04-05T07:00:00Z,110925268764790
2023-04-05T06:00:00Z,null
2023-04-05T05:00:00Z,110925027725575
2023-04-05T04:00:00Z,110921382870520
2023-04-05T03:00:00Z,110913717309891
2023-04-05T02:00:00Z,110912500312261
2023-04-05T01:00:00Z,110907899232361
2023-04-05T00:00:00Z,110904374845873
2023-04-04T23:00:00Z,110903637584009
2023-04-04T22:00:00Z,110901691985342
2023-04-04T21:00:00Z,110900188846804
2023-04-04T20:00:00Z,110898582203630
2023-04-04T19:00:00Z,110899510845439
2023-04-04T18:00:00Z,110897090976739
2023-04-04T17:00:00Z,110891437815740
2023-04-04T16:00:00Z,110895159055020
2023-04-04T15:00:00Z,110880383328192
2023-04-04T14:00:00Z,110880770115802
2023-04-04T13:00:00Z,110884345867063
2023-04-04T12:00:00Z,110882611140323
2023-04-04T11:00:00Z,110886824076849
2023-04-04T10:00:00Z,110884284411676
2023-04-04T09:00:00Z,110883436445922
2023-04-04T08:00:00Z,110883574356529
2023-04-04T07:00:00Z,110883572041133
2023-04-04T06:00:00Z,null
2023-04-04T05:00:00Z,110826354233910
2023-04-04T04:00:00Z,110825654699907
2023-04-04T03:00:00Z,110825580852387
2023-04-04T02:00:00Z,110824703888432
2023-04-04T01:00:00Z,110820182535255
2023-04-04T00:00:00Z,110816348982725
2023-04-03T23:00:00Z,110816031461203
2023-04-03T22:00:00Z,110818085626621
2023-04-03T21:00:00Z,110817034537618
2023-04-03T20:00:00Z,110815802380860
2023-04-03T19:00:00Z,110815028209881
2023-04-03T18:00:00Z,110819616447253
2023-04-03T17:00:00Z,110816844126773
2023-04-03T16:00:00Z,110813367040807
2023-04-03T15:00:00Z,110812513061664
2023-04-03T14:00:00Z,110811601937394
2023-04-03T13:00:00Z,110810834760864
2023-04-03T12:00:00Z,110809983826693
2023-04-03T11:00:00Z,110806076643966
2023-04-03T10:00:00Z,110806426370341
2023-04-03T09:00:00Z,110803210326715
2023-04-03T08:00:00Z,110802642825850
2023-04-03T07:00:00Z,110802040736073
2023-04-03T06:00:00Z,null
2023-04-03T05:00:00Z,110801562924624
2023-04-03T04:00:00Z,110799491993404
2023-04-03T03:00:00Z,110799092971122
2023-04-03T02:00:00Z,110796023490957
2023-04-03T01:00:00Z,110794305749787
2023-04-03T00:00:00Z,110795181686336
2023-04-02T23:00:00Z,110796144196656
2023-04-02T22:00:00Z,110793503574907
2023-04-02T21:00:00Z,110792713316737
2023-04-02T20:00:00Z,110795046259066
2023-04-02T19:00:00Z,110792650000401
2023-04-02T18:00:00Z,110786678036878
2023-04-02T17:00:00Z,110785604534679
2023-04-02T16:00:00Z,110783989926980
2023-04-02T15:00:00Z,110783228547390
2023-04-02T14:00:00Z,110837810330017
2023-04-02T13:00:00Z,110837028851146
2023-04-02T12:00:00Z,110826225912618
2023-04-02T11:00:00Z,110829332406568
2023-04-02T10:00:00Z,110829052586085
2023-04-02T09:00:00Z,110825965022342
2023-04-02T08:00:00Z,110823718968495
2023-04-02T07:00:00Z,110834061321393
2023-04-02T06:00:00Z,null
2023-04-02T05:00:00Z,110835390679788
2023-04-02T04:00:00Z,110828689468059
2023-04-02T03:00:00Z,110828132886123
2023-04-02T02:00:00Z,110828040653158
2023-04-02T01:00:00Z,110828094820773
2023-04-02T00:00:00Z,110828440338336
2023-04-01T23:00:00Z,110828122198019
2023-04-01T22:00:00Z,110828061222340
2023-04-01T21:00:00Z,110826627683479
2023-04-01T20:00:00Z,110825865010393
2023-04-01T19:00:00Z,110819444127886
2023-04-01T18:00:00Z,110818154355098
2023-04-01T17:00:00Z,110815270173772
2023-04-01T16:00:00Z,110790097137653
2023-04-01T15:00:00Z,110791098767314
2023-04-01T14:00:00Z,110786791027742
2023-04-01T13:00:00Z,110786443436813
2023-04-01T12:00:00Z,110778692892926
2023-04-01T11:00:00Z,110777574259112
2023-04-01T10:00:00Z,110777262955977
2023-04-01T09:00:00Z,110777143368471
2023-04-01T08:00:00Z,110777955205159
2023-04-01T07:00:00Z,110777005678130
2023-04-01T06:00:00Z,null
2023-04-01T05:00:00Z,110769370421724
2023-04-01T04:00:00Z,110767166311873
2023-04-01T03:00:00Z,110766838566862
2023-04-01T02:00:00Z,110765541682324
2023-04-01T01:00:00Z,110761235282546
2023-04-01T00:00:00Z,110760348485533
2023-03-31T23:00:00Z,110759337885301
2023-03-31T22:00:00Z,110758487508451
2023-03-31T21:00:00Z,110756935310933
2023-03-31T20:00:00Z,110753877821096
2023-03-31T19:00:00Z,110753049895036
2023-03-31T18:00:00Z,110752199086437
2023-03-31T17:00:00Z,110750343691009
2023-03-31T16:00:00Z,110749700427335
2023-03-31T15:00:00Z,110819716621281
2023-03-31T14:00:00Z,110817994647667
2023-03-31T13:00:00Z,110816762135461
2023-03-31T12:00:00Z,110759302806551
2023-03-31T11:00:00Z,110759874701118
2023-03-31T10:00:00Z,110759565900961
2023-03-31T09:00:00Z,110757973292262
2023-03-31T08:00:00Z,110757225406432
2023-03-31T07:00:00Z,110756241749288
2023-03-31T06:00:00Z,null
2023-03-31T05:00:00Z,110757208180048
2023-03-31T04:00:00Z,110754675522272
2023-03-31T03:00:00Z,110740965946247
2023-03-31T02:00:00Z,110741647861095
2023-03-31T01:00:00Z,110739760661695
2023-03-31T00:00:00Z,110739401874864
2023-03-30T23:00:00Z,110737524568240
2023-03-30T22:00:00Z,110741030010904
2023-03-30T21:00:00Z,110738803119928
2023-03-30T20:00:00Z,110737832482360
2023-03-30T19:00:00Z,110735424481930
2023-03-30T18:00:00Z,110734870624005
2023-03-30T17:00:00Z,110732534620008
2023-03-30T16:00:00Z,110742746394532
2023-03-30T15:00:00Z,110742453306199
2023-03-30T14:00:00Z,110666216585694
2023-03-30T13:00:00Z,110687783542243
2023-03-30T12:00:00Z,110686276221749
2023-03-30T11:00:00Z,111992647661324
2023-03-30T10:00:00Z,111987748004217
2023-03-30T09:00:00Z,111984431450616
2023-03-30T08:00:00Z,111981077982055
2023-03-30T07:00:00Z,111980730715465
2023-03-30T06:00:00Z,null
2023-03-30T05:00:00Z,111982016559907
2023-03-30T04:00:00Z,111915026898345
2023-03-30T03:00:00Z,110573615408911
2023-03-30T02:00:00Z,110573328096057
2023-03-30T01:00:00Z,null
2023-03-30T00:00:00Z,null
2023-03-29T23:00:00Z,null
2023-03-29T22:00:00Z,null
2023-03-29T21:00:00Z,null
2023-03-29T20:00:00Z,null
2023-03-29T19:00:00Z,null
2023-03-29T18:00:00Z,110570347851721
2023-03-29T17:00:00Z,110571682070102
2023-03-29T16:00:00Z,110571164863044
2023-03-29T15:00:00Z,110571788350753
2023-03-29T14:00:00Z,110565798966223
2023-03-29T13:00:00Z,110584687698643
2023-03-29T12:00:00Z,110583307072298
2023-03-29T11:00:00Z,110581064751540
2023-03-29T10:00:00Z,110579241404797
2023-03-29T09:00:00Z,110578556208495
2023-03-29T08:00:00Z,110578158540067
2023-03-29T07:00:00Z,110578207622704
2023-03-29T06:00:00Z,null
2023-03-29T05:00:00Z,110579776914200
2023-03-29T04:00:00Z,110577688171601
2023-03-29T03:00:00Z,110577029516521
2023-03-29T02:00:00Z,110576445683345
2023-03-29T01:00:00Z,110576513202916
2023-03-29T00:00:00Z,110575941938812
2023-03-28T23:00:00Z,110575545906500
2023-03-28T22:00:00Z,110573179177753
2023-03-28T21:00:00Z,110572420370253
2023-03-28T20:00:00Z,110572260706671
2023-03-28T19:00:00Z,110571909981845
2023-03-28T18:00:00Z,110571517326498
2023-03-28T17:00:00Z,110568973832395
2023-03-28T16:00:00Z,110568776015834
2023-03-28T15:00:00Z,110567918621857
2023-03-28T14:00:00Z,110586611756728
2023-03-28T13:00:00Z,110583317202259
2023-03-28T12:00:00Z,110583742010568
2023-03-28T11:00:00Z,110621453815212
2023-03-28T10:00:00Z,110619761398718
2023-03-28T09:00:00Z,110619240897680
2023-03-28T08:00:00Z,110618838914985
2023-03-28T07:00:00Z,110618771456138
2023-03-28T06:00:00Z,110618527031060
2023-03-28T05:00:00Z,110620011452046
2023-03-28T04:00:00Z,110620414054681
2023-03-28T03:00:00Z,110618922453772
2023-03-28T02:00:00Z,110618454717906
2023-03-28T01:00:00Z,110618304273620
2023-03-28T00:00:00Z,110617897746072
2023-03-27T23:00:00Z,110616988152826
2023-03-27T22:00:00Z,110616123971862
2023-03-27T21:00:00Z,110614814610375
2023-03-27T20:00:00Z,110584194310206
2023-03-27T19:00:00Z,110584589377747
2023-03-27T18:00:00Z,110583433573311
2023-03-27T17:00:00Z,110584257122867
2023-03-27T16:00:00Z,110580745222963
2023-03-27T15:00:00Z,110581437029710
2023-03-27T14:00:00Z,110580929047468
2023-03-27T13:00:00Z,110580479891596
2023-03-27T12:00:00Z,110580832257768
2023-03-27T11:00:00Z,110577936429768
2023-03-27T10:00:00Z,110577101018751
2023-03-27T09:00:00Z,110576573712481
2023-03-27T08:00:00Z,110575338241452
2023-03-27T07:00:00Z,110573335155376
2023-03-27T06:00:00Z,110571365089804
2023-03-27T05:00:00Z,110570036459594
2023-03-27T04:00:00Z,110569630260611
2023-03-27T03:00:00Z,110569313024388
2023-03-27T02:00:00Z,110569178071654
2023-03-27T01:00:00Z,110568845739449
2023-03-27T00:00:00Z,110568224521873
2023-03-26T23:00:00Z,110567741080490
2023-03-26T22:00:00Z,110567938665363
2023-03-26T21:00:00Z,110568360757532
2023-03-26T20:00:00Z,110571398679321
2023-03-26T19:00:00Z,110570536798697
2023-03-26T18:00:00Z,110567919284144
2023-03-26T17:00:00Z,110567967941261
2023-03-26T16:00:00Z,110568906969263
2023-03-26T15:00:00Z,110567463188690
2023-03-26T14:00:00Z,110569719336845
2023-03-26T13:00:00Z,110568417647616
2023-03-26T12:00:00Z,110567600312917
2023-03-26T11:00:00Z,110567215277278
2023-03-26T10:00:00Z,110565601716948
2023-03-26T09:00:00Z,110566422462178
2023-03-26T08:00:00Z,110566539985534
2023-03-26T07:00:00Z,110566009747371
2023-03-26T06:00:00Z,110575693080890
2023-03-26T05:00:00Z,110569237994933
2023-03-26T04:00:00Z,110564123595979
2023-03-26T03:00:00Z,110564295351883
2023-03-26T02:00:00Z,110563722741538
2023-03-26T01:00:00Z,110562737031500
2023-03-26T00:00:00Z,110562657191555
2023-03-25T23:00:00Z,110562398938874
2023-03-25T22:00:00Z,110560774583560
2023-03-25T21:00:00Z,110560560695470
2023-03-25T20:00:00Z,110573723701616
2023-03-25T19:00:00Z,110609858436875
2023-03-25T18:00:00Z,110606833499271
2023-03-25T17:00:00Z,110604846762059
2023-03-25T16:00:00Z,110602569905290
2023-03-25T15:00:00Z,110628866178911
2023-03-25T14:00:00Z,110637720347677
2023-03-25T13:00:00Z,110653467482285
2023-03-25T12:00:00Z,110640492137048
2023-03-25T11:00:00Z,110641736323122
2023-03-25T10:00:00Z,110642988168856
2023-03-25T09:00:00Z,110642398262239
2023-03-25T08:00:00Z,110644351580236
2023-03-25T07:00:00Z,110644313946494
2023-03-25T06:00:00Z,110643276277566
2023-03-25T05:00:00Z,110642471845158
2023-03-25T04:00:00Z,110642379440956
2023-03-25T03:00:00Z,110642896265352
2023-03-25T02:00:00Z,110642588553924
2023-03-25T01:00:00Z,110641395275899
2023-03-25T00:00:00Z,110641012511384
2023-03-24T23:00:00Z,110641522024339
2023-03-24T22:00:00Z,110638595177442
2023-03-24T21:00:00Z,110638290375487
2023-03-24T20:00:00Z,110637792075151
2023-03-24T19:00:00Z,110636932308617
2023-03-24T18:00:00Z,110636994748738
2023-03-24T17:00:00Z,null
2023-03-24T16:00:00Z,110629537316037
2023-03-24T15:00:00Z,110629260256054
2023-03-24T14:00:00Z,110641097651376
2023-03-24T13:00:00Z,111636310734001
2023-03-24T12:00:00Z,111635853411894
2023-03-24T11:00:00Z,111635394228900
2023-03-24T10:00:00Z,111634330727859
2023-03-24T09:00:00Z,111634173665175
2023-03-24T08:00:00Z,111628012292294
2023-03-24T07:00:00Z,111628736075642
2023-03-24T06:00:00Z,111629155403493
2023-03-24T05:00:00Z,111628397781847
2023-03-24T04:00:00Z,111628968189156
2023-03-24T03:00:00Z,111623599735021
2023-03-24T02:00:00Z,111623322874797
2023-03-24T01:00:00Z,111620894048688
2023-03-24T00:00:00Z,111620726212471
2023-03-23T23:00:00Z,111626093078715
2023-03-23T22:00:00Z,111625162887186
2023-03-23T21:00:00Z,111624312036354
2023-03-23T20:00:00Z,111622984667131
2023-03-23T19:00:00Z,111622248720157
2023-03-23T18:00:00Z,111621908098803
2023-03-23T17:00:00Z,111621006897012
2023-03-23T16:00:00Z,111618089632582
2023-03-23T15:00:00Z,111604278952410
2023-03-23T14:00:00Z,111602305102772
2023-03-23T13:00:00Z,111446525446300
2023-03-23T12:00:00Z,111446520709706
2023-03-23T11:00:00Z,111444450091578
2023-03-23T10:00:00Z,111441600067635
2023-03-23T09:00:00Z,111440923860895
2023-03-23T08:00:00Z,111439813906460
2023-03-23T07:00:00Z,111442589156213
2023-03-23T06:00:00Z,111441882071365
2023-03-23T05:00:00Z,111441371296842
2023-03-23T04:00:00Z,111439507990596
2023-03-23T03:00:00Z,111439441033757
2023-03-23T02:00:00Z,111422096368784
2023-03-23T01:00:00Z,111421376618751
2023-03-23T00:00:00Z,111420044396507
2023-03-22T23:00:00Z,111398833443150
2023-03-22T22:00:00Z,111398144087783
2023-03-22T21:00:00Z,111397555563703
2023-03-22T20:00:00Z,111392401756976
2023-03-22T19:00:00Z,111385223017759
2023-03-22T18:00:00Z,111384509962013
2023-03-22T17:00:00Z,111381072984061
2023-03-22T16:00:00Z,111375077031968
2023-03-22T15:00:00Z,111346958621618
2023-03-22T14:00:00Z,111344089666611
2023-03-22T13:00:00Z,111333290087547
2023-03-22T12:00:00Z,111331869107574
2023-03-22T11:00:00Z,111332202793355
2023-03-22T10:00:00Z,111321850267542
2023-03-22T09:00:00Z,111321401505831
2023-03-22T08:00:00Z,111320199106230
2023-03-22T07:00:00Z,111319532806015
2023-03-22T06:00:00Z,111319489004832
2023-03-22T05:00:00Z,111327657020512
2023-03-22T04:00:00Z,111326999465729
2023-03-22T03:00:00Z,111326475599895
2023-03-22T02:00:00Z,111329926994939
2023-03-22T01:00:00Z,111328895016366
2023-03-22T00:00:00Z,111328061879747
2023-03-21T23:00:00Z,111327734602729
2023-03-21T22:00:00Z,111326774947779
2023-03-21T21:00:00Z,111326975877879
2023-03-21T20:00:00Z,111325478215102
2023-03-21T19:00:00Z,111337207695427
2023-03-21T18:00:00Z,111333533444723
2023-03-21T17:00:00Z,111306257703562
2023-03-21T16:00:00Z,111305475041561
2023-03-21T15:00:00Z,111305088398683
2023-03-21T14:00:00Z,111309501259569
2023-03-21T13:00:00Z,111308510557827
2023-03-21T12:00:00Z,111307708594672
2023-03-21T11:00:00Z,111304483388281
2023-03-21T10:00:00Z,111299415020262
2023-03-21T09:00:00Z,111298791210699
2023-03-21T08:00:00Z,111296174039749
2023-03-21T07:00:00Z,111295051524601
2023-03-21T06:00:00Z,111295204851844
2023-03-21T05:00:00Z,111294957640784
2023-03-21T04:00:00Z,111292900043575
2023-03-21T03:00:00Z,111292658941856
2023-03-21T02:00:00Z,111286538109709
2023-03-21T01:00:00Z,111285477470198
2023-03-21T00:00:00Z,111284716955727
2023-03-20T23:00:00Z,111284342041588
2023-03-20T22:00:00Z,111283721793863
2023-03-20T21:00:00Z,111283792220531
2023-03-20T20:00:00Z,111283358212849
2023-03-20T19:00:00Z,111284536066415
2023-03-20T18:00:00Z,111283237634127
2023-03-20T17:00:00Z,111295612860647
2023-03-20T16:00:00Z,111294156011756
2023-03-20T15:00:00Z,111293466868105
2023-03-20T14:00:00Z,111293842946065
2023-03-20T13:00:00Z,111221320432518
2023-03-20T12:00:00Z,111208321130466
2023-03-20T11:00:00Z,111208894220886
2023-03-20T10:00:00Z,111211974740021
2023-03-20T09:00:00Z,111211165313596
2023-03-20T08:00:00Z,111209881607220
2023-03-20T07:00:00Z,111209366467934
2023-03-20T06:00:00Z,111209274207366
2023-03-20T05:00:00Z,112545599582970
2023-03-20T04:00:00Z,112545551692396
2023-03-20T03:00:00Z,112545571778264
2023-03-20T02:00:00Z,112545261724390
2023-03-20T01:00:00Z,112545941181399
2023-03-20T00:00:00Z,112568905888476
2023-03-19T23:00:00Z,112566703918411
2023-03-19T22:00:00Z,112585931140826
2023-03-19T21:00:00Z,112585177848850
2023-03-19T20:00:00Z,112587427363682
2023-03-19T19:00:00Z,112587996952156
2023-03-19T18:00:00Z,112588955213009
2023-03-19T17:00:00Z,112581625171501
2023-03-19T16:00:00Z,112579768908877
2023-03-19T15:00:00Z,112578112375781
2023-03-19T14:00:00Z,112579618020162
2023-03-19T13:00:00Z,112579080366758
2023-03-19T12:00:00Z,112578842490421
2023-03-19T11:00:00Z,112579511445513
2023-03-19T10:00:00Z,112579090008752
2023-03-19T09:00:00Z,112577785403620
2023-03-19T08:00:00Z,112578793835149
2023-03-19T07:00:00Z,112578721893080
2023-03-19T06:00:00Z,112577607277688
2023-03-19T05:00:00Z,112577393589610
2023-03-19T04:00:00Z,112576034884448
2023-03-19T03:00:00Z,112575600153629
2023-03-19T02:00:00Z,112563410202080
2023-03-19T01:00:00Z,112562530369501
2023-03-19T00:00:00Z,112563715347111
2023-03-18T23:00:00Z,112566582450160
2023-03-18T22:00:00Z,112573501648448
2023-03-18T21:00:00Z,112573283117894
2023-03-18T20:00:00Z,112573322510568
2023-03-18T19:00:00Z,112572938045622
2023-03-18T18:00:00Z,112569842963800
2023-03-18T17:00:00Z,112570761785299
2023-03-18T16:00:00Z,112571766348632
2023-03-18T15:00:00Z,112587277726594
2023-03-18T14:00:00Z,112587585390588
2023-03-18T13:00:00Z,112585800497747
2023-03-18T12:00:00Z,112585766251378
2023-03-18T11:00:00Z,112584802578291
2023-03-18T10:00:00Z,112583921136320
2023-03-18T09:00:00Z,112580064213296
2023-03-18T08:00:00Z,112578794003840
2023-03-18T07:00:00Z,112579583337787
2023-03-18T06:00:00Z,112579422783800
2023-03-18T05:00:00Z,112579764264746
2023-03-18T04:00:00Z,112578305559548
2023-03-18T03:00:00Z,112578490329705
2023-03-18T02:00:00Z,112569536524648
2023-03-18T01:00:00Z,112564806787771
2023-03-18T00:00:00Z,112563229654009
2023-03-17T23:00:00Z,112557893271166
2023-03-17T22:00:00Z,112556490620445
2023-03-17T21:00:00Z,112553295914119
2023-03-17T20:00:00Z,112554690305389
2023-03-17T19:00:00Z,112553922096905
2023-03-17T18:00:00Z,112553202389380
2023-03-17T17:00:00Z,112553123385085
2023-03-17T16:00:00Z,112550960244479
2023-03-17T15:00:00Z,112549762535776
2023-03-17T14:00:00Z,112549171450639
2023-03-17T13:00:00Z,112533515928201
2023-03-17T12:00:00Z,112531501910149
2023-03-17T11:00:00Z,112531419391123
2023-03-17T10:00:00Z,112530907396280
2023-03-17T09:00:00Z,112529924943260
2023-03-17T08:00:00Z,112529818399439
2023-03-17T07:00:00Z,112530913685154
2023-03-17T06:00:00Z,112530228949370
2023-03-17T05:00:00Z,112529192364685
2023-03-17T04:00:00Z,112530645111485
2023-03-17T03:00:00Z,112521889771450
2023-03-17T02:00:00Z,112522503143159
2023-03-17T01:00:00Z,112522068046274
2023-03-17T00:00:00Z,112521268364012
2023-03-16T23:00:00Z,112518909111201
2023-03-16T22:00:00Z,112518077903874
2023-03-16T21:00:00Z,112523086895658
2023-03-16T20:00:00Z,112522529874485
2023-03-16T19:00:00Z,112527466686612
2023-03-16T18:00:00Z,112518464357092
2023-03-16T17:00:00Z,112513870063948
2023-03-16T16:00:00Z,112514269723976
2023-03-16T15:00:00Z,112873695533541
2023-03-16T14:00:00Z,112873786285825
2023-03-16T13:00:00Z,112883325172237
2023-03-16T12:00:00Z,112882658839891
2023-03-16T11:00:00Z,112880563261555
2023-03-16T10:00:00Z,112879915621695
2023-03-16T09:00:00Z,112880239447396
2023-03-16T08:00:00Z,112880831449247
2023-03-16T07:00:00Z,112879947863062
2023-03-16T06:00:00Z,null
2023-03-16T05:00:00Z,112879525451643
2023-03-16T04:00:00Z,112878426451459
2023-03-16T03:00:00Z,112875095683708
2023-03-16T02:00:00Z,112874619318858
2023-03-16T01:00:00Z,112874637475123
2023-03-16T00:00:00Z,112876208489660
2023-03-15T23:00:00Z,112726096063391
2023-03-15T22:00:00Z,112723918488226
2023-03-15T21:00:00Z,112723294150222
2023-03-15T20:00:00Z,112722607307731
2023-03-15T19:00:00Z,113019412091106
2023-03-15T18:00:00Z,113021953092064
2023-03-15T17:00:00Z,113021305838412
2023-03-15T16:00:00Z,112426731213337
2023-03-15T15:00:00Z,112426446900433
2023-03-15T14:00:00Z,112435070378822
2023-03-15T13:00:00Z,112435011916432
2023-03-15T12:00:00Z,112433988360846
2023-03-15T11:00:00Z,112435488926838
2023-03-15T10:00:00Z,112434419607789
2023-03-15T09:00:00Z,112435434247611
2023-03-15T08:00:00Z,112441059756538
2023-03-15T07:00:00Z,112441151587095
2023-03-15T06:00:00Z,112440273389161
2023-03-15T05:00:00Z,112440641324645
2023-03-15T04:00:00Z,112439330242049
2023-03-15T03:00:00Z,112438184897123
2023-03-15T02:00:00Z,112436224385057
2023-03-15T01:00:00Z,112435824879221
2023-03-15T00:00:00Z,112435007408071
2023-03-14T23:00:00Z,112429102376769
2023-03-14T22:00:00Z,112427865798141
2023-03-14T21:00:00Z,112418813709608
2023-03-14T20:00:00Z,112418469474467
2023-03-14T19:00:00Z,112417931239411
2023-03-14T18:00:00Z,112417892772996
2023-03-14T17:00:00Z,112424466288671
2023-03-14T16:00:00Z,112438171099336
2023-03-14T15:00:00Z,112465999052989
2023-03-14T14:00:00Z,112466678318863
2023-03-14T13:00:00Z,112473360726034
2023-03-14T12:00:00Z,112468601667185
2023-03-14T11:00:00Z,112468483576718
2023-03-14T10:00:00Z,112468864848186
2023-03-14T09:00:00Z,112466546404129
2023-03-14T08:00:00Z,112528393764751
2023-03-14T07:00:00Z,112530723810181
2023-03-14T06:00:00Z,112493526183350
2023-03-14T05:00:00Z,112489290029470
2023-03-14T04:00:00Z,112485760411101
2023-03-14T03:00:00Z,112483267934748
2023-03-14T02:00:00Z,112483035942637
2023-03-14T01:00:00Z,112480741473985
2023-03-14T00:00:00Z,111754902378140
2023-03-13T23:00:00Z,111753543093005
2023-03-13T22:00:00Z,111753382389022
2023-03-13T21:00:00Z,111747388270203
2023-03-13T20:00:00Z,111745685471143
2023-03-13T19:00:00Z,112140215663598
2023-03-13T18:00:00Z,112189406178722
2023-03-13T17:00:00Z,112219215762744
2023-03-13T16:00:00Z,112218771649779
2023-03-13T15:00:00Z,112220424056137
2023-03-13T14:00:00Z,112224919018006
2023-03-13T13:00:00Z,112224710462747
2023-03-13T12:00:00Z,112172268703239
2023-03-13T11:00:00Z,112175949094002
2023-03-13T10:00:00Z,112102039356586
2023-03-13T09:00:00Z,112105525736390
2023-03-13T08:00:00Z,112104827764388
2023-03-13T07:00:00Z,112104619644356
2023-03-13T06:00:00Z,null
2023-03-13T05:00:00Z,112104700098754
2023-03-13T04:00:00Z,112106918642754
2023-03-13T03:00:00Z,112106127224230
2023-03-13T02:00:00Z,112105350830106
2023-03-13T01:00:00Z,112105892756155
2023-03-13T00:00:00Z,112194155400130
2023-03-12T23:00:00Z,112193769225707
2023-03-12T22:00:00Z,112149956135824
2023-03-12T21:00:00Z,112145916932087
2023-03-12T20:00:00Z,112137307571157
2023-03-12T19:00:00Z,112140287135499
2023-03-12T18:00:00Z,112176765316950
2023-03-12T17:00:00Z,112181857415761
2023-03-12T16:00:00Z,112173151180598
2023-03-12T15:00:00Z,112173147212759
2023-03-12T14:00:00Z,112173536119002
2023-03-12T13:00:00Z,112176052660979
2023-03-12T12:00:00Z,112175663870201
2023-03-12T11:00:00Z,112182326329326
2023-03-12T10:00:00Z,112181644370411
2023-03-12T09:00:00Z,112179849287546
2023-03-12T08:00:00Z,112176309804532
2023-03-12T07:00:00Z,112176452131221
2023-03-12T06:00:00Z,null
2023-03-12T05:00:00Z,112191042891427
2023-03-12T04:00:00Z,112216054459686
2023-03-12T03:00:00Z,112215696755207
2023-03-12T02:00:00Z,112217469888408
2023-03-12T01:00:00Z,112215789450557
2023-03-12T00:00:00Z,112214654207571
2023-03-11T23:00:00Z,112214490589208
2023-03-11T22:00:00Z,112213338995282
2023-03-11T21:00:00Z,112213335606007
2023-03-11T20:00:00Z,112215824893511
2023-03-11T19:00:00Z,112200030955752
2023-03-11T18:00:00Z,112199429052814
2023-03-11T17:00:00Z,112201451101034
2023-03-11T16:00:00Z,112198613455691
2023-03-11T15:00:00Z,112186296625575
2023-03-11T14:00:00Z,112186968515222
2023-03-11T13:00:00Z,112200076462043
2023-03-11T12:00:00Z,112202387491821
2023-03-11T11:00:00Z,112191731914719
2023-03-11T10:00:00Z,112194344701208
2023-03-11T09:00:00Z,112190397449740
2023-03-11T08:00:00Z,112189085702264
2023-03-11T07:00:00Z,112187815912803
2023-03-11T06:00:00Z,null
2023-03-11T05:00:00Z,112207373962976
2023-03-11T04:00:00Z,112232044890026
2023-03-11T03:00:00Z,112231318505705
2023-03-11T02:00:00Z,112230310645887
2023-03-11T01:00:00Z,112230480939729
2023-03-11T00:00:00Z,112308627025438
2023-03-10T23:00:00Z,112283598322555
2023-03-10T22:00:00Z,112293811608586
2023-03-10T21:00:00Z,112284765744776
2023-03-10T20:00:00Z,112282219787483
2023-03-10T19:00:00Z,112281546414702
2023-03-10T18:00:00Z,112280882994265
2023-03-10T17:00:00Z,112292605359181
2023-03-10T16:00:00Z,112292121691866
2023-03-10T15:00:00Z,112294830345603
2023-03-10T14:00:00Z,112293193340706
2023-03-10T13:00:00Z,112291793453264
2023-03-10T12:00:00Z,112289634034457
2023-03-10T11:00:00Z,112295628881370
2023-03-10T10:00:00Z,112293686729416
2023-03-10T09:00:00Z,112279293247343
2023-03-10T08:00:00Z,112279610700705
2023-03-10T07:00:00Z,112299044335958
2023-03-10T06:00:00Z,112297667933737
2023-03-10T05:00:00Z,112286826662139
2023-03-10T04:00:00Z,112288682204294
2023-03-10T03:00:00Z,112288174913309
2023-03-10T02:00:00Z,112289209228149
2023-03-10T01:00:00Z,112287594555641
2023-03-10T00:00:00Z,112284400182217
2023-03-09T23:00:00Z,112284658188042
2023-03-09T22:00:00Z,112294915233921
2023-03-09T21:00:00Z,112294412981223
2023-03-09T20:00:00Z,112361558932555
2023-03-09T19:00:00Z,112361143304212
2023-03-09T18:00:00Z,112617014839459
2023-03-09T17:00:00Z,112615752423539
2023-03-09T16:00:00Z,112670422922036
2023-03-09T15:00:00Z,112679668850809
2023-03-09T14:00:00Z,112678778228112
2023-03-09T13:00:00Z,112677094575721
2023-03-09T12:00:00Z,112674859025027
2023-03-09T11:00:00Z,112676857466424
2023-03-09T10:00:00Z,112676273451200
2023-03-09T09:00:00Z,112675790648330
2023-03-09T08:00:00Z,112675383813552
2023-03-09T07:00:00Z,112675622703314
2023-03-09T06:00:00Z,null
2023-03-09T05:00:00Z,112679311459130
2023-03-09T04:00:00Z,112686859273353
2023-03-09T03:00:00Z,112685918766062
2023-03-09T02:00:00Z,112686049561560
2023-03-09T01:00:00Z,112684741452844
2023-03-09T00:00:00Z,112689296332081
2023-03-08T23:00:00Z,112689304633305
2023-03-08T22:00:00Z,112694064729054
2023-03-08T21:00:00Z,112694706036832
2023-03-08T20:00:00Z,112692246701126
2023-03-08T19:00:00Z,112691740192000
2023-03-08T18:00:00Z,112690302094502
2023-03-08T17:00:00Z,112690325079372
2023-03-08T16:00:00Z,112692017853678
2023-03-08T15:00:00Z,112692435130100
2023-03-08T14:00:00Z,112687747166561
2023-03-08T13:00:00Z,112689426357780
2023-03-08T12:00:00Z,112688359923721
2023-03-08T11:00:00Z,112694740032948
2023-03-08T10:00:00Z,112692226889595
2023-03-08T09:00:00Z,112690812216055
2023-03-08T08:00:00Z,112687037887496
2023-03-08T07:00:00Z,112687378866984
2023-03-08T06:00:00Z,112688537455232
2023-03-08T05:00:00Z,112687694737372
2023-03-08T04:00:00Z,112702837205814
2023-03-08T03:00:00Z,112705313042393
2023-03-08T02:00:00Z,112704045288200
2023-03-08T01:00:00Z,112702795925817
2023-03-08T00:00:00Z,112702153823175
2023-03-07T23:00:00Z,112700427591269
2023-03-07T22:00:00Z,112699608389351
2023-03-07T21:00:00Z,112699189802031
2023-03-07T20:00:00Z,112698714041281
2023-03-07T19:00:00Z,112696606257048
2023-03-07T18:00:00Z,112694307242341
2023-03-07T17:00:00Z,112694064277558
2023-03-07T16:00:00Z,112693449120682
2023-03-07T15:00:00Z,112693063766392
2023-03-07T14:00:00Z,112694573704784
2023-03-07T13:00:00Z,112693952876630
2023-03-07T12:00:00Z,112711519910986
2023-03-07T11:00:00Z,112714427848111
2023-03-07T10:00:00Z,112713363440524
2023-03-07T09:00:00Z,112713094860644
2023-03-07T08:00:00Z,112666764706986
2023-03-07T07:00:00Z,112683400204038
2023-03-07T06:00:00Z,112685350870676
2023-03-07T05:00:00Z,112680615877787
2023-03-07T04:00:00Z,112680646560190
2023-03-07T03:00:00Z,112677774842409
2023-03-07T02:00:00Z,112677605840091
2023-03-07T01:00:00Z,112675824711870
2023-03-07T00:00:00Z,112675756387436
2023-03-06T23:00:00Z,112674861122773
2023-03-06T22:00:00Z,112674730848308
2023-03-06T21:00:00Z,112673336934621
2023-03-06T20:00:00Z,112490896068209
2023-03-06T19:00:00Z,112489103414007
2023-03-06T18:00:00Z,112555521051656
2023-03-06T17:00:00Z,112554603209859
2023-03-06T16:00:00Z,112554142144565
2023-03-06T15:00:00Z,112553051448216
2023-03-06T14:00:00Z,112463755897429
2023-03-06T13:00:00Z,112462241272741
2023-03-06T12:00:00Z,112465419145293
2023-03-06T11:00:00Z,112459100361483
2023-03-06T10:00:00Z,112458964638037
2023-03-06T09:00:00Z,112457355319371
2023-03-06T08:00:00Z,112456075841898
2023-03-06T07:00:00Z,112442827485990
2023-03-06T06:00:00Z,112443972219314
2023-03-06T05:00:00Z,112483143621855
2023-03-06T04:00:00Z,112482839087260
2023-03-06T03:00:00Z,112499710182970
2023-03-06T02:00:00Z,112498216735500
2023-03-06T01:00:00Z,112495469111688
2023-03-06T00:00:00Z,112493509726854
2023-03-05T23:00:00Z,112486682982998
2023-03-05T22:00:00Z,112483428143728
2023-03-05T21:00:00Z,112482577964402
2023-03-05T20:00:00Z,112476102738671
2023-03-05T19:00:00Z,112473506782080
2023-03-05T18:00:00Z,112472881541428
2023-03-05T17:00:00Z,112468280230963
2023-03-05T16:00:00Z,112474165025579
2023-03-05T15:00:00Z,112473402004565
2023-03-05T14:00:00Z,112462177377254
2023-03-05T13:00:00Z,112467254393548
2023-03-05T12:00:00Z,112465542784877
2023-03-05T11:00:00Z,112460146351802
2023-03-05T10:00:00Z,112448333685251
2023-03-05T09:00:00Z,112458648639566
2023-03-05T08:00:00Z,112457630824370
2023-03-05T07:00:00Z,112456627337052
2023-03-05T06:00:00Z,112454410190460
2023-03-05T05:00:00Z,112450532501474
2023-03-05T04:00:00Z,112450492434362
2023-03-05T03:00:00Z,112450354657026
2023-03-05T02:00:00Z,112447855481404
2023-03-05T01:00:00Z,112447536138877
2023-03-05T00:00:00Z,112445978119946
2023-03-04T23:00:00Z,112441186626920
2023-03-04T22:00:00Z,112439958294709
2023-03-04T21:00:00Z,112436840941472
2023-03-04T20:00:00Z,112427904385346
2023-03-04T19:00:00Z,112426532579394
2023-03-04T18:00:00Z,112425081325655
2023-03-04T17:00:00Z,112424785382032
2023-03-04T16:00:00Z,112425568999213
2023-03-04T15:00:00Z,112434856309519
2023-03-04T14:00:00Z,112431287455416
2023-03-04T13:00:00Z,112419948607719
2023-03-04T12:00:00Z,112419241956602
2023-03-04T11:00:00Z,112412687430688
2023-03-04T10:00:00Z,112442665313661
2023-03-04T09:00:00Z,112442461290058
2023-03-04T08:00:00Z,112440532662486
2023-03-04T07:00:00Z,112438387672497
2023-03-04T06:00:00Z,112438415842300
2023-03-04T05:00:00Z,112438805570347
2023-03-04T04:00:00Z,112438263697604
2023-03-04T03:00:00Z,112437725301674
2023-03-04T02:00:00Z,112392090331219
2023-03-04T01:00:00Z,112389408354077
2023-03-04T00:00:00Z,112391648439837
2023-03-03T23:00:00Z,112389026560322
2023-03-03T22:00:00Z,112387863003858
2023-03-03T21:00:00Z,112390365581994
2023-03-03T20:00:00Z,112388781794772
2023-03-03T19:00:00Z,112389362151703
2023-03-03T18:00:00Z,112376726874114
2023-03-03T17:00:00Z,112375809413295
2023-03-03T16:00:00Z,112374908436364
2023-03-03T15:00:00Z,112317557732504
2023-03-03T14:00:00Z,111331228136281
2023-03-03T13:00:00Z,111330626652319
2023-03-03T12:00:00Z,111329931986060
2023-03-03T11:00:00Z,111329171759940
2023-03-03T10:00:00Z,111330981213148
2023-03-03T09:00:00Z,111328081308351
2023-03-03T08:00:00Z,111328007695442
2023-03-03T07:00:00Z,111326614439794
2023-03-03T06:00:00Z,111323126292721
2023-03-03T05:00:00Z,111327999386773
2023-03-03T04:00:00Z,111320681701647
2023-03-03T03:00:00Z,111318981654117
2023-03-03T02:00:00Z,111324550183651
2023-03-03T01:00:00Z,111318086207487
2023-03-03T00:00:00Z,111313616422971
2023-03-02T23:00:00Z,111313335968171
2023-03-02T22:00:00Z,111310066560032
2023-03-02T21:00:00Z,111309017813426
2023-03-02T20:00:00Z,111308655522207
2023-03-02T19:00:00Z,111304762995081
2023-03-02T18:00:00Z,111303145145948
2023-03-02T17:00:00Z,111306696772174
2023-03-02T16:00:00Z,111316736007383
2023-03-02T15:00:00Z,111318035258994
2023-03-02T14:00:00Z,111318243379324
2023-03-02T13:00:00Z,111308961104845
2023-03-02T12:00:00Z,111308361180910
2023-03-02T11:00:00Z,111305743152511
2023-03-02T10:00:00Z,111299307376636
2023-03-02T09:00:00Z,111299473241752
2023-03-02T08:00:00Z,111298215769934
2023-03-02T07:00:00Z,111294816635540
2023-03-02T06:00:00Z,111294062625641
2023-03-02T05:00:00Z,111289772711729
2023-03-02T04:00:00Z,111292338079633
2023-03-02T03:00:00Z,111291206257554
2023-03-02T02:00:00Z,111291036172788
2023-03-02T01:00:00Z,111289146812039
2023-03-02T00:00:00Z,111284868558771
2023-03-01T23:00:00Z,111303030830671
2023-03-01T22:00:00Z,111302458103806
2023-03-01T21:00:00Z,111302477642928
2023-03-01T20:00:00Z,111301592743436
2023-03-01T19:00:00Z,111299019348362
2023-03-01T18:00:00Z,111325031544827
2023-03-01T17:00:00Z,111357181099457
2023-03-01T16:00:00Z,111355222840500
2023-03-01T15:00:00Z,111341616879997
2023-03-01T14:00:00Z,111333319815950
2023-03-01T13:00:00Z,111332625906712
2023-03-01T12:00:00Z,111367165253652
2023-03-01T11:00:00Z,111365564390810
2023-03-01T10:00:00Z,111359236471054
2023-03-01T09:00:00Z,111371244454243
2023-03-01T08:00:00Z,111366423562942
2023-03-01T07:00:00Z,111365726208982
2023-03-01T06:00:00Z,111366906950436
2023-03-01T05:00:00Z,111367280477822
2023-03-01T04:00:00Z,111371024489979
2023-03-01T03:00:00Z,111371922496190
2023-03-01T02:00:00Z,111369579923176
2023-03-01T01:00:00Z,111366604235966
2023-03-01T00:00:00Z,111364529597332
2023-02-28T23:00:00Z,111363927740269
2023-02-28T22:00:00Z,111350252035196
2023-02-28T21:00:00Z,111335787707719
2023-02-28T20:00:00Z,111336158131880
2023-02-28T19:00:00Z,111334074579075
2023-02-28T18:00:00Z,111333686286356
2023-02-28T17:00:00Z,111331477140378
2023-02-28T16:00:00Z,111330382218958
2023-02-28T15:00:00Z,111330652594627
2023-02-28T14:00:00Z,111303393922322
2023-02-28T13:00:00Z,111290381792376
2023-02-28T12:00:00Z,111289250584016
2023-02-28T11:00:00Z,111288047239821
2023-02-28T10:00:00Z,111274226626806
2023-02-28T09:00:00Z,111258907831742
2023-02-28T08:00:00Z,107723101468345
2023-02-28T07:00:00Z,107720893249192
2023-02-28T06:00:00Z,107716886008560
2023-02-28T05:00:00Z,107714552538743
2023-02-28T04:00:00Z,107711799559479
2023-02-28T03:00:00Z,107711325760168
2023-02-28T02:00:00Z,107692316270048
2023-02-28T01:00:00Z,107691742755505
2023-02-28T00:00:00Z,107689956790987
2023-02-27T23:00:00Z,107687281230223
2023-02-27T22:00:00Z,107686393304584
2023-02-27T21:00:00Z,107683157590625
2023-02-27T20:00:00Z,107680544940430
2023-02-27T19:00:00Z,107674042587762
2023-02-27T18:00:00Z,107617154864671
2023-02-27T17:00:00Z,107617924286819
2023-02-27T16:00:00Z,107634069809588
2023-02-27T15:00:00Z,107577348270974
2023-02-27T14:00:00Z,107575821515182
2023-02-27T13:00:00Z,null
2023-02-27T12:00:00Z,107536301476981
2023-02-27T11:00:00Z,107533866586246
2023-02-27T10:00:00Z,107533213493962
2023-02-27T09:00:00Z,107535043792061
2023-02-27T08:00:00Z,107533457302633
2023-02-27T07:00:00Z,107532282578663
2023-02-27T06:00:00Z,107528565077702
2023-02-27T05:00:00Z,107525964731378
2023-02-27T04:00:00Z,107501440012796
2023-02-27T03:00:00Z,107501256754112
2023-02-27T02:00:00Z,107499073147743
2023-02-27T01:00:00Z,107498949761921
2023-02-27T00:00:00Z,107448323994938
2023-02-26T23:00:00Z,107447621140549
2023-02-26T22:00:00Z,107432814553789
2023-02-26T21:00:00Z,107430332775575
2023-02-26T20:00:00Z,107427009870923
2023-02-26T19:00:00Z,107422380425761
2023-02-26T18:00:00Z,107416411678250
2023-02-26T17:00:00Z,107414055708482
2023-02-26T16:00:00Z,107413435913585
2023-02-26T15:00:00Z,107412264923510
2023-02-26T14:00:00Z,107409934998325
2023-02-26T13:00:00Z,107409326169109
2023-02-26T12:00:00Z,107406231116354
2023-02-26T11:00:00Z,107405658231265
2023-02-26T10:00:00Z,107400906700146
2023-02-26T09:00:00Z,107401804054389
2023-02-26T08:00:00Z,107401566383553
2023-02-26T07:00:00Z,107400469665225
2023-02-26T06:00:00Z,107400095270639
2023-02-26T05:00:00Z,107392693594675
2023-02-26T04:00:00Z,107391122839140
2023-02-26T03:00:00Z,107388192984555
2023-02-26T02:00:00Z,107386681799478
2023-02-26T01:00:00Z,107385591097621
2023-02-26T00:00:00Z,107374631772186
2023-02-25T23:00:00Z,107364749545681
2023-02-25T22:00:00Z,107340065315346
2023-02-25T21:00:00Z,107304022991933
2023-02-25T20:00:00Z,107301703074591
2023-02-25T19:00:00Z,107300715135182
2023-02-25T18:00:00Z,107299778753375
2023-02-25T17:00:00Z,107290332878332
2023-02-25T16:00:00Z,107288624120618
2023-02-25T15:00:00Z,107280865754643
2023-02-25T14:00:00Z,107278216463745
2023-02-25T13:00:00Z,107276980681013
2023-02-25T12:00:00Z,107275866221870
2023-02-25T11:00:00Z,107274733413345
2023-02-25T10:00:00Z,107272340737649
2023-02-25T09:00:00Z,107272095157202
2023-02-25T08:00:00Z,107229598415621
2023-02-25T07:00:00Z,107228924765974
2023-02-25T06:00:00Z,107227937418257
2023-02-25T05:00:00Z,107183739139432
2023-02-25T04:00:00Z,107182233488002
2023-02-25T03:00:00Z,107181820731948
2023-02-25T02:00:00Z,107181419646736
2023-02-25T01:00:00Z,107179762535461
2023-02-25T00:00:00Z,107177401337178
2023-02-24T23:00:00Z,107176524522095
2023-02-24T22:00:00Z,107170403362653
2023-02-24T21:00:00Z,107164061598656
2023-02-24T20:00:00Z,107221661346079
2023-02-24T19:00:00Z,107219050344320
2023-02-24T18:00:00Z,107213530889919
2023-02-24T17:00:00Z,107211909583060
2023-02-24T16:00:00Z,107146215751319
2023-02-24T15:00:00Z,107148776106796
2023-02-24T14:00:00Z,107148388710442
2023-02-24T13:00:00Z,107145224373284
2023-02-24T12:00:00Z,107144746857991
2023-02-24T11:00:00Z,107146407786805
2023-02-24T10:00:00Z,107146385383394
2023-02-24T09:00:00Z,107143835002143
2023-02-24T08:00:00Z,107141746212852
2023-02-24T07:00:00Z,107140730094218
2023-02-24T06:00:00Z,null
2023-02-24T05:00:00Z,107138578743512
2023-02-24T04:00:00Z,107136626494653
2023-02-24T03:00:00Z,107134867664389
2023-02-24T02:00:00Z,107134593746015
2023-02-24T01:00:00Z,107133091107739
2023-02-24T00:00:00Z,107131510094380
2023-02-23T23:00:00Z,107109494629634
2023-02-23T22:00:00Z,107107583501774
2023-02-23T21:00:00Z,107105039837715
2023-02-23T20:00:00Z,107101581601143
2023-02-23T19:00:00Z,107099131878660
2023-02-23T18:00:00Z,107097482095441
2023-02-23T17:00:00Z,107096905829939
2023-02-23T16:00:00Z,107086592030739
2023-02-23T15:00:00Z,107085037240891
2023-02-23T14:00:00Z,107108634570720
2023-02-23T13:00:00Z,107101175505049
2023-02-23T12:00:00Z,107106524896637
2023-02-23T11:00:00Z,107104320944296
2023-02-23T10:00:00Z,107097419036390
2023-02-23T09:00:00Z,107099327671870
2023-02-23T08:00:00Z,107095781905764
2023-02-23T07:00:00Z,107084176640240
2023-02-23T06:00:00Z,107079204654615
2023-02-23T05:00:00Z,107074469167096
2023-02-23T04:00:00Z,107071615796649
2023-02-23T03:00:00Z,107055255492711
2023-02-23T02:00:00Z,107052355590319
2023-02-23T01:00:00Z,107050093535908
2023-02-23T00:00:00Z,107055732675799
2023-02-22T23:00:00Z,107060125414291
2023-02-22T22:00:00Z,107037689438977
2023-02-22T21:00:00Z,107024118792987
2023-02-22T20:00:00Z,107033420459883
2023-02-22T19:00:00Z,107028066960084
2023-02-22T18:00:00Z,107027758329411
2023-02-22T17:00:00Z,107061933401066
2023-02-22T16:00:00Z,107060248858224
2023-02-22T15:00:00Z,107053059529036
2023-02-22T14:00:00Z,107054019826195
2023-02-22T13:00:00Z,107052706389943
2023-02-22T12:00:00Z,107049233631942
2023-02-22T11:00:00Z,107049401332099
2023-02-22T10:00:00Z,107048228904355
2023-02-22T09:00:00Z,107045426194488
2023-02-22T08:00:00Z,107040372840725
2023-02-22T07:00:00Z,107037827224511
2023-02-22T06:00:00Z,106987569409213
2023-02-22T05:00:00Z,106987157893409
2023-02-22T04:00:00Z,106984026268556
2023-02-22T03:00:00Z,106982523849901
2023-02-22T02:00:00Z,106982371146788
2023-02-22T01:00:00Z,106980861331661
2023-02-22T00:00:00Z,106981168167980
2023-02-21T23:00:00Z,106975940468034
2023-02-21T22:00:00Z,106974847100801
2023-02-21T21:00:00Z,106972521765821
2023-02-21T20:00:00Z,106971367848239
2023-02-21T19:00:00Z,106968050731476
2023-02-21T18:00:00Z,106966817060109
2023-02-21T17:00:00Z,106964367978959
2023-02-21T16:00:00Z,106968109378858
2023-02-21T15:00:00Z,106966668701189
2023-02-21T14:00:00Z,106969959950181
2023-02-21T13:00:00Z,106964289151097
2023-02-21T12:00:00Z,106962803263561
2023-02-21T11:00:00Z,106961885754783
2023-02-21T10:00:00Z,106960682856815
2023-02-21T09:00:00Z,106958015513037
2023-02-21T08:00:00Z,106957611595623
2023-02-21T07:00:00Z,106955229196942
2023-02-21T06:00:00Z,106954052588724
2023-02-21T05:00:00Z,106952502902077
2023-02-21T04:00:00Z,106950128461364
2023-02-21T03:00:00Z,106945169617790
2023-02-21T02:00:00Z,106929947590058
2023-02-21T01:00:00Z,106787327524591
2023-02-21T00:00:00Z,106786213053926
2023-02-20T23:00:00Z,106788591975206
2023-02-20T22:00:00Z,106785584506540
2023-02-20T21:00:00Z,106784679669096
2023-02-20T20:00:00Z,106782131729610
2023-02-20T19:00:00Z,106780672775052
2023-02-20T18:00:00Z,106778814126880
2023-02-20T17:00:00Z,106771958331456
2023-02-20T16:00:00Z,106762443288677
2023-02-20T15:00:00Z,106762046794602
2023-02-20T14:00:00Z,106761197417199
2023-02-20T13:00:00Z,106812501069628
2023-02-20T12:00:00Z,106811281172813
2023-02-20T11:00:00Z,106810628592661
2023-02-20T10:00:00Z,106809525773939
2023-02-20T09:00:00Z,106806839538048
2023-02-20T08:00:00Z,106806836338048
2023-02-20T07:00:00Z,106799095581756
2023-02-20T06:00:00Z,106799007247653
2023-02-20T05:00:00Z,106748376022369
2023-02-20T04:00:00Z,106749664771225
2023-02-20T03:00:00Z,106744258080002
2023-02-20T02:00:00Z,106744015819277
2023-02-20T01:00:00Z,106739544709342
2023-02-20T00:00:00Z,106735089667298
2023-02-19T23:00:00Z,106734537347263
2023-02-19T22:00:00Z,106734751606473
2023-02-19T21:00:00Z,106725187138600
2023-02-19T20:00:00Z,106717121140076
2023-02-19T19:00:00Z,106697798271475
2023-02-19T18:00:00Z,106696816915922
2023-02-19T17:00:00Z,106694421575896
2023-02-19T16:00:00Z,106667442020100
2023-02-19T15:00:00Z,106665041842430
2023-02-19T14:00:00Z,106663627993452
2023-02-19T13:00:00Z,106664452980459
2023-02-19T12:00:00Z,106659074054381
2023-02-19T11:00:00Z,106656230100379
2023-02-19T10:00:00Z,106654299075268
2023-02-19T09:00:00Z,106653754582455
2023-02-19T08:00:00Z,106652674502590
2023-02-19T07:00:00Z,106643127483518
2023-02-19T06:00:00Z,106641031476011
2023-02-19T05:00:00Z,106638134759956
2023-02-19T04:00:00Z,106636951543027
2023-02-19T03:00:00Z,106635008432183
2023-02-19T02:00:00Z,106621578514872
2023-02-19T01:00:00Z,106619285001605
2023-02-19T00:00:00Z,106616352940929
2023-02-18T23:00:00Z,106615463859677
2023-02-18T22:00:00Z,106614684721049
2023-02-18T21:00:00Z,106612312489627
2023-02-18T20:00:00Z,106610083953704
2023-02-18T19:00:00Z,106609605175239
2023-02-18T18:00:00Z,106606891301666
2023-02-18T17:00:00Z,106546968645696
2023-02-18T16:00:00Z,106549066717926
2023-02-18T15:00:00Z,106547747883623
2023-02-18T14:00:00Z,106546273961623
2023-02-18T13:00:00Z,106544952530610
2023-02-18T12:00:00Z,106539581408299
2023-02-18T11:00:00Z,106539784648679
2023-02-18T10:00:00Z,106537020570084
2023-02-18T09:00:00Z,106534296645901
2023-02-18T08:00:00Z,106527666073904
2023-02-18T07:00:00Z,106524362583906
2023-02-18T06:00:00Z,106518562799730
2023-02-18T05:00:00Z,106518149547327
2023-02-18T04:00:00Z,106516321510838
2023-02-18T03:00:00Z,106515003826621
2023-02-18T02:00:00Z,106492418146376
2023-02-18T01:00:00Z,106477097524379
2023-02-18T00:00:00Z,106475024578784
2023-02-17T23:00:00Z,106473714062823
2023-02-17T22:00:00Z,106471174949892
2023-02-17T21:00:00Z,106472000840019
2023-02-17T20:00:00Z,106471370244833
2023-02-17T19:00:00Z,106468756697362
2023-02-17T18:00:00Z,106464514809610
2023-02-17T17:00:00Z,106462609611908
2023-02-17T16:00:00Z,106450654581374
2023-02-17T15:00:00Z,106451644236573
2023-02-17T14:00:00Z,106451439670203
2023-02-17T13:00:00Z,106448992516660
2023-02-17T12:00:00Z,106383032428096
2023-02-17T11:00:00Z,106376939395447
2023-02-17T10:00:00Z,106375042352565
2023-02-17T09:00:00Z,106354140126393
2023-02-17T08:00:00Z,106353619105562
2023-02-17T07:00:00Z,106350505228092
2023-02-17T06:00:00Z,106325089573658
2023-02-17T05:00:00Z,106319018457758
2023-02-17T04:00:00Z,106316637655951
2023-02-17T03:00:00Z,106315427236903
2023-02-17T02:00:00Z,106313065757980
2023-02-17T01:00:00Z,106334210562367
2023-02-17T00:00:00Z,106334904105308
2023-02-16T23:00:00Z,106330570288707
2023-02-16T22:00:00Z,106329551376082
2023-02-16T21:00:00Z,106352102768029
2023-02-16T20:00:00Z,106347596061109
2023-02-16T19:00:00Z,106260768201584
2023-02-16T18:00:00Z,106264257048276
2023-02-16T17:00:00Z,105632169298277
2023-02-16T16:00:00Z,105630840835586
2023-02-16T15:00:00Z,105629992337940
2023-02-16T14:00:00Z,105629420846711
2023-02-16T13:00:00Z,105443087327240
2023-02-16T12:00:00Z,105396390198805
2023-02-16T11:00:00Z,105395623203847
2023-02-16T10:00:00Z,102954932550494
2023-02-16T09:00:00Z,102949615185465
2023-02-16T08:00:00Z,102949615185465
2023-02-16T07:00:00Z,106479573917802
2023-02-16T06:00:00Z,106464831858949
2023-02-16T05:00:00Z,106422498770641
2023-02-16T04:00:00Z,106421417936774
2023-02-16T03:00:00Z,106419591369000
2023-02-16T02:00:00Z,106405658602992
2023-02-16T01:00:00Z,106402194173328
2023-02-16T00:00:00Z,106399099505726
2023-02-15T23:00:00Z,106394084748769
2023-02-15T22:00:00Z,106395997751173
2023-02-15T21:00:00Z,106392005604884
2023-02-15T20:00:00Z,106388600318700
2023-02-15T19:00:00Z,106372471249654
2023-02-15T18:00:00Z,106357951655361
2023-02-15T17:00:00Z,106355600896184
2023-02-15T16:00:00Z,106350208116240
2023-02-15T15:00:00Z,106348359376712
2023-02-15T14:00:00Z,106352406494339
2023-02-15T13:00:00Z,106348637366036
2023-02-15T12:00:00Z,106347377327671
2023-02-15T11:00:00Z,106345702958942
2023-02-15T10:00:00Z,106344128977553
2023-02-15T09:00:00Z,106343311624720
2023-02-15T08:00:00Z,106305646959305
2023-02-15T07:00:00Z,106294336876014
2023-02-15T06:00:00Z,106292412518224
2023-02-15T05:00:00Z,106289545972818
2023-02-15T04:00:00Z,106286973057959
2023-02-15T03:00:00Z,106286295151030
2023-02-15T02:00:00Z,106232169532163
2023-02-15T01:00:00Z,106192049735839
2023-02-15T00:00:00Z,106188377447612
2023-02-14T23:00:00Z,106181136498155
2023-02-14T22:00:00Z,106179106766420
2023-02-14T21:00:00Z,106177790540387
2023-02-14T20:00:00Z,106179516182750
2023-02-14T19:00:00Z,106167487717311
2023-02-14T18:00:00Z,106164341187644
2023-02-14T17:00:00Z,106162830578904
2023-02-14T16:00:00Z,106162190999678
2023-02-14T15:00:00Z,106157174221713
2023-02-14T14:00:00Z,106156313220885
2023-02-14T13:00:00Z,105904310073072
2023-02-14T12:00:00Z,105902349251589
2023-02-14T11:00:00Z,105882353805776
2023-02-14T10:00:00Z,105879535108215
2023-02-14T09:00:00Z,105876993702052
2023-02-14T08:00:00Z,105853100154063
2023-02-14T07:00:00Z,105858161395855
2023-02-14T06:00:00Z,105894909584627
2023-02-14T05:00:00Z,105892428863586
2023-02-14T04:00:00Z,105891601822180
2023-02-14T03:00:00Z,105886778257970
2023-02-14T02:00:00Z,105869090821195
2023-02-14T01:00:00Z,105868265526851
2023-02-14T00:00:00Z,105866950249133
2023-02-13T23:00:00Z,105853187017007
2023-02-13T22:00:00Z,105847393090651
2023-02-13T21:00:00Z,105811014861501
2023-02-13T20:00:00Z,105806083682816
2023-02-13T19:00:00Z,105797071686291
2023-02-13T18:00:00Z,105790990335372
2023-02-13T17:00:00Z,105769714750083
2023-02-13T16:00:00Z,105712424169551
2023-02-13T15:00:00Z,105698584018278
2023-02-13T14:00:00Z,105649855336521
2023-02-13T13:00:00Z,105648936825414
2023-02-13T12:00:00Z,105647627802592
2023-02-13T11:00:00Z,105822812107980
2023-02-13T10:00:00Z,105809472923389
2023-02-13T09:00:00Z,105805349572643
2023-02-13T08:00:00Z,105799517317180
2023-02-13T07:00:00Z,105797908956293
2023-02-13T06:00:00Z,105794881454351
2023-02-13T05:00:00Z,105765586931599
2023-02-13T04:00:00Z,105744806910481
2023-02-13T03:00:00Z,105744315911040
2023-02-13T02:00:00Z,105743055169334
2023-02-13T01:00:00Z,105753102283467
2023-02-13T00:00:00Z,105729652773654
2023-02-12T23:00:00Z,105729146910738
2023-02-12T22:00:00Z,105715269526674
2023-02-12T21:00:00Z,105712490801322
2023-02-12T20:00:00Z,105700351254284
2023-02-12T19:00:00Z,105696401143429
2023-02-12T18:00:00Z,105694744000434
2023-02-12T17:00:00Z,105694072118700
2023-02-12T16:00:00Z,105674024326606
2023-02-12T15:00:00Z,105672658816412
2023-02-12T14:00:00Z,105670969035061
2023-02-12T13:00:00Z,105667256307563
2023-02-12T12:00:00Z,105663562767124
2023-02-12T11:00:00Z,105652802781289
2023-02-12T10:00:00Z,105651873079799
2023-02-12T09:00:00Z,105651473700809
2023-02-12T08:00:00Z,105649873949940
2023-02-12T07:00:00Z,105593409654072
2023-02-12T06:00:00Z,105592871558073
2023-02-12T05:00:00Z,105591204888339
2023-02-12T04:00:00Z,105589681614175
2023-02-12T03:00:00Z,105585590891561
2023-02-12T02:00:00Z,105584942762621
2023-02-12T01:00:00Z,105560577653435
2023-02-12T00:00:00Z,105559329213975
2023-02-11T23:00:00Z,105543331870831
2023-02-11T22:00:00Z,105539300218265
2023-02-11T21:00:00Z,104439684709677
2023-02-11T20:00:00Z,104432039980916
2023-02-11T19:00:00Z,104430721394736
2023-02-11T18:00:00Z,104426137894221
2023-02-11T17:00:00Z,104423767544706
2023-02-11T16:00:00Z,104420890153970
2023-02-11T15:00:00Z,104407266209558
2023-02-11T14:00:00Z,104388939930814
2023-02-11T13:00:00Z,104386490907369
2023-02-11T12:00:00Z,104379512966229
2023-02-11T11:00:00Z,104376988147390
2023-02-11T10:00:00Z,104376912513341
2023-02-11T09:00:00Z,104373198672890
2023-02-11T08:00:00Z,104374473419504
2023-02-11T07:00:00Z,103864319319395
2023-02-11T06:00:00Z,103843602403346
2023-02-11T05:00:00Z,103843602403346
2023-02-11T04:00:00Z,103840477003742
2023-02-11T03:00:00Z,103840286810445
2023-02-11T02:00:00Z,103828934914116
2023-02-11T01:00:00Z,103829184294733
2023-02-11T00:00:00Z,103827304510850
2023-02-10T23:00:00Z,103825172509289
2023-02-10T22:00:00Z,103813188338551
2023-02-10T21:00:00Z,103814744151704
2023-02-10T20:00:00Z,103812033763836
2023-02-10T19:00:00Z,103773878594587
2023-02-10T18:00:00Z,103766737073722
2023-02-10T17:00:00Z,103753318742238
2023-02-10T16:00:00Z,103745338265091
2023-02-10T15:00:00Z,103738848978254
2023-02-10T14:00:00Z,104783478916150
2023-02-10T13:00:00Z,104779615097070
2023-02-10T12:00:00Z,104768614662336
2023-02-10T11:00:00Z,104765788407813
2023-02-10T10:00:00Z,104764700988259
2023-02-10T09:00:00Z,104766403372649
2023-02-10T08:00:00Z,104762458802739
2023-02-10T07:00:00Z,104758959250846
2023-02-10T06:00:00Z,104755195495238
2023-02-10T05:00:00Z,104748406939717
2023-02-10T04:00:00Z,104292126629492
2023-02-10T03:00:00Z,104279935565510
2023-02-10T02:00:00Z,104428758735179
2023-02-10T01:00:00Z,104387208882260
2023-02-10T00:00:00Z,104376905927779
2023-02-09T23:00:00Z,104369081545197
2023-02-09T22:00:00Z,104380762769083
2023-02-09T21:00:00Z,104369114448843
2023-02-09T20:00:00Z,104364513915733
2023-02-09T19:00:00Z,104341748277420
2023-02-09T18:00:00Z,104326488510695
2023-02-09T17:00:00Z,104325328912466
2023-02-09T16:00:00Z,104320484213683
2023-02-09T15:00:00Z,104319279231388
2023-02-09T14:00:00Z,104314994852321
2023-02-09T13:00:00Z,104308053634371
2023-02-09T12:00:00Z,104302887807299
2023-02-09T11:00:00Z,104297581751809
2023-02-09T10:00:00Z,104181868868352
2023-02-09T09:00:00Z,104167940581494
2023-02-09T08:00:00Z,104167917078849
2023-02-09T07:00:00Z,104167916626870
2023-02-09T06:00:00Z,104167228939244
2023-02-09T05:00:00Z,104167228939244
2023-02-09T04:00:00Z,104166835820388
2023-02-09T03:00:00Z,104166218535986
2023-02-09T02:00:00Z,104162404351140
2023-02-09T01:00:00Z,104161629436736
2023-02-09T00:00:00Z,104167590555409
2023-02-08T23:00:00Z,104175558833179
2023-02-08T22:00:00Z,104174291134867
2023-02-08T21:00:00Z,104173759221050
2023-02-08T20:00:00Z,104170019600447
2023-02-08T19:00:00Z,104169090535281
2023-02-08T18:00:00Z,104169553480504
2023-02-08T17:00:00Z,104166595271065
2023-02-08T16:00:00Z,104159500227243
2023-02-08T15:00:00Z,104158488784811
2023-02-08T14:00:00Z,104169405292473
2023-02-08T13:00:00Z,104158164268311
2023-02-08T12:00:00Z,104157853869236
2023-02-08T11:00:00Z,104158750126031
2023-02-08T10:00:00Z,104156126808525
2023-02-08T09:00:00Z,104153757203168
2023-02-08T08:00:00Z,104153460946673
2023-02-08T07:00:00Z,104186118318914
2023-02-08T06:00:00Z,104184853331244
2023-02-08T05:00:00Z,104183654867413
2023-02-08T04:00:00Z,104206369939709
2023-02-08T03:00:00Z,104206116967695
2023-02-08T02:00:00Z,104196376340260
2023-02-08T01:00:00Z,104195771546782
2023-02-08T00:00:00Z,104195126526885
2023-02-07T23:00:00Z,104181691681657
2023-02-07T22:00:00Z,104148291753517
2023-02-07T21:00:00Z,104146021233161
2023-02-07T20:00:00Z,104165419858100
2023-02-07T19:00:00Z,104166111373876
2023-02-07T18:00:00Z,104165767000997
2023-02-07T17:00:00Z,104161359531805
2023-02-07T16:00:00Z,104159114820305
2023-02-07T15:00:00Z,104151336044241
2023-02-07T14:00:00Z,104153574992393
2023-02-07T13:00:00Z,104149821898182
2023-02-07T12:00:00Z,104130289087958
2023-02-07T11:00:00Z,104103126078266
2023-02-07T10:00:00Z,104048494660041
2023-02-07T09:00:00Z,104047924395649
2023-02-07T08:00:00Z,104044228608653
2023-02-07T07:00:00Z,104042116529190
2023-02-07T06:00:00Z,104041824450894
2023-02-07T05:00:00Z,104037868427852
2023-02-07T04:00:00Z,104044168223908
2023-02-07T03:00:00Z,104044616061731
2023-02-07T02:00:00Z,104032182414807
2023-02-07T01:00:00Z,104038207821946
2023-02-07T00:00:00Z,104035256608340
2023-02-06T23:00:00Z,104034058105094
2023-02-06T22:00:00Z,104021320655639
2023-02-06T21:00:00Z,103977107264087
2023-02-06T20:00:00Z,103963038459581
2023-02-06T19:00:00Z,103962789058990
2023-02-06T18:00:00Z,103949478526553
2023-02-06T17:00:00Z,103946217551000
2023-02-06T16:00:00Z,103945832938267
2023-02-06T15:00:00Z,103983251892950
2023-02-06T14:00:00Z,103974596743238
2023-02-06T13:00:00Z,103879988671175
2023-02-06T12:00:00Z,103891148290506
2023-02-06T11:00:00Z,103890128280002
2023-02-06T10:00:00Z,103882710310666
2023-02-06T09:00:00Z,103834274101455
2023-02-06T08:00:00Z,103820028096218
2023-02-06T07:00:00Z,103789325506876
2023-02-06T06:00:00Z,103787514821797
2023-02-06T05:00:00Z,103785846786118
2023-02-06T04:00:00Z,103785239108727
2023-02-06T03:00:00Z,103784965021692
2023-02-06T02:00:00Z,103780037402752
2023-02-06T01:00:00Z,103779085852094
2023-02-06T00:00:00Z,103780153333307
2023-02-05T23:00:00Z,103774296821856
2023-02-05T22:00:00Z,103771298587870
2023-02-05T21:00:00Z,103765515870666
2023-02-05T20:00:00Z,103684672528467
2023-02-05T19:00:00Z,103678649275246
2023-02-05T18:00:00Z,103662320688430
2023-02-05T17:00:00Z,103637262771478
2023-02-05T16:00:00Z,103634474864786
2023-02-05T15:00:00Z,103551923578684
2023-02-05T14:00:00Z,103535266330723
2023-02-05T13:00:00Z,103530490522498
2023-02-05T12:00:00Z,103509968968555
2023-02-05T11:00:00Z,103509669208763
2023-02-05T10:00:00Z,103505428193222
2023-02-05T09:00:00Z,103495026432909
2023-02-05T08:00:00Z,103492561967407
2023-02-05T07:00:00Z,103492571924724
2023-02-05T06:00:00Z,103492307648575
2023-02-05T05:00:00Z,103494584466764
2023-02-05T04:00:00Z,103491764652155
2023-02-05T03:00:00Z,103491125748642
2023-02-05T02:00:00Z,103490373216246
2023-02-05T01:00:00Z,103486657289938
2023-02-05T00:00:00Z,103476970662378
2023-02-04T23:00:00Z,103476252251865
2023-02-04T22:00:00Z,103473422886953
2023-02-04T21:00:00Z,103473069621789
2023-02-04T20:00:00Z,103469119113136
2023-02-04T19:00:00Z,103519424759671
2023-02-04T18:00:00Z,103499010871342
2023-02-04T17:00:00Z,103495661809112
2023-02-04T16:00:00Z,103449844192415
2023-02-04T15:00:00Z,103419655724545
2023-02-04T14:00:00Z,103420241568128
2023-02-04T13:00:00Z,103422685537307
2023-02-04T12:00:00Z,103421969553475
2023-02-04T11:00:00Z,null
2023-02-04T10:00:00Z,null
2023-02-04T09:00:00Z,null
2023-02-04T08:00:00Z,null
2023-02-04T07:00:00Z,null
2023-02-04T06:00:00Z,null
2023-02-04T05:00:00Z,null
2023-02-04T04:00:00Z,null
2023-02-04T03:00:00Z,null
2023-02-04T02:00:00Z,null
2023-02-04T01:00:00Z,null
2023-02-04T00:00:00Z,null
2023-02-03T23:00:00Z,null
2023-02-03T22:00:00Z,null
2023-02-03T21:00:00Z,null
2023-02-03T20:00:00Z,null
2023-02-03T19:00:00Z,null
2023-02-03T18:00:00Z,null
2023-02-03T17:00:00Z,null
2023-02-03T16:00:00Z,null
2023-02-03T15:00:00Z,null
2023-02-03T14:00:00Z,null
2023-02-03T13:00:00Z,null
2023-02-03T12:00:00Z,103194824201329
2023-02-03T11:00:00Z,103035160896204
2023-02-03T10:00:00Z,103026621601460
2023-02-03T09:00:00Z,103014167908950
2023-02-03T08:00:00Z,103001477383822
2023-02-03T07:00:00Z,102998091554200
2023-02-03T06:00:00Z,102994175966386
2023-02-03T05:00:00Z,102993300075555
2023-02-03T04:00:00Z,102992022797111
2023-02-03T03:00:00Z,102991606636418
2023-02-03T02:00:00Z,103014052862491
2023-02-03T01:00:00Z,102984141464796
2023-02-03T00:00:00Z,102978405926706
2023-02-02T23:00:00Z,102974817566474
2023-02-02T22:00:00Z,102982858187497
2023-02-02T21:00:00Z,102971382752527
2023-02-02T20:00:00Z,102965063076760
2023-02-02T19:00:00Z,102844918223795
2023-02-02T18:00:00Z,102842462954151
2023-02-02T17:00:00Z,102816090329230
2023-02-02T16:00:00Z,102814293980631
2023-02-02T15:00:00Z,102812863976541
2023-02-02T14:00:00Z,102818762854090
2023-02-02T13:00:00Z,102830239930688
2023-02-02T12:00:00Z,102826893895154
2023-02-02T11:00:00Z,102815962031990
2023-02-02T10:00:00Z,102806924206535
2023-02-02T09:00:00Z,102791797564066
2023-02-02T08:00:00Z,102787149826223
2023-02-02T07:00:00Z,102783402299864
2023-02-02T06:00:00Z,102764345402641
2023-02-02T05:00:00Z,102764345402641
2023-02-02T04:00:00Z,102758639126640
2023-02-02T03:00:00Z,102722851812600
2023-02-02T02:00:00Z,102719742270175
2023-02-02T01:00:00Z,102718536043733
2023-02-02T00:00:00Z,102711623537854
2023-02-01T23:00:00Z,102712993331036
2023-02-01T22:00:00Z,102709493867226
2023-02-01T21:00:00Z,102678781149855
2023-02-01T20:00:00Z,102636942406907
2023-02-01T19:00:00Z,102623470792412
2023-02-01T18:00:00Z,102628245211515
2023-02-01T17:00:00Z,102618752726693
2023-02-01T16:00:00Z,102571884622256
2023-02-01T15:00:00Z,102565213437027
2023-02-01T14:00:00Z,102560506507420
2023-02-01T13:00:00Z,102557138252772
2023-02-01T12:00:00Z,102549801416532
2023-02-01T11:00:00Z,102556590404712
2023-02-01T10:00:00Z,102550509349600
2023-02-01T09:00:00Z,102549110109076
2023-02-01T08:00:00Z,102547252514956
2023-02-01T07:00:00Z,102547252514956
2023-02-01T06:00:00Z,102546085539438
2023-02-01T05:00:00Z,102546085539438
2023-02-01T04:00:00Z,102545492461377
2023-02-01T03:00:00Z,102540708944380
2023-02-01T02:00:00Z,102540907603540
2023-02-01T01:00:00Z,102540178501784
2023-02-01T00:00:00Z,102473204642615
2023-01-31T23:00:00Z,102472580837918
2023-01-31T22:00:00Z,102471582984781
2023-01-31T21:00:00Z,102468849321404
2023-01-31T20:00:00Z,102470784010194
2023-01-31T19:00:00Z,102467372736760
2023-01-31T18:00:00Z,102462484725196
2023-01-31T17:00:00Z,102461566293424
2023-01-31T16:00:00Z,102289993159858
2023-01-31T15:00:00Z,102290841831275
2023-01-31T14:00:00Z,102288725041645
2023-01-31T13:00:00Z,102302594523673
2023-01-31T12:00:00Z,102286634704710
2023-01-31T11:00:00Z,102280426681977
2023-01-31T10:00:00Z,102270328876386
2023-01-31T09:00:00Z,102267872246993
2023-01-31T08:00:00Z,102256913224141
2023-01-31T07:00:00Z,102238226569368
2023-01-31T06:00:00Z,102214006984605
2023-01-31T05:00:00Z,102214006984605
2023-01-31T04:00:00Z,102174096458221
2023-01-31T03:00:00Z,102171664444828
2023-01-31T02:00:00Z,102150929858617
2023-01-31T01:00:00Z,102138605060551
2023-01-31T00:00:00Z,102132840500673
2023-01-30T23:00:00Z,102128206770782
2023-01-30T22:00:00Z,102128010104521
2023-01-30T21:00:00Z,102119825015800
2023-01-30T20:00:00Z,102103650611156
2023-01-30T19:00:00Z,102096105641841
2023-01-30T18:00:00Z,102089169923077
2023-01-30T17:00:00Z,102084756555392
2023-01-30T16:00:00Z,102082161430933
2023-01-30T15:00:00Z,101948322228107
2023-01-30T14:00:00Z,101932459017810
2023-01-30T13:00:00Z,101925076607457
2023-01-30T12:00:00Z,101890780832130
2023-01-30T11:00:00Z,101882926637767
2023-01-30T10:00:00Z,101869950240780
2023-01-30T09:00:00Z,101865187173742
2023-01-30T08:00:00Z,101863420181533
2023-01-30T07:00:00Z,101862815450322
2023-01-30T06:00:00Z,101861556679447
2023-01-30T05:00:00Z,101860292524980
2023-01-30T04:00:00Z,101859814275938
2023-01-30T03:00:00Z,101859796043622
2023-01-30T02:00:00Z,101857646143441
2023-01-30T01:00:00Z,101857278599369
2023-01-30T00:00:00Z,101855449580808
2023-01-29T23:00:00Z,101851557682534
2023-01-29T22:00:00Z,101852863785698
2023-01-29T21:00:00Z,101852328197612
2023-01-29T20:00:00Z,101851546743667
2023-01-29T19:00:00Z,101849780164626
2023-01-29T18:00:00Z,101849614258579
2023-01-29T17:00:00Z,101849878645572
2023-01-29T16:00:00Z,101846999153238
2023-01-29T15:00:00Z,101845228461489
2023-01-29T14:00:00Z,101846476860858
2023-01-29T13:00:00Z,101823332212658
2023-01-29T12:00:00Z,101821588387985
2023-01-29T11:00:00Z,101820340291367
2023-01-29T10:00:00Z,101816668868675
2023-01-29T09:00:00Z,101814946803458
2023-01-29T08:00:00Z,101812983565452
2023-01-29T07:00:00Z,101812888858069
2023-01-29T06:00:00Z,101811641721986
2023-01-29T05:00:00Z,101811641721986
2023-01-29T04:00:00Z,101806594176720
2023-01-29T03:00:00Z,101805842847693
2023-01-29T02:00:00Z,101803547159526
2023-01-29T01:00:00Z,101801271500667
2023-01-29T00:00:00Z,101799791856488
2023-01-28T23:00:00Z,101798682836451
2023-01-28T22:00:00Z,101797143153458
2023-01-28T21:00:00Z,101796977498737
2023-01-28T20:00:00Z,101793483881498
2023-01-28T19:00:00Z,101785140218142
2023-01-28T18:00:00Z,101782382189753
2023-01-28T17:00:00Z,101781528576987
2023-01-28T16:00:00Z,101781003024974
2023-01-28T15:00:00Z,101782827620547
2023-01-28T14:00:00Z,101781664855302
2023-01-28T13:00:00Z,101770987699442
2023-01-28T12:00:00Z,101769405131734
2023-01-28T11:00:00Z,101774568422120
2023-01-28T10:00:00Z,101740095593062
2023-01-28T09:00:00Z,101738245017530
2023-01-28T08:00:00Z,101752468607496
2023-01-28T07:00:00Z,101722371362144
2023-01-28T06:00:00Z,101566161541584
2023-01-28T05:00:00Z,101566161541584
2023-01-28T04:00:00Z,101565253648609
2023-01-28T03:00:00Z,101568196108038
2023-01-28T02:00:00Z,101565605362861
2023-01-28T01:00:00Z,101558143084280
2023-01-28T00:00:00Z,101554636623689
2023-01-27T23:00:00Z,101551183389441
2023-01-27T22:00:00Z,101558077061626
2023-01-27T21:00:00Z,101550739022163
2023-01-27T20:00:00Z,101548628150394
2023-01-27T19:00:00Z,101546532403719
2023-01-27T18:00:00Z,101551626340563
2023-01-27T17:00:00Z,101524802314180
2023-01-27T16:00:00Z,101508956814102
2023-01-27T15:00:00Z,101505368029467
2023-01-27T14:00:00Z,101419166477968
2023-01-27T13:00:00Z,101406014898517
2023-01-27T12:00:00Z,101403917864692
2023-01-27T11:00:00Z,101402534746831
2023-01-27T10:00:00Z,101398645257031
2023-01-27T09:00:00Z,101388478891678
2023-01-27T08:00:00Z,null
2023-01-27T07:00:00Z,null
2023-01-27T06:00:00Z,null
2023-01-27T05:00:00Z,null
2023-01-27T04:00:00Z,null
2023-01-27T03:00:00Z,null
2023-01-27T02:00:00Z,null
2023-01-27T01:00:00Z,null
2023-01-27T00:00:00Z,null
2023-01-26T23:00:00Z,null
2023-01-26T22:00:00Z,null
2023-01-26T21:00:00Z,null
2023-01-26T20:00:00Z,null
2023-01-26T19:00:00Z,null
2023-01-26T18:00:00Z,null
2023-01-26T17:00:00Z,null
2023-01-26T16:00:00Z,null
2023-01-26T15:00:00Z,null
2023-01-26T14:00:00Z,null
2023-01-26T13:00:00Z,null
2023-01-26T12:00:00Z,null
2023-01-26T11:00:00Z,null
2023-01-26T10:00:00Z,null
2023-01-26T09:00:00Z,null
2023-01-26T08:00:00Z,null
2023-01-26T07:00:00Z,null
2023-01-26T06:00:00Z,null
2023-01-26T05:00:00Z,null
2023-01-26T04:00:00Z,null
2023-01-26T03:00:00Z,null
2023-01-26T02:00:00Z,null
2023-01-26T01:00:00Z,101033678533494
2023-01-26T00:00:00Z,101028310681317
2023-01-25T23:00:00Z,101024594237854
2023-01-25T22:00:00Z,100954139118911
2023-01-25T21:00:00Z,100966891070443
2023-01-25T20:00:00Z,100943336574628
2023-01-25T19:00:00Z,100940186541143
2023-01-25T18:00:00Z,100911896853609
2023-01-25T17:00:00Z,100903534223509
2023-01-25T16:00:00Z,100905502599804
2023-01-25T15:00:00Z,100897442865566
2023-01-25T14:00:00Z,100896667024748
2023-01-25T13:00:00Z,100902729401831
2023-01-25T12:00:00Z,100901102865976
2023-01-25T11:00:00Z,100897729660150
2023-01-25T10:00:00Z,100896126812423
2023-01-25T09:00:00Z,100895836390585
2023-01-25T08:00:00Z,100891206433351
2023-01-25T07:00:00Z,100890426003529
2023-01-25T06:00:00Z,100887420168375
2023-01-25T05:00:00Z,100887420168375
2023-01-25T04:00:00Z,100886869345955
2023-01-25T03:00:00Z,100907176437715
2023-01-25T02:00:00Z,100906528313389
2023-01-25T01:00:00Z,100896576075610
2023-01-25T00:00:00Z,100896607332589
2023-01-24T23:00:00Z,100897698885349
2023-01-24T22:00:00Z,100888923709693
2023-01-24T21:00:00Z,100875634408200
2023-01-24T20:00:00Z,100874681402354
2023-01-24T19:00:00Z,100869514481366
2023-01-24T18:00:00Z,100851409725946
2023-01-24T17:00:00Z,100849273795896
2023-01-24T16:00:00Z,100851767188898
2023-01-24T15:00:00Z,100851874348102
2023-01-24T14:00:00Z,100851744881985
2023-01-24T13:00:00Z,100850491264812
2023-01-24T12:00:00Z,100843714757993
2023-01-24T11:00:00Z,100843438864662
2023-01-24T10:00:00Z,100840331301824
2023-01-24T09:00:00Z,100838155955643
2023-01-24T08:00:00Z,100836676876978
2023-01-24T07:00:00Z,100833037237366
2023-01-24T06:00:00Z,100831294112037
2023-01-24T05:00:00Z,100848093955171
2023-01-24T04:00:00Z,100845929068939
2023-01-24T03:00:00Z,100842763534322
2023-01-24T02:00:00Z,100835430614091
2023-01-24T01:00:00Z,100835862190917
2023-01-24T00:00:00Z,100835810460046
2023-01-23T23:00:00Z,100825316408155
2023-01-23T22:00:00Z,100826243888938
2023-01-23T21:00:00Z,100825707147135
2023-01-23T20:00:00Z,100825824086866
2023-01-23T19:00:00Z,100822034733973
2023-01-23T18:00:00Z,100820833547030
2023-01-23T17:00:00Z,100817529172127
2023-01-23T16:00:00Z,100816520407392
2023-01-23T15:00:00Z,100815856828364
2023-01-23T14:00:00Z,100905734684775
2023-01-23T13:00:00Z,100902174955459
2023-01-23T12:00:00Z,100900931561629
2023-01-23T11:00:00Z,100896532549381
2023-01-23T10:00:00Z,100895609817445
2023-01-23T09:00:00Z,100900009980621
2023-01-23T08:00:00Z,100899243899350
2023-01-23T07:00:00Z,100898926431607
2023-01-23T06:00:00Z,100891828191989
2023-01-23T05:00:00Z,100891828191989
2023-01-23T04:00:00Z,100891237824194
2023-01-23T03:00:00Z,100888841410842
2023-01-23T02:00:00Z,100888490234494
2023-01-23T01:00:00Z,100887722889611
2023-01-23T00:00:00Z,100886531499609
2023-01-22T23:00:00Z,100884321596426
2023-01-22T22:00:00Z,100883356252680
2023-01-22T21:00:00Z,100882476749057
2023-01-22T20:00:00Z,100882189856417
2023-01-22T19:00:00Z,100880027653046
2023-01-22T18:00:00Z,100878704305175
2023-01-22T17:00:00Z,100883924209940
2023-01-22T16:00:00Z,100880541362165
2023-01-22T15:00:00Z,100877852086090
2023-01-22T14:00:00Z,100873013696594
2023-01-22T13:00:00Z,100872154574050
2023-01-22T12:00:00Z,100871879799314
2023-01-22T11:00:00Z,100880624071656
2023-01-22T10:00:00Z,100880100291627
2023-01-22T09:00:00Z,100880152981168
2023-01-22T08:00:00Z,100879365341385
2023-01-22T07:00:00Z,100876328973891
2023-01-22T06:00:00Z,100871915408587
2023-01-22T05:00:00Z,100869390955334
2023-01-22T04:00:00Z,100869518420824
2023-01-22T03:00:00Z,100868742347482
2023-01-22T02:00:00Z,100868412668695
2023-01-22T01:00:00Z,100867374262580
2023-01-22T00:00:00Z,100864980814158
2023-01-21T23:00:00Z,100864416180249
2023-01-21T22:00:00Z,100864203941195
2023-01-21T21:00:00Z,100863170668359
2023-01-21T20:00:00Z,100858332981405
2023-01-21T19:00:00Z,100858763421251
