timestamp,amounts,ujuno
2023-05-08T02:00:00Z,2485373951766
2023-05-08T01:00:00Z,2484341333839
2023-05-08T00:00:00Z,2484312162195
2023-05-07T23:00:00Z,2483402035146
2023-05-07T22:00:00Z,2483112597955
2023-05-07T21:00:00Z,2482912176260
2023-05-07T20:00:00Z,2482840282179
2023-05-07T19:00:00Z,2483887537993
2023-05-07T18:00:00Z,2483466995993
2023-05-07T17:00:00Z,2483710310520
2023-05-07T16:00:00Z,2483941533946
2023-05-07T15:00:00Z,2480559389445
2023-05-07T14:00:00Z,2480594186045
2023-05-07T13:00:00Z,2480246973894
2023-05-07T12:00:00Z,2479881802526
2023-05-07T11:00:00Z,2478682264836
2023-05-07T10:00:00Z,2478285529017
2023-05-07T09:00:00Z,2478081298714
2023-05-07T08:00:00Z,2477844030872
2023-05-07T07:00:00Z,2477840229109
2023-05-07T06:00:00Z,2477763230370
2023-05-07T05:00:00Z,2469764283348
2023-05-07T04:00:00Z,2469413546893
2023-05-07T03:00:00Z,2468438667033
2023-05-07T02:00:00Z,2455785583193
2023-05-07T01:00:00Z,2455851792086
2023-05-07T00:00:00Z,2455991721976
2023-05-06T23:00:00Z,2455125941284
2023-05-06T22:00:00Z,2453691077314
2023-05-06T21:00:00Z,2451763258262
2023-05-06T20:00:00Z,2452604267333
2023-05-06T19:00:00Z,2454718929016
2023-05-06T18:00:00Z,2454174050684
2023-05-06T17:00:00Z,2450977712046
2023-05-06T16:00:00Z,2450931055408
2023-05-06T15:00:00Z,2440192748252
2023-05-06T14:00:00Z,2445908204764
2023-05-06T13:00:00Z,2445986283342
2023-05-06T12:00:00Z,2444727742683
2023-05-06T11:00:00Z,2444837081578
2023-05-06T10:00:00Z,2444946388358
2023-05-06T09:00:00Z,2443122108627
2023-05-06T08:00:00Z,2436232912280
2023-05-06T07:00:00Z,2439834471280
2023-05-06T06:00:00Z,2427300138813
2023-05-06T05:00:00Z,2427182468384
2023-05-06T04:00:00Z,2427168968384
2023-05-06T03:00:00Z,2427134288626
2023-05-06T02:00:00Z,2429582779763
2023-05-06T01:00:00Z,2430605770233
2023-05-06T00:00:00Z,2431137034154
2023-05-05T23:00:00Z,2431155016681
2023-05-05T22:00:00Z,2431001662916
2023-05-05T21:00:00Z,2421558642236
2023-05-05T20:00:00Z,2421318485597
2023-05-05T19:00:00Z,2421464986235
2023-05-05T18:00:00Z,2421485913310
2023-05-05T17:00:00Z,2446328390816
2023-05-05T16:00:00Z,2446507443023
2023-05-05T15:00:00Z,2447130405256
2023-05-05T14:00:00Z,2448513291528
2023-05-05T13:00:00Z,2446682564947
2023-05-05T12:00:00Z,2446482669833
2023-05-05T11:00:00Z,2443499171820
2023-05-05T10:00:00Z,2444436291339
2023-05-05T09:00:00Z,2444016128865
2023-05-05T08:00:00Z,2443325023313
2023-05-05T07:00:00Z,2444144863395
2023-05-05T06:00:00Z,2444068734434
2023-05-05T05:00:00Z,2443922734434
2023-05-05T04:00:00Z,2445819527935
2023-05-05T03:00:00Z,2445894984088
2023-05-05T02:00:00Z,2446120369529
2023-05-05T01:00:00Z,2446479664081
2023-05-05T00:00:00Z,2444968605081
2023-05-04T23:00:00Z,2442575550279
2023-05-04T22:00:00Z,2443390132751
2023-05-04T21:00:00Z,2461442986316
2023-05-04T20:00:00Z,2463620609935
2023-05-04T19:00:00Z,2461794159335
2023-05-04T18:00:00Z,2463414899908
2023-05-04T17:00:00Z,2459275644263
2023-05-04T16:00:00Z,2459353451336
2023-05-04T15:00:00Z,2458552986886
2023-05-04T14:00:00Z,2458928008684
2023-05-04T13:00:00Z,2456473949604
2023-05-04T12:00:00Z,2456902961306
2023-05-04T11:00:00Z,2457294529384
2023-05-04T10:00:00Z,2459496923959
2023-05-04T09:00:00Z,2463184998596
2023-05-04T08:00:00Z,2461741805078
2023-05-04T07:00:00Z,2461537206809
2023-05-04T06:00:00Z,2461475393293
2023-05-04T05:00:00Z,2451654573569
2023-05-04T04:00:00Z,2450531593435
2023-05-04T03:00:00Z,2450505077454
2023-05-04T02:00:00Z,2450504534968
2023-05-04T01:00:00Z,2450074428585
2023-05-04T00:00:00Z,2449814128585
2023-05-03T23:00:00Z,2458632125762
2023-05-03T22:00:00Z,2460104187059
2023-05-03T21:00:00Z,2460415269552
2023-05-03T20:00:00Z,2462530373126
2023-05-03T19:00:00Z,2461596681498
2023-05-03T18:00:00Z,2462339857176
2023-05-03T17:00:00Z,2462493343553
2023-05-03T16:00:00Z,2463518184616
2023-05-03T15:00:00Z,2469326679859
2023-05-03T14:00:00Z,2468022202547
2023-05-03T13:00:00Z,2458045702184
2023-05-03T12:00:00Z,2450644556218
2023-05-03T11:00:00Z,2452026202232
2023-05-03T10:00:00Z,2452471066802
2023-05-03T09:00:00Z,2451663722378
2023-05-03T08:00:00Z,2372977847227
2023-05-03T07:00:00Z,2370543198354
2023-05-03T06:00:00Z,2370645218853
2023-05-03T05:00:00Z,2372324892048
2023-05-03T04:00:00Z,2372492275731
2023-05-03T03:00:00Z,2372486274731
2023-05-03T02:00:00Z,2378047180118
2023-05-03T01:00:00Z,2372824260253
2023-05-03T00:00:00Z,2372728848000
2023-05-02T23:00:00Z,2372409431367
2023-05-02T22:00:00Z,2372161813548
2023-05-02T21:00:00Z,2375694992192
2023-05-02T20:00:00Z,2378725820553
2023-05-02T19:00:00Z,2377850474837
2023-05-02T18:00:00Z,2450250534311
2023-05-02T17:00:00Z,2450984103426
2023-05-02T16:00:00Z,2455139779260
2023-05-02T15:00:00Z,2455008506236
2023-05-02T14:00:00Z,2441146722752
2023-05-02T13:00:00Z,2441429984725
2023-05-02T12:00:00Z,2435174089108
2023-05-02T11:00:00Z,2436085694931
2023-05-02T10:00:00Z,2436875856950
2023-05-02T09:00:00Z,2437441859237
2023-05-02T08:00:00Z,2442444284992
2023-05-02T07:00:00Z,2440926747533
2023-05-02T06:00:00Z,2440360630094
2023-05-02T05:00:00Z,2440118100734
2023-05-02T04:00:00Z,2440246990337
2023-05-02T03:00:00Z,2440667425849
2023-05-02T02:00:00Z,2440222114299
2023-05-02T01:00:00Z,2440230661479
2023-05-02T00:00:00Z,2440362975371
2023-05-01T23:00:00Z,2440451009732
2023-05-01T22:00:00Z,2441565006650
2023-05-01T21:00:00Z,2441481598612
2023-05-01T20:00:00Z,2438235953619
2023-05-01T19:00:00Z,2436419826853
2023-05-01T18:00:00Z,2435606655372
2023-05-01T17:00:00Z,2435115790296
2023-05-01T16:00:00Z,2430547990296
2023-05-01T15:00:00Z,2349608196517
2023-05-01T14:00:00Z,2343514419278
2023-05-01T13:00:00Z,2329633455925
2023-05-01T12:00:00Z,2329713574397
2023-05-01T11:00:00Z,2330331723211
2023-05-01T10:00:00Z,2329564110093
2023-05-01T09:00:00Z,2330435290750
2023-05-01T08:00:00Z,2334105325185
2023-05-01T07:00:00Z,2333737074059
2023-05-01T06:00:00Z,2314871441710
2023-05-01T05:00:00Z,2315245131912
2023-05-01T04:00:00Z,2306866088145
2023-05-01T03:00:00Z,2248521000535
2023-05-01T02:00:00Z,2260751788646
2023-05-01T01:00:00Z,2258671106522
2023-05-01T00:00:00Z,2258605535894
2023-04-30T23:00:00Z,2258392314601
2023-04-30T22:00:00Z,2258239182161
2023-04-30T21:00:00Z,2258686332562
2023-04-30T20:00:00Z,2251338148740
2023-04-30T19:00:00Z,2251005628837
2023-04-30T18:00:00Z,2227419505475
2023-04-30T17:00:00Z,2227684443950
2023-04-30T16:00:00Z,2226600018030
2023-04-30T15:00:00Z,2227022479096
2023-04-30T14:00:00Z,2226850810618
2023-04-30T13:00:00Z,2228130966019
2023-04-30T12:00:00Z,2227429031119
2023-04-30T11:00:00Z,2257588283916
2023-04-30T10:00:00Z,2256639304747
2023-04-30T09:00:00Z,2256098681201
2023-04-30T08:00:00Z,2254016816451
2023-04-30T07:00:00Z,2254666599207
2023-04-30T06:00:00Z,2254652465621
2023-04-30T05:00:00Z,2255029988402
2023-04-30T04:00:00Z,2255111044628
2023-04-30T03:00:00Z,2255433947763
2023-04-30T02:00:00Z,2255414047660
2023-04-30T01:00:00Z,2255622799638
2023-04-30T00:00:00Z,2254870428575
2023-04-29T23:00:00Z,2255673375127
2023-04-29T22:00:00Z,2265137445495
2023-04-29T21:00:00Z,2264683985848
2023-04-29T20:00:00Z,2264622141636
2023-04-29T19:00:00Z,2267862316595
2023-04-29T18:00:00Z,2272180444808
2023-04-29T17:00:00Z,2270663237513
2023-04-29T16:00:00Z,2269663237513
2023-04-29T15:00:00Z,2268735140197
2023-04-29T14:00:00Z,2268922192404
2023-04-29T13:00:00Z,2269156264042
2023-04-29T12:00:00Z,2269582460292
2023-04-29T11:00:00Z,2269516437652
2023-04-29T10:00:00Z,2271866481919
2023-04-29T09:00:00Z,2271624365551
2023-04-29T08:00:00Z,2271791375858
2023-04-29T07:00:00Z,2272071456993
2023-04-29T06:00:00Z,2269576380321
2023-04-29T05:00:00Z,2269643615542
2023-04-29T04:00:00Z,2269927118296
2023-04-29T03:00:00Z,2270462522525
2023-04-29T02:00:00Z,2271831385635
2023-04-29T01:00:00Z,2271831385635
2023-04-29T00:00:00Z,2271861855831
2023-04-28T23:00:00Z,2271896618791
2023-04-28T22:00:00Z,2271524074395
2023-04-28T21:00:00Z,2271382926377
2023-04-28T20:00:00Z,2271674760303
2023-04-28T19:00:00Z,2271573984818
2023-04-28T18:00:00Z,2272656787733
2023-04-28T17:00:00Z,2275028041199
2023-04-28T16:00:00Z,2274085059434
2023-04-28T15:00:00Z,2274170963797
2023-04-28T14:00:00Z,2272740150242
2023-04-28T13:00:00Z,2273052426549
2023-04-28T12:00:00Z,2276506320318
2023-04-28T11:00:00Z,2276572456185
2023-04-28T10:00:00Z,2276353358928
2023-04-28T09:00:00Z,2276461828614
2023-04-28T08:00:00Z,2275884301252
2023-04-28T07:00:00Z,2275276495475
2023-04-28T06:00:00Z,2274818811908
2023-04-28T05:00:00Z,2274804268228
2023-04-28T04:00:00Z,2274148313690
2023-04-28T03:00:00Z,2273102413295
2023-04-28T02:00:00Z,2274054775585
2023-04-28T01:00:00Z,2274076908632
2023-04-28T00:00:00Z,2274179538234
2023-04-27T23:00:00Z,2274464605775
2023-04-27T22:00:00Z,2274445154556
2023-04-27T21:00:00Z,2265937994101
2023-04-27T20:00:00Z,2265279459605
2023-04-27T19:00:00Z,2267679608504
2023-04-27T18:00:00Z,2269491645563
2023-04-27T17:00:00Z,2269760405194
2023-04-27T16:00:00Z,2264454352882
2023-04-27T15:00:00Z,2264624560413
2023-04-27T14:00:00Z,2267696063411
2023-04-27T13:00:00Z,2269043099384
2023-04-27T12:00:00Z,2268022890276
2023-04-27T11:00:00Z,2266728173048
2023-04-27T10:00:00Z,2266746035148
2023-04-27T09:00:00Z,2266735764628
2023-04-27T08:00:00Z,2263367853987
2023-04-27T07:00:00Z,2262062494414
2023-04-27T06:00:00Z,2266535655504
2023-04-27T05:00:00Z,2269289442748
2023-04-27T04:00:00Z,2269548107511
2023-04-27T03:00:00Z,2269892594561
2023-04-27T02:00:00Z,2269443495662
2023-04-27T01:00:00Z,2271300455046
2023-04-27T00:00:00Z,2271228219484
2023-04-26T23:00:00Z,2270663276881
2023-04-26T22:00:00Z,2270672862777
2023-04-26T21:00:00Z,2270268325402
2023-04-26T20:00:00Z,2270800400307
2023-04-26T19:00:00Z,2270494261091
2023-04-26T18:00:00Z,2269692158157
2023-04-26T17:00:00Z,2272256471419
2023-04-26T16:00:00Z,2272854717875
2023-04-26T15:00:00Z,2272286521028
2023-04-26T14:00:00Z,2271836699680
2023-04-26T13:00:00Z,2272800441588
2023-04-26T12:00:00Z,2272483351364
2023-04-26T11:00:00Z,2272723751364
2023-04-26T10:00:00Z,2272052202891
2023-04-26T09:00:00Z,2272601113059
2023-04-26T08:00:00Z,2272750079978
2023-04-26T07:00:00Z,2267856420110
2023-04-26T06:00:00Z,2268624596271
2023-04-26T05:00:00Z,2267439354523
2023-04-26T04:00:00Z,2267103050605
2023-04-26T03:00:00Z,2265712486684
2023-04-26T02:00:00Z,2258545903649
2023-04-26T01:00:00Z,2263398922900
2023-04-26T00:00:00Z,2263344400739
2023-04-25T23:00:00Z,2263553085181
2023-04-25T22:00:00Z,2263847138971
2023-04-25T21:00:00Z,2263119053944
2023-04-25T20:00:00Z,2218063938435
2023-04-25T19:00:00Z,2217795532762
2023-04-25T18:00:00Z,2212832328519
2023-04-25T17:00:00Z,2212575254848
2023-04-25T16:00:00Z,2212428929207
2023-04-25T15:00:00Z,2213124864669
2023-04-25T14:00:00Z,2213362378273
2023-04-25T13:00:00Z,2212903222536
2023-04-25T12:00:00Z,2212105654368
2023-04-25T11:00:00Z,2219439184584
2023-04-25T10:00:00Z,2108420092888
2023-04-25T09:00:00Z,2108147376008
2023-04-25T08:00:00Z,2108545479052
2023-04-25T07:00:00Z,2109278174501
2023-04-25T06:00:00Z,2107674370112
2023-04-25T05:00:00Z,2107617005011
2023-04-25T04:00:00Z,2108713960177
2023-04-25T03:00:00Z,2109227203000
2023-04-25T02:00:00Z,2108828693137
2023-04-25T01:00:00Z,2108696442078
2023-04-25T00:00:00Z,2108787789543
2023-04-24T23:00:00Z,2108546902008
2023-04-24T22:00:00Z,2107544959944
2023-04-24T21:00:00Z,2112079875891
2023-04-24T20:00:00Z,2107332397948
2023-04-24T19:00:00Z,2094817512676
2023-04-24T18:00:00Z,2103906795822
2023-04-24T17:00:00Z,2103772534035
2023-04-24T16:00:00Z,2104925038963
2023-04-24T15:00:00Z,2116785202926
2023-04-24T14:00:00Z,2119411364947
2023-04-24T13:00:00Z,2119427360562
2023-04-24T12:00:00Z,2080284629503
2023-04-24T11:00:00Z,2080869975494
2023-04-24T10:00:00Z,2082837318055
2023-04-24T09:00:00Z,2081749080121
2023-04-24T08:00:00Z,2082357580955
2023-04-24T07:00:00Z,2084202775431
2023-04-24T06:00:00Z,2087069033713
2023-04-24T05:00:00Z,2084693839739
2023-04-24T04:00:00Z,2083738537518
2023-04-24T03:00:00Z,2083120422840
2023-04-24T02:00:00Z,2085000060762
2023-04-24T01:00:00Z,2081216287075
2023-04-24T00:00:00Z,2080993473666
2023-04-23T23:00:00Z,2080335254628
2023-04-23T22:00:00Z,2078383280831
2023-04-23T21:00:00Z,2074767494269
2023-04-23T20:00:00Z,2082413534011
2023-04-23T19:00:00Z,2080857224313
2023-04-23T18:00:00Z,2078041425047
2023-04-23T17:00:00Z,2075281692630
2023-04-23T16:00:00Z,2072012190217
2023-04-23T15:00:00Z,2070539295895
2023-04-23T14:00:00Z,2073313855228
2023-04-23T13:00:00Z,2075507826162
2023-04-23T12:00:00Z,2092876677308
2023-04-23T11:00:00Z,2076995988346
2023-04-23T10:00:00Z,2074714610570
2023-04-23T09:00:00Z,2071511901411
2023-04-23T08:00:00Z,2072123230743
2023-04-23T07:00:00Z,2070163638498
2023-04-23T06:00:00Z,2069208143168
2023-04-23T05:00:00Z,2069243886353
2023-04-23T04:00:00Z,2068878050595
2023-04-23T03:00:00Z,2069313873759
2023-04-23T02:00:00Z,2068785231268
2023-04-23T01:00:00Z,2071835911114
2023-04-23T00:00:00Z,2071738175764
2023-04-22T23:00:00Z,2071990444020
2023-04-22T22:00:00Z,2072329242654
2023-04-22T21:00:00Z,2071758180069
2023-04-22T20:00:00Z,2070001573842
2023-04-22T19:00:00Z,2069107648239
2023-04-22T18:00:00Z,2068494383938
2023-04-22T17:00:00Z,2064373629440
2023-04-22T16:00:00Z,2073112061362
2023-04-22T15:00:00Z,2070032998993
2023-04-22T14:00:00Z,2071385541034
2023-04-22T13:00:00Z,2074359417841
2023-04-22T12:00:00Z,2091758372737
2023-04-22T11:00:00Z,2091989528103
2023-04-22T10:00:00Z,2091445026085
2023-04-22T09:00:00Z,2091433888279
2023-04-22T08:00:00Z,2091491236406
2023-04-22T07:00:00Z,2090047215632
2023-04-22T06:00:00Z,2104898590114
2023-04-22T05:00:00Z,2104528754323
2023-04-22T04:00:00Z,2104180868559
2023-04-22T03:00:00Z,2104212663762
2023-04-22T02:00:00Z,2104884680559
2023-04-22T01:00:00Z,2103941183687
2023-04-22T00:00:00Z,2103756062600
2023-04-21T23:00:00Z,2103308810458
2023-04-21T22:00:00Z,2053062796457
2023-04-21T21:00:00Z,2054358213875
2023-04-21T20:00:00Z,2052406489839
2023-04-21T19:00:00Z,2054298942218
2023-04-21T18:00:00Z,2055520759858
2023-04-21T17:00:00Z,2055388720389
2023-04-21T16:00:00Z,2055675535559
2023-04-21T15:00:00Z,2053041730939
2023-04-21T14:00:00Z,2052956960491
2023-04-21T13:00:00Z,2054047507224
2023-04-21T12:00:00Z,2053404048311
2023-04-21T11:00:00Z,2052960032062
2023-04-21T10:00:00Z,2047084444234
2023-04-21T09:00:00Z,2062141576403
2023-04-21T08:00:00Z,2063149431084
2023-04-21T07:00:00Z,2063185463314
2023-04-21T06:00:00Z,2063318685469
2023-04-21T05:00:00Z,2061183205266
2023-04-21T04:00:00Z,2060212543801
2023-04-21T03:00:00Z,2060070659447
2023-04-21T02:00:00Z,2059004684543
2023-04-21T01:00:00Z,2059819073322
2023-04-21T00:00:00Z,2058569944665
2023-04-20T23:00:00Z,2059026425751
2023-04-20T22:00:00Z,2058274607550
2023-04-20T21:00:00Z,2058323727294
2023-04-20T20:00:00Z,2056478651994
2023-04-20T19:00:00Z,2058465225491
2023-04-20T18:00:00Z,2060587942251
2023-04-20T17:00:00Z,2060801209156
2023-04-20T16:00:00Z,2059634933433
2023-04-20T15:00:00Z,2055484793151
2023-04-20T14:00:00Z,2057415218129
2023-04-20T13:00:00Z,2062438515811
2023-04-20T12:00:00Z,2062508619864
2023-04-20T11:00:00Z,2060062801387
2023-04-20T10:00:00Z,2060164075702
2023-04-20T09:00:00Z,2059037095442
2023-04-20T08:00:00Z,2059466027187
2023-04-20T07:00:00Z,2060339831935
2023-04-20T06:00:00Z,2060299337647
2023-04-20T05:00:00Z,2060152506217
2023-04-20T04:00:00Z,2061535078377
2023-04-20T03:00:00Z,2061650773228
2023-04-20T02:00:00Z,2063010771045
2023-04-20T01:00:00Z,2063544451888
2023-04-20T00:00:00Z,2064039777387
2023-04-19T23:00:00Z,2034529001542
2023-04-19T22:00:00Z,2034351208409
2023-04-19T21:00:00Z,2034460292957
2023-04-19T20:00:00Z,2034950559832
2023-04-19T19:00:00Z,null
2023-04-19T18:00:00Z,2033839077931
2023-04-19T17:00:00Z,2034858958660
2023-04-19T16:00:00Z,2034233596316
2023-04-19T15:00:00Z,2032027479974
2023-04-19T14:00:00Z,2033136460838
2023-04-19T13:00:00Z,2023779869588
2023-04-19T12:00:00Z,2023890941772
2023-04-19T11:00:00Z,2024074427216
2023-04-19T10:00:00Z,2020143538699
2023-04-19T09:00:00Z,2017259106257
2023-04-19T08:00:00Z,2016096168514
2023-04-19T07:00:00Z,2011357191717
2023-04-19T06:00:00Z,2011193398811
2023-04-19T05:00:00Z,2011462447080
2023-04-19T04:00:00Z,2010659466166
2023-04-19T03:00:00Z,2010812309589
2023-04-19T02:00:00Z,2011543523638
2023-04-19T01:00:00Z,2011376827538
2023-04-19T00:00:00Z,2015855251206
2023-04-18T23:00:00Z,2015943904723
2023-04-18T22:00:00Z,2016342429957
2023-04-18T21:00:00Z,2016797398444
2023-04-18T20:00:00Z,1991097797736
2023-04-18T19:00:00Z,1990807720135
2023-04-18T18:00:00Z,1990422720447
2023-04-18T17:00:00Z,1991460887276
2023-04-18T16:00:00Z,1986408330854
2023-04-18T15:00:00Z,1984671335419
2023-04-18T14:00:00Z,1983272347019
2023-04-18T13:00:00Z,1983904198242
2023-04-18T12:00:00Z,1991623262529
2023-04-18T11:00:00Z,1991550650266
2023-04-18T10:00:00Z,1991679184981
2023-04-18T09:00:00Z,1977115042075
2023-04-18T08:00:00Z,1976939584729
2023-04-18T07:00:00Z,1976937287693
2023-04-18T06:00:00Z,1978947127788
2023-04-18T05:00:00Z,1942350553705
2023-04-18T04:00:00Z,1942703532576
2023-04-18T03:00:00Z,1943067128737
2023-04-18T02:00:00Z,1943825663129
2023-04-18T01:00:00Z,1948368398994
2023-04-18T00:00:00Z,1947824744366
2023-04-17T23:00:00Z,1949626929263
2023-04-17T22:00:00Z,1951454601964
2023-04-17T21:00:00Z,1962711275079
2023-04-17T20:00:00Z,1961577913072
2023-04-17T19:00:00Z,1961782016327
2023-04-17T18:00:00Z,1965629035368
2023-04-17T17:00:00Z,1966256845905
2023-04-17T16:00:00Z,1966836478981
2023-04-17T15:00:00Z,1976694412589
2023-04-17T14:00:00Z,1976237360328
2023-04-17T13:00:00Z,1977126737166
2023-04-17T12:00:00Z,1976339266010
2023-04-17T11:00:00Z,1972845691690
2023-04-17T10:00:00Z,1972193562539
2023-04-17T09:00:00Z,1967592399912
2023-04-17T08:00:00Z,1968030280516
2023-04-17T07:00:00Z,1926092545285
2023-04-17T06:00:00Z,1925797804094
2023-04-17T05:00:00Z,1925988751382
2023-04-17T04:00:00Z,1922335798277
2023-04-17T03:00:00Z,1922918210623
2023-04-17T02:00:00Z,1922691175938
2023-04-17T01:00:00Z,1920982060030
2023-04-17T00:00:00Z,1921029805746
2023-04-16T23:00:00Z,1921036331614
2023-04-16T22:00:00Z,1918651014339
2023-04-16T21:00:00Z,1913880689217
2023-04-16T20:00:00Z,1714535541860
2023-04-16T19:00:00Z,1708872686516
2023-04-16T18:00:00Z,1711048296175
2023-04-16T17:00:00Z,1711634277386
2023-04-16T16:00:00Z,1711717868063
2023-04-16T15:00:00Z,1712616373399
2023-04-16T14:00:00Z,1709309661679
2023-04-16T13:00:00Z,1704141810883
2023-04-16T12:00:00Z,1703556290680
2023-04-16T11:00:00Z,1704614986197
2023-04-16T10:00:00Z,1704252442527
2023-04-16T09:00:00Z,1703882063228
2023-04-16T08:00:00Z,1703366209303
2023-04-16T07:00:00Z,1704534598314
2023-04-16T06:00:00Z,1704325873523
2023-04-16T05:00:00Z,1704432839362
2023-04-16T04:00:00Z,1705333365891
2023-04-16T03:00:00Z,1706158098144
2023-04-16T02:00:00Z,1706712906402
2023-04-16T01:00:00Z,1708952320574
2023-04-16T00:00:00Z,1708091761099
2023-04-15T23:00:00Z,1697300222442
2023-04-15T22:00:00Z,1697647404277
2023-04-15T21:00:00Z,1698361570023
2023-04-15T20:00:00Z,1697235789105
2023-04-15T19:00:00Z,1697930725154
2023-04-15T18:00:00Z,1698250102382
2023-04-15T17:00:00Z,1690832947563
2023-04-15T16:00:00Z,1688474258100
2023-04-15T15:00:00Z,1689083788639
2023-04-15T14:00:00Z,1698735000135
2023-04-15T13:00:00Z,1696820132361
2023-04-15T12:00:00Z,1694534301156
2023-04-15T11:00:00Z,1694053815707
2023-04-15T10:00:00Z,1697769217387
2023-04-15T09:00:00Z,1698654321429
2023-04-15T08:00:00Z,1683093626317
2023-04-15T07:00:00Z,1686240858004
2023-04-15T06:00:00Z,1718480296862
2023-04-15T05:00:00Z,1718824704802
2023-04-15T04:00:00Z,1724426451094
2023-04-15T03:00:00Z,1724724129835
2023-04-15T02:00:00Z,1715040751568
2023-04-15T01:00:00Z,1716206311245
2023-04-15T00:00:00Z,1716614350208
2023-04-14T23:00:00Z,1702498991926
2023-04-14T22:00:00Z,1647603773169
2023-04-14T21:00:00Z,1649949736922
2023-04-14T20:00:00Z,1575704346814
2023-04-14T19:00:00Z,1573760929619
2023-04-14T18:00:00Z,1574298365305
2023-04-14T17:00:00Z,1573142043499
2023-04-14T16:00:00Z,1572940987538
2023-04-14T15:00:00Z,1569473657475
2023-04-14T14:00:00Z,1569434006170
2023-04-14T13:00:00Z,1568480293459
2023-04-14T12:00:00Z,1581638743076
2023-04-14T11:00:00Z,1581592627262
2023-04-14T10:00:00Z,1579038320023
2023-04-14T09:00:00Z,1578579139901
2023-04-14T08:00:00Z,1577252263573
2023-04-14T07:00:00Z,1576673980135
2023-04-14T06:00:00Z,1576598167884
2023-04-14T05:00:00Z,1576152975160
2023-04-14T04:00:00Z,1576005147856
2023-04-14T03:00:00Z,1620897763423
2023-04-14T02:00:00Z,1621884627971
2023-04-14T01:00:00Z,1621157007758
2023-04-14T00:00:00Z,1621733010461
2023-04-13T23:00:00Z,1622461669828
2023-04-13T22:00:00Z,1620491724427
2023-04-13T21:00:00Z,1621679629450
2023-04-13T20:00:00Z,1621475256858
2023-04-13T19:00:00Z,1622865987245
2023-04-13T18:00:00Z,1623688217213
2023-04-13T17:00:00Z,1622691806600
2023-04-13T16:00:00Z,1625591019963
2023-04-13T15:00:00Z,1626417300130
2023-04-13T14:00:00Z,1623842136995
2023-04-13T13:00:00Z,1624175542359
2023-04-13T12:00:00Z,1619068978854
2023-04-13T11:00:00Z,1622521137184
2023-04-13T10:00:00Z,1622468177220
2023-04-13T09:00:00Z,1622551770562
2023-04-13T08:00:00Z,1622698245140
2023-04-13T07:00:00Z,1622448144513
2023-04-13T06:00:00Z,1622808308580
2023-04-13T05:00:00Z,1620331121362
2023-04-13T04:00:00Z,1620582491389
2023-04-13T03:00:00Z,1621904918078
2023-04-13T02:00:00Z,1623020044935
2023-04-13T01:00:00Z,1623075222371
2023-04-13T00:00:00Z,1623866399022
2023-04-12T23:00:00Z,1624797842482
2023-04-12T22:00:00Z,1625282128308
2023-04-12T21:00:00Z,1626513662213
2023-04-12T20:00:00Z,1626864349145
2023-04-12T19:00:00Z,1629549197256
2023-04-12T18:00:00Z,1624541397976
2023-04-12T17:00:00Z,1625844053829
2023-04-12T16:00:00Z,1626863644150
2023-04-12T15:00:00Z,1628055390729
2023-04-12T14:00:00Z,1647517332621
2023-04-12T13:00:00Z,1648107570015
2023-04-12T12:00:00Z,1649834899723
2023-04-12T11:00:00Z,1649345731196
2023-04-12T10:00:00Z,1649319997028
2023-04-12T09:00:00Z,1649941425474
2023-04-12T08:00:00Z,1653637669140
2023-04-12T07:00:00Z,1654025938076
2023-04-12T06:00:00Z,1654041430733
2023-04-12T05:00:00Z,1678599184949
2023-04-12T04:00:00Z,1678312303393
2023-04-12T03:00:00Z,1678339149603
2023-04-12T02:00:00Z,1678206555173
2023-04-12T01:00:00Z,1678514370386
2023-04-12T00:00:00Z,1678658007152
2023-04-11T23:00:00Z,1678273507420
2023-04-11T22:00:00Z,1696318229381
2023-04-11T21:00:00Z,1699053750300
2023-04-11T20:00:00Z,1696371096105
2023-04-11T19:00:00Z,1703861927585
2023-04-11T18:00:00Z,1704334515083
2023-04-11T17:00:00Z,1703704762890
2023-04-11T16:00:00Z,1703935258497
2023-04-11T15:00:00Z,1704786001765
2023-04-11T14:00:00Z,1705172330353
2023-04-11T13:00:00Z,1706282823505
2023-04-11T12:00:00Z,1706300395895
2023-04-11T11:00:00Z,1707748840316
2023-04-11T10:00:00Z,1708228079440
2023-04-11T09:00:00Z,1707925093389
2023-04-11T08:00:00Z,1707142485582
2023-04-11T07:00:00Z,1704824723402
2023-04-11T06:00:00Z,1705307140735
2023-04-11T05:00:00Z,1705857814383
2023-04-11T04:00:00Z,1705928419631
2023-04-11T03:00:00Z,1707107745808
2023-04-11T02:00:00Z,1707877916609
2023-04-11T01:00:00Z,1707734745640
2023-04-11T00:00:00Z,1699597625119
2023-04-10T23:00:00Z,1707321496385
2023-04-10T22:00:00Z,1708926228093
2023-04-10T21:00:00Z,1710087591817
2023-04-10T20:00:00Z,1711087652473
2023-04-10T19:00:00Z,1721122643125
2023-04-10T18:00:00Z,1720997582928
2023-04-10T17:00:00Z,1721233128295
2023-04-10T16:00:00Z,1722656744074
2023-04-10T15:00:00Z,1720029609696
2023-04-10T14:00:00Z,1720533266673
2023-04-10T13:00:00Z,1720992040190
2023-04-10T12:00:00Z,1724964334469
2023-04-10T11:00:00Z,1725469440554
2023-04-10T10:00:00Z,1725063050862
2023-04-10T09:00:00Z,1729507568669
2023-04-10T08:00:00Z,1730703339694
2023-04-10T07:00:00Z,1733626724659
2023-04-10T06:00:00Z,1724349961365
2023-04-10T05:00:00Z,1674311431693
2023-04-10T04:00:00Z,1679318281693
2023-04-10T03:00:00Z,1678990556548
2023-04-10T02:00:00Z,1678322950678
2023-04-10T01:00:00Z,1678634738678
2023-04-10T00:00:00Z,1695836151101
2023-04-09T23:00:00Z,1695965178433
2023-04-09T22:00:00Z,1701153071915
2023-04-09T21:00:00Z,1705411914210
2023-04-09T20:00:00Z,1705512413598
2023-04-09T19:00:00Z,1703743648642
2023-04-09T18:00:00Z,1705899775781
2023-04-09T17:00:00Z,1705592891520
2023-04-09T16:00:00Z,1705402041797
2023-04-09T15:00:00Z,1703571412394
2023-04-09T14:00:00Z,1703590422776
2023-04-09T13:00:00Z,1703576922776
2023-04-09T12:00:00Z,1703773674499
2023-04-09T11:00:00Z,1703783674499
2023-04-09T10:00:00Z,1704782537201
2023-04-09T09:00:00Z,1707475059180
2023-04-09T08:00:00Z,1708461059180
2023-04-09T07:00:00Z,1708268674167
2023-04-09T06:00:00Z,1708329476534
2023-04-09T05:00:00Z,1707654102553
2023-04-09T04:00:00Z,1707724222455
2023-04-09T03:00:00Z,1707362131914
2023-04-09T02:00:00Z,1707412431914
2023-04-09T01:00:00Z,1707174926471
2023-04-09T00:00:00Z,1707277046181
2023-04-08T23:00:00Z,1707600632095
2023-04-08T22:00:00Z,1707171140072
2023-04-08T21:00:00Z,1707210024429
2023-04-08T20:00:00Z,1707180327802
2023-04-08T19:00:00Z,1705060840676
2023-04-08T18:00:00Z,1704429115756
2023-04-08T17:00:00Z,1704590677968
2023-04-08T16:00:00Z,1704564402980
2023-04-08T15:00:00Z,1705484863157
2023-04-08T14:00:00Z,1702300681358
2023-04-08T13:00:00Z,1703422927832
2023-04-08T12:00:00Z,1704204133990
2023-04-08T11:00:00Z,1713079910992
2023-04-08T10:00:00Z,1712783459679
2023-04-08T09:00:00Z,1711577532436
2023-04-08T08:00:00Z,1712921221467
2023-04-08T07:00:00Z,1710262964700
2023-04-08T06:00:00Z,1710601834045
2023-04-08T05:00:00Z,1710540484657
2023-04-08T04:00:00Z,1712808075794
2023-04-08T03:00:00Z,1712882926371
2023-04-08T02:00:00Z,1710455208566
2023-04-08T01:00:00Z,1709435270124
2023-04-08T00:00:00Z,1708277636718
2023-04-07T23:00:00Z,1708310128918
2023-04-07T22:00:00Z,1711302124591
2023-04-07T21:00:00Z,1710681069021
2023-04-07T20:00:00Z,1710281525571
2023-04-07T19:00:00Z,1710299434375
2023-04-07T18:00:00Z,1714037252610
2023-04-07T17:00:00Z,1689614770598
2023-04-07T16:00:00Z,1688869812283
2023-04-07T15:00:00Z,1687957613350
2023-04-07T14:00:00Z,1687224173491
2023-04-07T13:00:00Z,1685345830072
2023-04-07T12:00:00Z,1685669117432
2023-04-07T11:00:00Z,1755778028804
2023-04-07T10:00:00Z,1756109749271
2023-04-07T09:00:00Z,1756221309759
2023-04-07T08:00:00Z,1756237242118
2023-04-07T07:00:00Z,1755833412036
2023-04-07T06:00:00Z,1756090540221
2023-04-07T05:00:00Z,1756441850773
2023-04-07T04:00:00Z,1754883770733
2023-04-07T03:00:00Z,1754866906466
2023-04-07T02:00:00Z,1754950922100
2023-04-07T01:00:00Z,1754276168026
2023-04-07T00:00:00Z,1764816945331
2023-04-06T23:00:00Z,1765537716327
2023-04-06T22:00:00Z,1765595947848
2023-04-06T21:00:00Z,1747844700616
2023-04-06T20:00:00Z,1750407855430
2023-04-06T19:00:00Z,1750197393279
2023-04-06T18:00:00Z,1750242198040
2023-04-06T17:00:00Z,1750539611448
2023-04-06T16:00:00Z,1750896489181
2023-04-06T15:00:00Z,1802280441664
2023-04-06T14:00:00Z,1801748787075
2023-04-06T13:00:00Z,1802685847475
2023-04-06T12:00:00Z,1802776771665
2023-04-06T11:00:00Z,1802473899317
2023-04-06T10:00:00Z,1814776928317
2023-04-06T09:00:00Z,1810706933267
2023-04-06T08:00:00Z,1809711971790
2023-04-06T07:00:00Z,1809835533657
2023-04-06T06:00:00Z,1809933402591
2023-04-06T05:00:00Z,1809897677626
2023-04-06T04:00:00Z,1809876941915
2023-04-06T03:00:00Z,1810078244520
2023-04-06T02:00:00Z,1810287210340
2023-04-06T01:00:00Z,1810612488803
2023-04-06T00:00:00Z,1811827755089
2023-04-05T23:00:00Z,1810872487642
2023-04-05T22:00:00Z,1832238860935
2023-04-05T21:00:00Z,1832441896424
2023-04-05T20:00:00Z,1831408461077
2023-04-05T19:00:00Z,1831610521877
2023-04-05T18:00:00Z,1831076806493
2023-04-05T17:00:00Z,1831956875278
2023-04-05T16:00:00Z,1830444864109
2023-04-05T15:00:00Z,1828524076893
2023-04-05T14:00:00Z,1828306077554
2023-04-05T13:00:00Z,1828894122230
2023-04-05T12:00:00Z,1830176869973
2023-04-05T11:00:00Z,1828776693934
2023-04-05T10:00:00Z,1827229644778
2023-04-05T09:00:00Z,1827363769810
2023-04-05T08:00:00Z,1828244816877
2023-04-05T07:00:00Z,1828163974145
2023-04-05T06:00:00Z,1827786354727
2023-04-05T05:00:00Z,1825902270312
2023-04-05T04:00:00Z,1825802724815
2023-04-05T03:00:00Z,1828180615098
2023-04-05T02:00:00Z,1822529228319
2023-04-05T01:00:00Z,1822512662314
2023-04-05T00:00:00Z,1822428366709
2023-04-04T23:00:00Z,1822467374490
2023-04-04T22:00:00Z,1822658715651
2023-04-04T21:00:00Z,1818719937462
2023-04-04T20:00:00Z,1815821234901
2023-04-04T19:00:00Z,1816907467268
2023-04-04T18:00:00Z,1743729796223
2023-04-04T17:00:00Z,1744722030358
2023-04-04T16:00:00Z,1741042596685
2023-04-04T15:00:00Z,1741860192429
2023-04-04T14:00:00Z,1741168400112
2023-04-04T13:00:00Z,1744677639279
2023-04-04T12:00:00Z,1744232029332
2023-04-04T11:00:00Z,1742407375476
2023-04-04T10:00:00Z,1744847087164
2023-04-04T09:00:00Z,1745001871239
2023-04-04T08:00:00Z,1738327690327
2023-04-04T07:00:00Z,1738536719235
2023-04-04T06:00:00Z,1738023431637
2023-04-04T05:00:00Z,1738121837878
2023-04-04T04:00:00Z,1738076539026
2023-04-04T03:00:00Z,1738226658565
2023-04-04T02:00:00Z,1738295527274
2023-04-04T01:00:00Z,1738436440556
2023-04-04T00:00:00Z,1738304126664
2023-04-03T23:00:00Z,1738602693781
2023-04-03T22:00:00Z,1737111567000
2023-04-03T21:00:00Z,1738029179552
2023-04-03T20:00:00Z,1738117262847
2023-04-03T19:00:00Z,1738869581377
2023-04-03T18:00:00Z,1738360412819
2023-04-03T17:00:00Z,1738281007435
2023-04-03T16:00:00Z,1739170209293
2023-04-03T15:00:00Z,1739742421113
2023-04-03T14:00:00Z,1739741961855
2023-04-03T13:00:00Z,1739101184743
2023-04-03T12:00:00Z,1739014768936
2023-04-03T11:00:00Z,1738763501799
2023-04-03T10:00:00Z,1738836011888
2023-04-03T09:00:00Z,1736850685471
2023-04-03T08:00:00Z,1733030956722
2023-04-03T07:00:00Z,1732375017153
2023-04-03T06:00:00Z,1732091144606
2023-04-03T05:00:00Z,1739835598841
2023-04-03T04:00:00Z,1740371370485
2023-04-03T03:00:00Z,1737029443605
2023-04-03T02:00:00Z,1721910261870
2023-04-03T01:00:00Z,1718911745380
2023-04-03T00:00:00Z,1719236496288
2023-04-02T23:00:00Z,1718831570603
2023-04-02T22:00:00Z,1724015224838
2023-04-02T21:00:00Z,1724079965524
2023-04-02T20:00:00Z,1725900279612
2023-04-02T19:00:00Z,1726373676960
2023-04-02T18:00:00Z,1726410720474
2023-04-02T17:00:00Z,1726427747735
2023-04-02T16:00:00Z,1726556747735
2023-04-02T15:00:00Z,1726869152569
2023-04-02T14:00:00Z,1726745483159
2023-04-02T13:00:00Z,1725653836778
2023-04-02T12:00:00Z,1724739437235
2023-04-02T11:00:00Z,1694737548702
2023-04-02T10:00:00Z,1694539797040
2023-04-02T09:00:00Z,1697965916538
2023-04-02T08:00:00Z,1698170863976
2023-04-02T07:00:00Z,1695538689556
2023-04-02T06:00:00Z,1695571790055
2023-04-02T05:00:00Z,1696088130195
2023-04-02T04:00:00Z,1696027073969
2023-04-02T03:00:00Z,1695710899451
2023-04-02T02:00:00Z,1695643377120
2023-04-02T01:00:00Z,1695267470002
2023-04-02T00:00:00Z,1695249254441
2023-04-01T23:00:00Z,1694451357267
2023-04-01T22:00:00Z,1684491810030
2023-04-01T21:00:00Z,1684918718029
2023-04-01T20:00:00Z,1687554718029
2023-04-01T19:00:00Z,1686600295457
2023-04-01T18:00:00Z,1682990753231
2023-04-01T17:00:00Z,1682864588254
2023-04-01T16:00:00Z,1685919588254
2023-04-01T15:00:00Z,1686038888592
2023-04-01T14:00:00Z,1686016302569
2023-04-01T13:00:00Z,1685912183691
2023-04-01T12:00:00Z,1687592369534
2023-04-01T11:00:00Z,1689427430852
2023-04-01T10:00:00Z,1689905475303
2023-04-01T09:00:00Z,1692185566480
2023-04-01T08:00:00Z,1692137271049
2023-04-01T07:00:00Z,1691104267238
2023-04-01T06:00:00Z,1691233128218
2023-04-01T05:00:00Z,1691330011567
2023-04-01T04:00:00Z,1691350243807
2023-04-01T03:00:00Z,1691193130810
2023-04-01T02:00:00Z,1689993469548
2023-04-01T01:00:00Z,1691140970797
2023-04-01T00:00:00Z,1691189935682
2023-03-31T23:00:00Z,1691032265932
2023-03-31T22:00:00Z,1691376687895
2023-03-31T21:00:00Z,1691375808895
2023-03-31T20:00:00Z,1690498071325
2023-03-31T19:00:00Z,1690705123800
2023-03-31T18:00:00Z,1689891640266
2023-03-31T17:00:00Z,1693312461492
2023-03-31T16:00:00Z,1693959239497
2023-03-31T15:00:00Z,1695105274447
2023-03-31T14:00:00Z,1694209798504
2023-03-31T13:00:00Z,1693894590502
2023-03-31T12:00:00Z,1697121733693
2023-03-31T11:00:00Z,1700564436599
2023-03-31T10:00:00Z,1725685778564
2023-03-31T09:00:00Z,1725421307807
2023-03-31T08:00:00Z,1725391418700
2023-03-31T07:00:00Z,1725598023618
2023-03-31T06:00:00Z,1726061814219
2023-03-31T05:00:00Z,1726330801778
2023-03-31T04:00:00Z,1733259980761
2023-03-31T03:00:00Z,1733053606483
2023-03-31T02:00:00Z,1747002835912
2023-03-31T01:00:00Z,1746522972413
2023-03-31T00:00:00Z,1746582800551
2023-03-30T23:00:00Z,1746443683733
2023-03-30T22:00:00Z,1746154404234
2023-03-30T21:00:00Z,1748379687405
2023-03-30T20:00:00Z,1748306872112
2023-03-30T19:00:00Z,1749264296252
2023-03-30T18:00:00Z,1749613218110
2023-03-30T17:00:00Z,1751539604969
2023-03-30T16:00:00Z,1758813478991
2023-03-30T15:00:00Z,1759038928515
2023-03-30T14:00:00Z,1759229212019
2023-03-30T13:00:00Z,1758210791979
2023-03-30T12:00:00Z,1757924795417
2023-03-30T11:00:00Z,1760994577651
2023-03-30T10:00:00Z,1760522662218
2023-03-30T09:00:00Z,1760815424236
2023-03-30T08:00:00Z,1764437272432
2023-03-30T07:00:00Z,1764464082030
2023-03-30T06:00:00Z,1764747439468
2023-03-30T05:00:00Z,1760332559273
2023-03-30T04:00:00Z,1759705811273
2023-03-30T03:00:00Z,1760425934779
2023-03-30T02:00:00Z,1763612745717
2023-03-30T01:00:00Z,null
2023-03-30T00:00:00Z,null
2023-03-29T23:00:00Z,null
2023-03-29T22:00:00Z,null
2023-03-29T21:00:00Z,null
2023-03-29T20:00:00Z,null
2023-03-29T19:00:00Z,null
2023-03-29T18:00:00Z,1707820701224
2023-03-29T17:00:00Z,1706044053546
2023-03-29T16:00:00Z,1707954894117
2023-03-29T15:00:00Z,1707719711729
2023-03-29T14:00:00Z,1707626464634
2023-03-29T13:00:00Z,1706622164742
2023-03-29T12:00:00Z,1706400940208
2023-03-29T11:00:00Z,1729939241191
2023-03-29T10:00:00Z,1732654373112
2023-03-29T09:00:00Z,1727393327500
2023-03-29T08:00:00Z,1727850483205
2023-03-29T07:00:00Z,1727502898323
2023-03-29T06:00:00Z,1726715354082
2023-03-29T05:00:00Z,1726138896083
2023-03-29T04:00:00Z,1726329000337
2023-03-29T03:00:00Z,1726345478895
2023-03-29T02:00:00Z,1731253162713
2023-03-29T01:00:00Z,1718843206464
2023-03-29T00:00:00Z,1718919219710
2023-03-28T23:00:00Z,1718724169472
2023-03-28T22:00:00Z,1720153090773
2023-03-28T21:00:00Z,1719674470807
2023-03-28T20:00:00Z,1720974820766
2023-03-28T19:00:00Z,1719652525064
2023-03-28T18:00:00Z,1718798451613
2023-03-28T17:00:00Z,1719367078836
2023-03-28T16:00:00Z,1720688444218
2023-03-28T15:00:00Z,1720740329376
2023-03-28T14:00:00Z,1722057946541
2023-03-28T13:00:00Z,1723060827979
2023-03-28T12:00:00Z,1726485633107
2023-03-28T11:00:00Z,1722674656931
2023-03-28T10:00:00Z,1722470027261
2023-03-28T09:00:00Z,1721829883980
2023-03-28T08:00:00Z,1721648594813
2023-03-28T07:00:00Z,1721842839633
2023-03-28T06:00:00Z,1721591120400
2023-03-28T05:00:00Z,1721806010542
2023-03-28T04:00:00Z,1720749874598
2023-03-28T03:00:00Z,1720640870275
2023-03-28T02:00:00Z,1720875237931
2023-03-28T01:00:00Z,1721195394901
2023-03-28T00:00:00Z,1721132257570
2023-03-27T23:00:00Z,1725285476958
2023-03-27T22:00:00Z,1725307368077
2023-03-27T21:00:00Z,1721175436555
2023-03-27T20:00:00Z,1721426105563
2023-03-27T19:00:00Z,1719499450217
2023-03-27T18:00:00Z,1710359676992
2023-03-27T17:00:00Z,1710325114495
2023-03-27T16:00:00Z,1709287342332
2023-03-27T15:00:00Z,1696606127664
2023-03-27T14:00:00Z,1693944617690
2023-03-27T13:00:00Z,1696926335364
2023-03-27T12:00:00Z,1695954555588
2023-03-27T11:00:00Z,1694296289542
2023-03-27T10:00:00Z,1692038463238
2023-03-27T09:00:00Z,1692041393519
2023-03-27T08:00:00Z,1691618404144
2023-03-27T07:00:00Z,1689807092360
2023-03-27T06:00:00Z,1687136741026
2023-03-27T05:00:00Z,1686139209515
2023-03-27T04:00:00Z,1685986511728
2023-03-27T03:00:00Z,1686781621458
2023-03-27T02:00:00Z,1686289781256
2023-03-27T01:00:00Z,1686325601064
2023-03-27T00:00:00Z,1685825015660
2023-03-26T23:00:00Z,1686036228221
2023-03-26T22:00:00Z,1685787849401
2023-03-26T21:00:00Z,1687261854208
2023-03-26T20:00:00Z,1681623218173
2023-03-26T19:00:00Z,1681741422919
2023-03-26T18:00:00Z,1684206155105
2023-03-26T17:00:00Z,1684477123478
2023-03-26T16:00:00Z,1691352954277
2023-03-26T15:00:00Z,1691611701920
2023-03-26T14:00:00Z,1690692134312
2023-03-26T13:00:00Z,1689713325686
2023-03-26T12:00:00Z,1673579861943
2023-03-26T11:00:00Z,1672628979710
2023-03-26T10:00:00Z,1673421943378
2023-03-26T09:00:00Z,1673691266307
2023-03-26T08:00:00Z,1679605187427
2023-03-26T07:00:00Z,1679847489357
2023-03-26T06:00:00Z,1680024079612
2023-03-26T05:00:00Z,1680118692906
2023-03-26T04:00:00Z,1680117415234
2023-03-26T03:00:00Z,1679498415961
2023-03-26T02:00:00Z,1679830206625
2023-03-26T01:00:00Z,1676999716431
2023-03-26T00:00:00Z,1677157539878
2023-03-25T23:00:00Z,1676481013318
2023-03-25T22:00:00Z,1676131014438
2023-03-25T21:00:00Z,1676226825168
2023-03-25T20:00:00Z,1676053614788
2023-03-25T19:00:00Z,1677267700415
2023-03-25T18:00:00Z,1696562032312
2023-03-25T17:00:00Z,1696720641703
2023-03-25T16:00:00Z,1687400299906
2023-03-25T15:00:00Z,1684730847493
2023-03-25T14:00:00Z,1683249473840
2023-03-25T13:00:00Z,1678784570753
2023-03-25T12:00:00Z,1661122392552
2023-03-25T11:00:00Z,1660968090274
2023-03-25T10:00:00Z,1662125360044
2023-03-25T09:00:00Z,1662227142114
2023-03-25T08:00:00Z,1663106798504
2023-03-25T07:00:00Z,1663107672163
2023-03-25T06:00:00Z,1632467931538
2023-03-25T05:00:00Z,1633241122808
2023-03-25T04:00:00Z,1633222937347
2023-03-25T03:00:00Z,1633099204185
2023-03-25T02:00:00Z,1631694243597
2023-03-25T01:00:00Z,1634967149084
2023-03-25T00:00:00Z,1637990683342
2023-03-24T23:00:00Z,1638202656891
2023-03-24T22:00:00Z,1638969384322
2023-03-24T21:00:00Z,1637717412346
2023-03-24T20:00:00Z,1638065355045
2023-03-24T19:00:00Z,1644065683770
2023-03-24T18:00:00Z,1643143411027
2023-03-24T17:00:00Z,null
2023-03-24T16:00:00Z,1641370599488
2023-03-24T15:00:00Z,1643816182755
2023-03-24T14:00:00Z,1643839991293
2023-03-24T13:00:00Z,1642471220670
2023-03-24T12:00:00Z,1642372834957
2023-03-24T11:00:00Z,1640227203803
2023-03-24T10:00:00Z,1638107219252
2023-03-24T09:00:00Z,1623126770151
2023-03-24T08:00:00Z,1621177180109
2023-03-24T07:00:00Z,1621284671528
2023-03-24T06:00:00Z,1621197864098
2023-03-24T05:00:00Z,1619267310976
2023-03-24T04:00:00Z,1619288465699
2023-03-24T03:00:00Z,1620144385651
2023-03-24T02:00:00Z,1620114428706
2023-03-24T01:00:00Z,1619323418438
2023-03-24T00:00:00Z,1619175851085
2023-03-23T23:00:00Z,1618799771201
2023-03-23T22:00:00Z,1618333021055
2023-03-23T21:00:00Z,1619175908518
2023-03-23T20:00:00Z,1617646283062
2023-03-23T19:00:00Z,1614153046298
2023-03-23T18:00:00Z,1613909127012
2023-03-23T17:00:00Z,1614054412440
2023-03-23T16:00:00Z,1615437938965
2023-03-23T15:00:00Z,1615976407684
2023-03-23T14:00:00Z,1614424082787
2023-03-23T13:00:00Z,1615118677768
2023-03-23T12:00:00Z,1616516459355
2023-03-23T11:00:00Z,1615861393627
2023-03-23T10:00:00Z,1621220341761
2023-03-23T09:00:00Z,1626203202434
2023-03-23T08:00:00Z,1625996200084
2023-03-23T07:00:00Z,1622856002965
2023-03-23T06:00:00Z,1626019579855
2023-03-23T05:00:00Z,1626528350580
2023-03-23T04:00:00Z,1628036976917
2023-03-23T03:00:00Z,1627794971701
2023-03-23T02:00:00Z,1626107475771
2023-03-23T01:00:00Z,1625101597960
2023-03-23T00:00:00Z,1624393413175
2023-03-22T23:00:00Z,1627561691134
2023-03-22T22:00:00Z,1631967202227
2023-03-22T21:00:00Z,1641493260810
2023-03-22T20:00:00Z,1641415600620
2023-03-22T19:00:00Z,1642044545811
2023-03-22T18:00:00Z,1587312531369
2023-03-22T17:00:00Z,1585422632134
2023-03-22T16:00:00Z,1595614839092
2023-03-22T15:00:00Z,1595615445571
2023-03-22T14:00:00Z,1594232472859
2023-03-22T13:00:00Z,1594051743277
2023-03-22T12:00:00Z,1594174709812
2023-03-22T11:00:00Z,1594495539305
2023-03-22T10:00:00Z,1594317947363
2023-03-22T09:00:00Z,1597193261164
2023-03-22T08:00:00Z,1596354463595
2023-03-22T07:00:00Z,1596711824304
2023-03-22T06:00:00Z,1596998523220
2023-03-22T05:00:00Z,1597712517976
2023-03-22T04:00:00Z,1597812783985
2023-03-22T03:00:00Z,1597675151784
2023-03-22T02:00:00Z,1596915946205
2023-03-22T01:00:00Z,1597430162019
2023-03-22T00:00:00Z,1592452477895
2023-03-21T23:00:00Z,1591493421245
2023-03-21T22:00:00Z,1593554749726
2023-03-21T21:00:00Z,1593568301368
2023-03-21T20:00:00Z,1593422276748
2023-03-21T19:00:00Z,1596597129196
2023-03-21T18:00:00Z,1593303484747
2023-03-21T17:00:00Z,1592258049931
2023-03-21T16:00:00Z,1593034307165
2023-03-21T15:00:00Z,1592645565274
2023-03-21T14:00:00Z,1591995545703
2023-03-21T13:00:00Z,1591495127367
2023-03-21T12:00:00Z,1584324087930
2023-03-21T11:00:00Z,1584290101477
2023-03-21T10:00:00Z,1586359693153
2023-03-21T09:00:00Z,1586460302792
2023-03-21T08:00:00Z,1587294621657
2023-03-21T07:00:00Z,1587583525913
2023-03-21T06:00:00Z,1585158391506
2023-03-21T05:00:00Z,1585941855599
2023-03-21T04:00:00Z,1586035064557
2023-03-21T03:00:00Z,1585953773203
2023-03-21T02:00:00Z,1585457027435
2023-03-21T01:00:00Z,1578475878396
2023-03-21T00:00:00Z,1579192512428
2023-03-20T23:00:00Z,1577525313883
2023-03-20T22:00:00Z,1575256937315
2023-03-20T21:00:00Z,1562271172797
2023-03-20T20:00:00Z,1564402481146
2023-03-20T19:00:00Z,1563587865577
2023-03-20T18:00:00Z,1560015368956
2023-03-20T17:00:00Z,1558316428828
2023-03-20T16:00:00Z,1556336351432
2023-03-20T15:00:00Z,1555798118850
2023-03-20T14:00:00Z,1555488649447
2023-03-20T13:00:00Z,1569504291660
2023-03-20T12:00:00Z,1568244161909
2023-03-20T11:00:00Z,1558477493136
2023-03-20T10:00:00Z,1558723606063
2023-03-20T09:00:00Z,1559470778572
2023-03-20T08:00:00Z,1558679110300
2023-03-20T07:00:00Z,1558178039520
2023-03-20T06:00:00Z,1558676568500
2023-03-20T05:00:00Z,1561009181771
2023-03-20T04:00:00Z,1560821574381
2023-03-20T03:00:00Z,1560130210492
2023-03-20T02:00:00Z,1560963071609
2023-03-20T01:00:00Z,1560448572930
2023-03-20T00:00:00Z,1560637584708
2023-03-19T23:00:00Z,1560665352036
2023-03-19T22:00:00Z,1560795142634
2023-03-19T21:00:00Z,1564064506134
2023-03-19T20:00:00Z,1564940945677
2023-03-19T19:00:00Z,1560318996457
2023-03-19T18:00:00Z,1557327394356
2023-03-19T17:00:00Z,1556632348625
2023-03-19T16:00:00Z,1556892562065
2023-03-19T15:00:00Z,1556702501795
2023-03-19T14:00:00Z,1558089991004
2023-03-19T13:00:00Z,1557263831021
2023-03-19T12:00:00Z,1560910458657
2023-03-19T11:00:00Z,1559997697960
2023-03-19T10:00:00Z,1564850633641
2023-03-19T09:00:00Z,1565170794373
2023-03-19T08:00:00Z,1566620638351
2023-03-19T07:00:00Z,1564781598257
2023-03-19T06:00:00Z,1564824072158
2023-03-19T05:00:00Z,1564793204134
2023-03-19T04:00:00Z,1564184013125
2023-03-19T03:00:00Z,1563517925423
2023-03-19T02:00:00Z,1562811279150
2023-03-19T01:00:00Z,1563725361622
2023-03-19T00:00:00Z,1563316510050
2023-03-18T23:00:00Z,1562253671354
2023-03-18T22:00:00Z,1562351665041
2023-03-18T21:00:00Z,1566407210519
2023-03-18T20:00:00Z,1569915860592
2023-03-18T19:00:00Z,1570260291685
2023-03-18T18:00:00Z,1569164633671
2023-03-18T17:00:00Z,1568817263120
2023-03-18T16:00:00Z,1567755844585
2023-03-18T15:00:00Z,1567537667342
2023-03-18T14:00:00Z,1589587850014
2023-03-18T13:00:00Z,1590584218814
2023-03-18T12:00:00Z,1590335554393
2023-03-18T11:00:00Z,1590684061781
2023-03-18T10:00:00Z,1588753280246
2023-03-18T09:00:00Z,1589328824761
2023-03-18T08:00:00Z,1589823854470
2023-03-18T07:00:00Z,1588305359316
2023-03-18T06:00:00Z,1588649085050
2023-03-18T05:00:00Z,1640402075493
2023-03-18T04:00:00Z,1638783905339
2023-03-18T03:00:00Z,1639828589617
2023-03-18T02:00:00Z,1639948343387
2023-03-18T01:00:00Z,1641021166743
2023-03-18T00:00:00Z,1641851494307
2023-03-17T23:00:00Z,1642675064790
2023-03-17T22:00:00Z,1640469334626
2023-03-17T21:00:00Z,1639624791773
2023-03-17T20:00:00Z,1642025533159
2023-03-17T19:00:00Z,1644097080692
2023-03-17T18:00:00Z,1644616053636
2023-03-17T17:00:00Z,1644652570032
2023-03-17T16:00:00Z,1646528077822
2023-03-17T15:00:00Z,1648446393043
2023-03-17T14:00:00Z,1648513399364
2023-03-17T13:00:00Z,1649059815459
2023-03-17T12:00:00Z,1635374509638
2023-03-17T11:00:00Z,1636255894345
2023-03-17T10:00:00Z,1635910948892
2023-03-17T09:00:00Z,1636308885724
2023-03-17T08:00:00Z,1637045355324
2023-03-17T07:00:00Z,1637225305004
2023-03-17T06:00:00Z,1637596130823
2023-03-17T05:00:00Z,1637370443962
2023-03-17T04:00:00Z,1638956358822
2023-03-17T03:00:00Z,1496272237995
2023-03-17T02:00:00Z,1495646163083
2023-03-17T01:00:00Z,1494819408715
2023-03-17T00:00:00Z,1494672644546
2023-03-16T23:00:00Z,1492939727958
2023-03-16T22:00:00Z,1533485654131
2023-03-16T21:00:00Z,1531656999519
2023-03-16T20:00:00Z,1532474205895
2023-03-16T19:00:00Z,1533344257642
2023-03-16T18:00:00Z,1549335789374
2023-03-16T17:00:00Z,1550233715094
2023-03-16T16:00:00Z,1554121898030
2023-03-16T15:00:00Z,1553955511332
2023-03-16T14:00:00Z,1554028661847
2023-03-16T13:00:00Z,1592568551748
2023-03-16T12:00:00Z,1597325554840
2023-03-16T11:00:00Z,1595639527678
2023-03-16T10:00:00Z,1595190376779
2023-03-16T09:00:00Z,1596648136259
2023-03-16T08:00:00Z,1603208994649
2023-03-16T07:00:00Z,1605303956771
2023-03-16T06:00:00Z,1610170764344
2023-03-16T05:00:00Z,1625056473048
2023-03-16T04:00:00Z,1624804035865
2023-03-16T03:00:00Z,1624259565521
2023-03-16T02:00:00Z,1623222747015
2023-03-16T01:00:00Z,1631653416441
2023-03-16T00:00:00Z,1630584276050
2023-03-15T23:00:00Z,1629823403778
2023-03-15T22:00:00Z,1629269543031
2023-03-15T21:00:00Z,1628934821914
2023-03-15T20:00:00Z,1627018244163
2023-03-15T19:00:00Z,1624535123220
2023-03-15T18:00:00Z,1631052173357
2023-03-15T17:00:00Z,1629992054171
2023-03-15T16:00:00Z,1629631331198
2023-03-15T15:00:00Z,1627270740018
2023-03-15T14:00:00Z,1603787842265
2023-03-15T13:00:00Z,1603899453077
2023-03-15T12:00:00Z,1606194477950
2023-03-15T11:00:00Z,1606143079374
2023-03-15T10:00:00Z,1605817554629
2023-03-15T09:00:00Z,1606137198969
2023-03-15T08:00:00Z,1602229786251
2023-03-15T07:00:00Z,1601984679200
2023-03-15T06:00:00Z,1610934517815
2023-03-15T05:00:00Z,1611614493703
2023-03-15T04:00:00Z,1612122027708
2023-03-15T03:00:00Z,1612475042886
2023-03-15T02:00:00Z,1609633396433
2023-03-15T01:00:00Z,1609402710605
2023-03-15T00:00:00Z,1609760173378
2023-03-14T23:00:00Z,1611118209198
2023-03-14T22:00:00Z,1592942107062
2023-03-14T21:00:00Z,1590281383181
2023-03-14T20:00:00Z,1590278320106
2023-03-14T19:00:00Z,1582746141018
2023-03-14T18:00:00Z,1541236862699
2023-03-14T17:00:00Z,1533031304190
2023-03-14T16:00:00Z,1537233187688
2023-03-14T15:00:00Z,1536619161257
2023-03-14T14:00:00Z,1536830920960
2023-03-14T13:00:00Z,1533629603904
2023-03-14T12:00:00Z,1533494211302
2023-03-14T11:00:00Z,1532219474094
2023-03-14T10:00:00Z,1697018449624
2023-03-14T09:00:00Z,1697603635712
2023-03-14T08:00:00Z,1530611830512
2023-03-14T07:00:00Z,1530547502706
2023-03-14T06:00:00Z,1529928528845
2023-03-14T05:00:00Z,1529328348151
2023-03-14T04:00:00Z,1537487134401
2023-03-14T03:00:00Z,1545000322137
2023-03-14T02:00:00Z,1544165657001
2023-03-14T01:00:00Z,1542014064213
2023-03-14T00:00:00Z,1538026103446
2023-03-13T23:00:00Z,1530668864523
2023-03-13T22:00:00Z,1530209880037
2023-03-13T21:00:00Z,1528651558854
2023-03-13T20:00:00Z,1527519442211
2023-03-13T19:00:00Z,1516457856403
2023-03-13T18:00:00Z,1515355025626
2023-03-13T17:00:00Z,1523451465587
2023-03-13T16:00:00Z,1521664521968
2023-03-13T15:00:00Z,1521331574254
2023-03-13T14:00:00Z,1520460479484
2023-03-13T13:00:00Z,1519873725814
2023-03-13T12:00:00Z,1518817383571
2023-03-13T11:00:00Z,1517730357716
2023-03-13T10:00:00Z,1517716557706
2023-03-13T09:00:00Z,1513967965828
2023-03-13T08:00:00Z,1515213121158
2023-03-13T07:00:00Z,1512251077101
2023-03-13T06:00:00Z,null
2023-03-13T05:00:00Z,null
2023-03-13T04:00:00Z,null
2023-03-13T03:00:00Z,null
2023-03-13T02:00:00Z,null
2023-03-13T01:00:00Z,null
2023-03-13T00:00:00Z,null
2023-03-12T23:00:00Z,null
2023-03-12T22:00:00Z,null
2023-03-12T21:00:00Z,null
2023-03-12T20:00:00Z,null
2023-03-12T19:00:00Z,null
2023-03-12T18:00:00Z,1499919619381
2023-03-12T17:00:00Z,1499957934469
2023-03-12T16:00:00Z,1500837174871
2023-03-12T15:00:00Z,1505940664805
2023-03-12T14:00:00Z,1511202542971
2023-03-12T13:00:00Z,1512060543432
2023-03-12T12:00:00Z,1511903425763
2023-03-12T11:00:00Z,1511942365181
2023-03-12T10:00:00Z,1512007699042
2023-03-12T09:00:00Z,1509403473002
2023-03-12T08:00:00Z,1508417473002
2023-03-12T07:00:00Z,1508884606412
2023-03-12T06:00:00Z,1509330246733
2023-03-12T05:00:00Z,1509386969415
2023-03-12T04:00:00Z,1513384454190
2023-03-12T03:00:00Z,1513320506598
2023-03-12T02:00:00Z,1522566224682
2023-03-12T01:00:00Z,1522816685361
2023-03-12T00:00:00Z,1522716335761
2023-03-11T23:00:00Z,1522589144827
2023-03-11T22:00:00Z,1522549596833
2023-03-11T21:00:00Z,1522549338824
2023-03-11T20:00:00Z,1522972645760
2023-03-11T19:00:00Z,1522379764945
2023-03-11T18:00:00Z,1522746817097
2023-03-11T17:00:00Z,1525710898712
2023-03-11T16:00:00Z,1526226813686
2023-03-11T15:00:00Z,1526440652947
2023-03-11T14:00:00Z,1524397777222
2023-03-11T13:00:00Z,1523163033572
2023-03-11T12:00:00Z,1522726929733
2023-03-11T11:00:00Z,1516210813645
2023-03-11T10:00:00Z,1520906603717
2023-03-11T09:00:00Z,1520954191550
2023-03-11T08:00:00Z,1529952795858
2023-03-11T07:00:00Z,1528854509061
2023-03-11T06:00:00Z,1528743296621
2023-03-11T05:00:00Z,1528956243036
2023-03-11T04:00:00Z,1526888631899
2023-03-11T03:00:00Z,1527214859913
2023-03-11T02:00:00Z,1527092509177
2023-03-11T01:00:00Z,1529873219078
2023-03-11T00:00:00Z,1530201283202
2023-03-10T23:00:00Z,1530369753617
2023-03-10T22:00:00Z,1523738714348
2023-03-10T21:00:00Z,1507320456621
2023-03-10T20:00:00Z,1511200652402
2023-03-10T19:00:00Z,1518302603412
2023-03-10T18:00:00Z,1514669623641
2023-03-10T17:00:00Z,1514675538111
2023-03-10T16:00:00Z,1514719245130
2023-03-10T15:00:00Z,1514881446939
2023-03-10T14:00:00Z,1514221705815
2023-03-10T13:00:00Z,1544225391705
2023-03-10T12:00:00Z,1567680745925
2023-03-10T11:00:00Z,1497294728360
2023-03-10T10:00:00Z,1495920054896
2023-03-10T09:00:00Z,1495967921265
2023-03-10T08:00:00Z,1496343580900
2023-03-10T07:00:00Z,1497495035663
2023-03-10T06:00:00Z,1496687682916
2023-03-10T05:00:00Z,1496452146436
2023-03-10T04:00:00Z,1496967648281
2023-03-10T03:00:00Z,1497055168993
2023-03-10T02:00:00Z,1496839839074
2023-03-10T01:00:00Z,1496901858460
2023-03-10T00:00:00Z,1487572399648
2023-03-09T23:00:00Z,1486668725841
2023-03-09T22:00:00Z,1485680301026
2023-03-09T21:00:00Z,1489161632259
2023-03-09T20:00:00Z,1485233381192
2023-03-09T19:00:00Z,1485200478690
2023-03-09T18:00:00Z,1485561639978
2023-03-09T17:00:00Z,1485510317139
2023-03-09T16:00:00Z,1495636671058
2023-03-09T15:00:00Z,1444250529111
2023-03-09T14:00:00Z,1444177325184
2023-03-09T13:00:00Z,1443715304247
2023-03-09T12:00:00Z,1443995833198
2023-03-09T11:00:00Z,1444816638318
2023-03-09T10:00:00Z,1428542627222
2023-03-09T09:00:00Z,1428542627222
2023-03-09T08:00:00Z,1428523774171
2023-03-09T07:00:00Z,1428482809124
2023-03-09T06:00:00Z,1430522274184
2023-03-09T05:00:00Z,1430908525724
2023-03-09T04:00:00Z,1430808515724
2023-03-09T03:00:00Z,1433153137107
2023-03-09T02:00:00Z,1435824101849
2023-03-09T01:00:00Z,1435795717034
2023-03-09T00:00:00Z,1434868321555
2023-03-08T23:00:00Z,1428092162212
2023-03-08T22:00:00Z,1405546906081
2023-03-08T21:00:00Z,1404303386038
2023-03-08T20:00:00Z,1403506095293
2023-03-08T19:00:00Z,1403396885250
2023-03-08T18:00:00Z,1403555663099
2023-03-08T17:00:00Z,1403231448365
2023-03-08T16:00:00Z,1406882488177
2023-03-08T15:00:00Z,1403223580675
2023-03-08T14:00:00Z,1404889088421
2023-03-08T13:00:00Z,1406122950862
2023-03-08T12:00:00Z,1405340667518
2023-03-08T11:00:00Z,1405467826732
2023-03-08T10:00:00Z,1405154492490
2023-03-08T09:00:00Z,1405683032587
2023-03-08T08:00:00Z,1403178107240
2023-03-08T07:00:00Z,1403761049630
2023-03-08T06:00:00Z,1403972784706
2023-03-08T05:00:00Z,1404407055990
2023-03-08T04:00:00Z,1404554757027
2023-03-08T03:00:00Z,1403642836885
2023-03-08T02:00:00Z,1403053270104
2023-03-08T01:00:00Z,1405062402174
2023-03-08T00:00:00Z,1405543332060
2023-03-07T23:00:00Z,1406111440071
2023-03-07T22:00:00Z,1406692168494
2023-03-07T21:00:00Z,1408073376235
2023-03-07T20:00:00Z,1407918975497
2023-03-07T19:00:00Z,1409296032567
2023-03-07T18:00:00Z,1410679979338
2023-03-07T17:00:00Z,1408882137966
2023-03-07T16:00:00Z,1408520970919
2023-03-07T15:00:00Z,1408752481498
2023-03-07T14:00:00Z,1408694446483
2023-03-07T13:00:00Z,1405836030456
2023-03-07T12:00:00Z,1405765974939
2023-03-07T11:00:00Z,1406120020809
2023-03-07T10:00:00Z,1404124839550
2023-03-07T09:00:00Z,1401217551595
2023-03-07T08:00:00Z,1402971013526
2023-03-07T07:00:00Z,1403503861118
2023-03-07T06:00:00Z,1404104667641
2023-03-07T05:00:00Z,1403934023403
2023-03-07T04:00:00Z,1404175920619
2023-03-07T03:00:00Z,1404522992448
2023-03-07T02:00:00Z,1404511473738
2023-03-07T01:00:00Z,1404908176609
2023-03-07T00:00:00Z,1406779558144
2023-03-06T23:00:00Z,1406862894713
2023-03-06T22:00:00Z,1409306845217
2023-03-06T21:00:00Z,1408292845130
2023-03-06T20:00:00Z,1411369974270
2023-03-06T19:00:00Z,1411060874568
2023-03-06T18:00:00Z,1413614567944
2023-03-06T17:00:00Z,1413216137491
2023-03-06T16:00:00Z,1412632513165
2023-03-06T15:00:00Z,1412685180458
2023-03-06T14:00:00Z,1413854477391
2023-03-06T13:00:00Z,1415119647971
2023-03-06T12:00:00Z,1415944202033
2023-03-06T11:00:00Z,1415602243951
2023-03-06T10:00:00Z,1415986659214
2023-03-06T09:00:00Z,1415595891806
2023-03-06T08:00:00Z,1415567587440
2023-03-06T07:00:00Z,1415568865805
2023-03-06T06:00:00Z,1417738754370
2023-03-06T05:00:00Z,1419315577152
2023-03-06T04:00:00Z,1418897197749
2023-03-06T03:00:00Z,1418285830595
2023-03-06T02:00:00Z,1418413699209
2023-03-06T01:00:00Z,1418408546887
2023-03-06T00:00:00Z,1419603079855
2023-03-05T23:00:00Z,1419628292481
2023-03-05T22:00:00Z,1415033104935
2023-03-05T21:00:00Z,1414642276028
2023-03-05T20:00:00Z,1412900564771
2023-03-05T19:00:00Z,1415370235781
2023-03-05T18:00:00Z,1415920613422
2023-03-05T17:00:00Z,1416170086019
2023-03-05T16:00:00Z,1417961210075
2023-03-05T15:00:00Z,1417391261321
2023-03-05T14:00:00Z,1419360106298
2023-03-05T13:00:00Z,1419745485310
2023-03-05T12:00:00Z,1423357932484
2023-03-05T11:00:00Z,1422618905762
2023-03-05T10:00:00Z,1422642131950
2023-03-05T09:00:00Z,1420252196864
2023-03-05T08:00:00Z,1471521286003
2023-03-05T07:00:00Z,1471938336418
2023-03-05T06:00:00Z,1473359593065
2023-03-05T05:00:00Z,1473471235270
2023-03-05T04:00:00Z,1541346357425
2023-03-05T03:00:00Z,1544064357425
2023-03-05T02:00:00Z,1546906884353
2023-03-05T01:00:00Z,1546945298088
2023-03-05T00:00:00Z,1549231737477
2023-03-04T23:00:00Z,1488153638437
2023-03-04T22:00:00Z,1488290713348
2023-03-04T21:00:00Z,1487763852629
2023-03-04T20:00:00Z,1486384958637
2023-03-04T19:00:00Z,1489836653853
2023-03-04T18:00:00Z,1495518533047
2023-03-04T17:00:00Z,1495601942524
2023-03-04T16:00:00Z,1498570511836
2023-03-04T15:00:00Z,1498870202228
2023-03-04T14:00:00Z,1504977906982
2023-03-04T13:00:00Z,1507769645392
2023-03-04T12:00:00Z,1505585102712
2023-03-04T11:00:00Z,1503130867214
2023-03-04T10:00:00Z,1503126948513
2023-03-04T09:00:00Z,1501101389640
2023-03-04T08:00:00Z,1502733433385
2023-03-04T07:00:00Z,1502777591765
2023-03-04T06:00:00Z,1502996197401
2023-03-04T05:00:00Z,1502826444077
2023-03-04T04:00:00Z,1502620178138
2023-03-04T03:00:00Z,1502343869055
2023-03-04T02:00:00Z,1504260118048
2023-03-04T01:00:00Z,1504402847000
2023-03-04T00:00:00Z,1504529044732
2023-03-03T23:00:00Z,1504722871590
2023-03-03T22:00:00Z,1504975724458
2023-03-03T21:00:00Z,1505427255716
2023-03-03T20:00:00Z,1504907067977
2023-03-03T19:00:00Z,1505196711242
2023-03-03T18:00:00Z,1505105473021
2023-03-03T17:00:00Z,1501394515717
2023-03-03T16:00:00Z,1501461413698
2023-03-03T15:00:00Z,1500023568637
2023-03-03T14:00:00Z,1500295984236
2023-03-03T13:00:00Z,1500731016458
2023-03-03T12:00:00Z,1494100360861
2023-03-03T11:00:00Z,1491433692204
2023-03-03T10:00:00Z,1466307736065
2023-03-03T09:00:00Z,1466175262683
2023-03-03T08:00:00Z,1466213833547
2023-03-03T07:00:00Z,1466000507686
2023-03-03T06:00:00Z,1451014471955
2023-03-03T05:00:00Z,1455207616141
2023-03-03T04:00:00Z,1449094476343
2023-03-03T03:00:00Z,1449105657975
2023-03-03T02:00:00Z,1433909137322
2023-03-03T01:00:00Z,1433796181204
2023-03-03T00:00:00Z,1434003980993
2023-03-02T23:00:00Z,1434028617278
2023-03-02T22:00:00Z,1433791243131
2023-03-02T21:00:00Z,1431978798892
2023-03-02T20:00:00Z,1432452043881
2023-03-02T19:00:00Z,1433773605473
2023-03-02T18:00:00Z,1433809854676
2023-03-02T17:00:00Z,1432140296159
2023-03-02T16:00:00Z,1423268595287
2023-03-02T15:00:00Z,1423285951823
2023-03-02T14:00:00Z,1423645854858
2023-03-02T13:00:00Z,1423619501960
2023-03-02T12:00:00Z,1423644767221
2023-03-02T11:00:00Z,1420846550187
2023-03-02T10:00:00Z,1427743019541
2023-03-02T09:00:00Z,1428407806016
2023-03-02T08:00:00Z,1425132238704
2023-03-02T07:00:00Z,1428877221032
2023-03-02T06:00:00Z,1433038430240
2023-03-02T05:00:00Z,1437825063835
2023-03-02T04:00:00Z,1437824063835
2023-03-02T03:00:00Z,1437051153491
2023-03-02T02:00:00Z,1434301903790
2023-03-02T01:00:00Z,1433419402185
2023-03-02T00:00:00Z,1435622355475
2023-03-01T23:00:00Z,1437810738106
2023-03-01T22:00:00Z,1440735050436
2023-03-01T21:00:00Z,1440592347240
2023-03-01T20:00:00Z,1439604603407
2023-03-01T19:00:00Z,1439201103417
2023-03-01T18:00:00Z,1438586345713
2023-03-01T17:00:00Z,1439116584864
2023-03-01T16:00:00Z,1433703841039
2023-03-01T15:00:00Z,1436057999273
2023-03-01T14:00:00Z,1438096997916
2023-03-01T13:00:00Z,1438455908091
2023-03-01T12:00:00Z,1438766957507
2023-03-01T11:00:00Z,1414893669112
2023-03-01T10:00:00Z,1412294072337
2023-03-01T09:00:00Z,1411936718065
2023-03-01T08:00:00Z,1411726867942
2023-03-01T07:00:00Z,1411515233492
2023-03-01T06:00:00Z,1412772544560
2023-03-01T05:00:00Z,1412787502373
2023-03-01T04:00:00Z,1412494897703
2023-03-01T03:00:00Z,1413520975523
2023-03-01T02:00:00Z,1408521849022
2023-03-01T01:00:00Z,1408620956027
2023-03-01T00:00:00Z,1408617061254
2023-02-28T23:00:00Z,1408507798975
2023-02-28T22:00:00Z,1407938041602
2023-02-28T21:00:00Z,1409260698472
2023-02-28T20:00:00Z,1408143754307
2023-02-28T19:00:00Z,1408857046004
2023-02-28T18:00:00Z,1408814619885
2023-02-28T17:00:00Z,1408881241839
2023-02-28T16:00:00Z,1407626816193
2023-02-28T15:00:00Z,1406832394989
2023-02-28T14:00:00Z,1407608674400
2023-02-28T13:00:00Z,1405684870487
2023-02-28T12:00:00Z,1402638281128
2023-02-28T11:00:00Z,1402529882743
2023-02-28T10:00:00Z,1402559899083
2023-02-28T09:00:00Z,1402202040329
2023-02-28T08:00:00Z,1402029133135
2023-02-28T07:00:00Z,1402074001780
2023-02-28T06:00:00Z,1402097779733
2023-02-28T05:00:00Z,1402217412403
2023-02-28T04:00:00Z,1402366239936
2023-02-28T03:00:00Z,1409085138181
2023-02-28T02:00:00Z,1408681971194
2023-02-28T01:00:00Z,1408790124812
2023-02-28T00:00:00Z,1409589255173
2023-02-27T23:00:00Z,1405497591203
2023-02-27T22:00:00Z,1405162279637
2023-02-27T21:00:00Z,1406251153790
2023-02-27T20:00:00Z,1406167271749
2023-02-27T19:00:00Z,1406409664311
2023-02-27T18:00:00Z,1406239586089
2023-02-27T17:00:00Z,1406084992106
2023-02-27T16:00:00Z,1405125542041
2023-02-27T15:00:00Z,1405180003599
2023-02-27T14:00:00Z,1406329070110
2023-02-27T13:00:00Z,null
2023-02-27T12:00:00Z,1403658810806
2023-02-27T11:00:00Z,1404169346914
2023-02-27T10:00:00Z,1404170669810
2023-02-27T09:00:00Z,1403570285312
2023-02-27T08:00:00Z,1403400451188
2023-02-27T07:00:00Z,1403545948449
2023-02-27T06:00:00Z,1402990432937
2023-02-27T05:00:00Z,1402592200884
2023-02-27T04:00:00Z,1404277892312
2023-02-27T03:00:00Z,1403354742487
2023-02-27T02:00:00Z,1401996127889
2023-02-27T01:00:00Z,1402186283110
2023-02-27T00:00:00Z,1402396020328
2023-02-26T23:00:00Z,1402089107709
2023-02-26T22:00:00Z,1402086735548
2023-02-26T21:00:00Z,1400793564667
2023-02-26T20:00:00Z,1400682755519
2023-02-26T19:00:00Z,1403815116597
2023-02-26T18:00:00Z,1403400450726
2023-02-26T17:00:00Z,1405624549256
2023-02-26T16:00:00Z,1399271574623
2023-02-26T15:00:00Z,1399288589216
2023-02-26T14:00:00Z,1400878545251
2023-02-26T13:00:00Z,1402713651744
2023-02-26T12:00:00Z,1404676617328
2023-02-26T11:00:00Z,1406758841789
2023-02-26T10:00:00Z,1406305657163
2023-02-26T09:00:00Z,1399471500892
2023-02-26T08:00:00Z,1400243841582
2023-02-26T07:00:00Z,1399906823282
2023-02-26T06:00:00Z,1404203047132
2023-02-26T05:00:00Z,1403993878608
2023-02-26T04:00:00Z,1404054565622
2023-02-26T03:00:00Z,1404559851818
2023-02-26T02:00:00Z,1404234556585
2023-02-26T01:00:00Z,1405466485293
2023-02-26T00:00:00Z,1405639150042
2023-02-25T23:00:00Z,1405848310874
2023-02-25T22:00:00Z,1406568948101
2023-02-25T21:00:00Z,1406920462559
2023-02-25T20:00:00Z,1407258526137
2023-02-25T19:00:00Z,1411808007865
2023-02-25T18:00:00Z,1393771874313
2023-02-25T17:00:00Z,1393459058387
2023-02-25T16:00:00Z,1393130132964
2023-02-25T15:00:00Z,1393407461630
2023-02-25T14:00:00Z,1393163025313
2023-02-25T13:00:00Z,1394504842445
2023-02-25T12:00:00Z,1394433735942
2023-02-25T11:00:00Z,1394491204432
2023-02-25T10:00:00Z,1393093798530
2023-02-25T09:00:00Z,1393012367167
2023-02-25T08:00:00Z,1392335985493
2023-02-25T07:00:00Z,1392411802578
2023-02-25T06:00:00Z,1392366803004
2023-02-25T05:00:00Z,1393262734968
2023-02-25T04:00:00Z,1393524728754
2023-02-25T03:00:00Z,1393650673388
2023-02-25T02:00:00Z,1393706673959
2023-02-25T01:00:00Z,1391791474355
2023-02-25T00:00:00Z,1388741473611
2023-02-24T23:00:00Z,1388596484110
2023-02-24T22:00:00Z,1388874774121
2023-02-24T21:00:00Z,1388973729991
2023-02-24T20:00:00Z,1388622257087
2023-02-24T19:00:00Z,1380606561946
2023-02-24T18:00:00Z,1383727346742
2023-02-24T17:00:00Z,1384092888343
2023-02-24T16:00:00Z,1384246431271
2023-02-24T15:00:00Z,1382122145213
2023-02-24T14:00:00Z,1382135997097
2023-02-24T13:00:00Z,1382148865237
2023-02-24T12:00:00Z,1400175018048
2023-02-24T11:00:00Z,1401546416889
2023-02-24T10:00:00Z,1401972215159
2023-02-24T09:00:00Z,1401952262448
2023-02-24T08:00:00Z,1402265721927
2023-02-24T07:00:00Z,1466086737995
2023-02-24T06:00:00Z,null
2023-02-24T05:00:00Z,1466908448528
2023-02-24T04:00:00Z,1466941804141
2023-02-24T03:00:00Z,1466532709071
2023-02-24T02:00:00Z,1466910433819
2023-02-24T01:00:00Z,1466888735648
2023-02-24T00:00:00Z,1466999008189
2023-02-23T23:00:00Z,1467391163743
2023-02-23T22:00:00Z,1467702040194
2023-02-23T21:00:00Z,1467014954603
2023-02-23T20:00:00Z,1467378160168
2023-02-23T19:00:00Z,1467535346892
2023-02-23T18:00:00Z,1468643929443
2023-02-23T17:00:00Z,1468289278226
2023-02-23T16:00:00Z,1472951749744
2023-02-23T15:00:00Z,1474041334178
2023-02-23T14:00:00Z,1474877432437
2023-02-23T13:00:00Z,1469437143993
2023-02-23T12:00:00Z,1470030314769
2023-02-23T11:00:00Z,1472803583703
2023-02-23T10:00:00Z,1468659401373
2023-02-23T09:00:00Z,1463504342404
2023-02-23T08:00:00Z,1463607413008
2023-02-23T07:00:00Z,1463868949809
2023-02-23T06:00:00Z,1461700132928
2023-02-23T05:00:00Z,1461136045855
2023-02-23T04:00:00Z,1457948701308
2023-02-23T03:00:00Z,1457847823653
2023-02-23T02:00:00Z,1458590185482
2023-02-23T01:00:00Z,1458667866562
2023-02-23T00:00:00Z,1458784464120
2023-02-22T23:00:00Z,1455832717574
2023-02-22T22:00:00Z,1452892700998
2023-02-22T21:00:00Z,1443603522926
2023-02-22T20:00:00Z,1446692825927
2023-02-22T19:00:00Z,1458490893913
2023-02-22T18:00:00Z,1457478970112
2023-02-22T17:00:00Z,1457232661779
2023-02-22T16:00:00Z,1449398517073
2023-02-22T15:00:00Z,1456194301130
2023-02-22T14:00:00Z,1461402221825
2023-02-22T13:00:00Z,1461740839137
2023-02-22T12:00:00Z,1462660621070
2023-02-22T11:00:00Z,1462969654238
2023-02-22T10:00:00Z,1463068726837
2023-02-22T09:00:00Z,1461427721967
2023-02-22T08:00:00Z,1461913863333
2023-02-22T07:00:00Z,1461365487079
2023-02-22T06:00:00Z,1461108929464
2023-02-22T05:00:00Z,1460547245143
2023-02-22T04:00:00Z,1460549420269
2023-02-22T03:00:00Z,1460414342328
2023-02-22T02:00:00Z,1460328143858
2023-02-22T01:00:00Z,1460146169203
2023-02-22T00:00:00Z,1460223495933
2023-02-21T23:00:00Z,1460512474867
2023-02-21T22:00:00Z,1457496362127
2023-02-21T21:00:00Z,1458519377452
2023-02-21T20:00:00Z,1458501767290
2023-02-21T19:00:00Z,1457944159823
2023-02-21T18:00:00Z,1458400956254
2023-02-21T17:00:00Z,1461304428137
2023-02-21T16:00:00Z,1460995009526
2023-02-21T15:00:00Z,1460336844136
2023-02-21T14:00:00Z,1486871054175
2023-02-21T13:00:00Z,1486772080851
2023-02-21T12:00:00Z,1486160552548
2023-02-21T11:00:00Z,1486217189772
2023-02-21T10:00:00Z,1484066661121
2023-02-21T09:00:00Z,1349926224919
2023-02-21T08:00:00Z,1348862360854
2023-02-21T07:00:00Z,1348933108275
2023-02-21T06:00:00Z,1349128915555
2023-02-21T05:00:00Z,1349146789602
2023-02-21T04:00:00Z,1350025626988
2023-02-21T03:00:00Z,1350275281467
2023-02-21T02:00:00Z,1351973450844
2023-02-21T01:00:00Z,1351704707934
2023-02-21T00:00:00Z,1351031023958
2023-02-20T23:00:00Z,1350907036004
2023-02-20T22:00:00Z,1351509349517
2023-02-20T21:00:00Z,1353029862413
2023-02-20T20:00:00Z,1264763455443
2023-02-20T19:00:00Z,1264910866403
2023-02-20T18:00:00Z,1264120169646
2023-02-20T17:00:00Z,1264779541576
2023-02-20T16:00:00Z,1265666366766
2023-02-20T15:00:00Z,1256539910729
2023-02-20T14:00:00Z,1275114980405
2023-02-20T13:00:00Z,1260409602689
2023-02-20T12:00:00Z,1260635715080
2023-02-20T11:00:00Z,1260436592842
2023-02-20T10:00:00Z,1262337020175
2023-02-20T09:00:00Z,1261461911581
2023-02-20T08:00:00Z,1261461911581
2023-02-20T07:00:00Z,1261516695699
2023-02-20T06:00:00Z,1261191404909
2023-02-20T05:00:00Z,1259701879294
2023-02-20T04:00:00Z,1260211107771
2023-02-20T03:00:00Z,1262931868159
2023-02-20T02:00:00Z,1262144638283
2023-02-20T01:00:00Z,1261943133381
2023-02-20T00:00:00Z,1263408104502
2023-02-19T23:00:00Z,1263954186992
2023-02-19T22:00:00Z,1264421571764
2023-02-19T21:00:00Z,1261200978331
2023-02-19T20:00:00Z,1262244686330
2023-02-19T19:00:00Z,1261010232761
2023-02-19T18:00:00Z,1265640435665
2023-02-19T17:00:00Z,1265970503469
2023-02-19T16:00:00Z,1265838161885
2023-02-19T15:00:00Z,1264907615846
2023-02-19T14:00:00Z,1264696501727
2023-02-19T13:00:00Z,1264115077527
2023-02-19T12:00:00Z,1260474862090
2023-02-19T11:00:00Z,1264024822298
2023-02-19T10:00:00Z,1261045567685
2023-02-19T09:00:00Z,1260655359177
2023-02-19T08:00:00Z,1259595041408
2023-02-19T07:00:00Z,1259800325267
2023-02-19T06:00:00Z,1259880157766
2023-02-19T05:00:00Z,1259906260541
2023-02-19T04:00:00Z,1259834887848
2023-02-19T03:00:00Z,1259578489387
2023-02-19T02:00:00Z,1259678784111
2023-02-19T01:00:00Z,1256547427181
2023-02-19T00:00:00Z,1261465927747
2023-02-18T23:00:00Z,1261304502117
2023-02-18T22:00:00Z,1261893627787
2023-02-18T21:00:00Z,1256588636134
2023-02-18T20:00:00Z,1253026663475
2023-02-18T19:00:00Z,1252430816396
2023-02-18T18:00:00Z,1252005234291
2023-02-18T17:00:00Z,1252320640848
2023-02-18T16:00:00Z,1251993934037
2023-02-18T15:00:00Z,1251578247777
2023-02-18T14:00:00Z,1230443638327
2023-02-18T13:00:00Z,1229071961745
2023-02-18T12:00:00Z,1230781716684
2023-02-18T11:00:00Z,1233159616387
2023-02-18T10:00:00Z,1232056599323
2023-02-18T09:00:00Z,1232761716463
2023-02-18T08:00:00Z,1235120968325
2023-02-18T07:00:00Z,1234871654964
2023-02-18T06:00:00Z,1233653735251
2023-02-18T05:00:00Z,1181385464211
2023-02-18T04:00:00Z,1177531339253
2023-02-18T03:00:00Z,1176723220388
2023-02-18T02:00:00Z,1176849679634
2023-02-18T01:00:00Z,1195108209160
2023-02-18T00:00:00Z,1195395598506
2023-02-17T23:00:00Z,1196592711100
2023-02-17T22:00:00Z,1196663821384
2023-02-17T21:00:00Z,1196815983514
2023-02-17T20:00:00Z,1193558470748
2023-02-17T19:00:00Z,1189944847071
2023-02-17T18:00:00Z,1189583350474
2023-02-17T17:00:00Z,1189529911859
2023-02-17T16:00:00Z,1187811676539
2023-02-17T15:00:00Z,1187355660413
2023-02-17T14:00:00Z,1187322918085
2023-02-17T13:00:00Z,1187143040385
2023-02-17T12:00:00Z,1185530652292
2023-02-17T11:00:00Z,1184477120222
2023-02-17T10:00:00Z,1184249632582
2023-02-17T09:00:00Z,1184069411241
2023-02-17T08:00:00Z,1184069411241
2023-02-17T07:00:00Z,1181986897070
2023-02-17T06:00:00Z,1180928531918
2023-02-17T05:00:00Z,1181031829552
2023-02-17T04:00:00Z,1179344469864
2023-02-17T03:00:00Z,1179782880274
2023-02-17T02:00:00Z,1179172043423
2023-02-17T01:00:00Z,1178712057010
2023-02-17T00:00:00Z,1178697837351
2023-02-16T23:00:00Z,1176980675308
2023-02-16T22:00:00Z,1176876560678
2023-02-16T21:00:00Z,1177341626142
2023-02-16T20:00:00Z,1176348404990
2023-02-16T19:00:00Z,1175187248571
2023-02-16T18:00:00Z,1158574676433
2023-02-16T17:00:00Z,1156867672912
2023-02-16T16:00:00Z,1150350322067
2023-02-16T15:00:00Z,1889073397121
2023-02-16T14:00:00Z,1888712921527
2023-02-16T13:00:00Z,1849651185853
2023-02-16T12:00:00Z,1105463866615
2023-02-16T11:00:00Z,1105707182341
2023-02-16T10:00:00Z,1146511325304
2023-02-16T09:00:00Z,1145085704534
2023-02-16T08:00:00Z,1145085704534
2023-02-16T07:00:00Z,1138057380152
2023-02-16T06:00:00Z,1133064323212
2023-02-16T05:00:00Z,1132774107591
2023-02-16T04:00:00Z,1133204153295
2023-02-16T03:00:00Z,1132418715963
2023-02-16T02:00:00Z,1132350756580
2023-02-16T01:00:00Z,1123167660104
2023-02-16T00:00:00Z,1124433563427
2023-02-15T23:00:00Z,1124413129850
2023-02-15T22:00:00Z,1124444256698
2023-02-15T21:00:00Z,1123388909544
2023-02-15T20:00:00Z,1123055234217
2023-02-15T19:00:00Z,1122850160848
2023-02-15T18:00:00Z,1115218895922
2023-02-15T17:00:00Z,1115155599258
2023-02-15T16:00:00Z,1114632836323
2023-02-15T15:00:00Z,1113624767694
2023-02-15T14:00:00Z,1113450821132
2023-02-15T13:00:00Z,1112593803577
2023-02-15T12:00:00Z,1110061011304
2023-02-15T11:00:00Z,1110229011041
2023-02-15T10:00:00Z,1110739925488
2023-02-15T09:00:00Z,1109410731017
2023-02-15T08:00:00Z,1110137034086
2023-02-15T07:00:00Z,1110186723117
2023-02-15T06:00:00Z,1101174850454
2023-02-15T05:00:00Z,1099467920347
2023-02-15T04:00:00Z,1099038208622
2023-02-15T03:00:00Z,1098637436960
2023-02-15T02:00:00Z,1098077960091
2023-02-15T01:00:00Z,1098163861055
2023-02-15T00:00:00Z,1097823716101
2023-02-14T23:00:00Z,1055499823255
2023-02-14T22:00:00Z,1056130688949
2023-02-14T21:00:00Z,1058292778570
2023-02-14T20:00:00Z,1058567151609
2023-02-14T19:00:00Z,1081134723106
2023-02-14T18:00:00Z,1081292221746
2023-02-14T17:00:00Z,1081265797920
2023-02-14T16:00:00Z,1076831960782
2023-02-14T15:00:00Z,1076644976725
2023-02-14T14:00:00Z,1075660549654
2023-02-14T13:00:00Z,1075565871929
2023-02-14T12:00:00Z,1075560370329
2023-02-14T11:00:00Z,1075801649963
2023-02-14T10:00:00Z,1075888006331
2023-02-14T09:00:00Z,1077776594656
2023-02-14T08:00:00Z,1078691592091
2023-02-14T07:00:00Z,1079446741199
2023-02-14T06:00:00Z,1079422858832
2023-02-14T05:00:00Z,1082069625481
2023-02-14T04:00:00Z,1073902238420
2023-02-14T03:00:00Z,1064943249620
2023-02-14T02:00:00Z,1065903136080
2023-02-14T01:00:00Z,1065452643007
2023-02-14T00:00:00Z,1065635458680
2023-02-13T23:00:00Z,1056861420670
2023-02-13T22:00:00Z,1056370183143
2023-02-13T21:00:00Z,1056324596178
2023-02-13T20:00:00Z,1057079737240
2023-02-13T19:00:00Z,1056727609453
2023-02-13T18:00:00Z,1054181102095
2023-02-13T17:00:00Z,1045394703250
2023-02-13T16:00:00Z,1045385449310
2023-02-13T15:00:00Z,1045872899368
2023-02-13T14:00:00Z,1046707764006
2023-02-13T13:00:00Z,1046795264012
2023-02-13T12:00:00Z,1043430011479
2023-02-13T11:00:00Z,1043804030780
2023-02-13T10:00:00Z,1045331409218
2023-02-13T09:00:00Z,1042463739188
2023-02-13T08:00:00Z,1030957115088
2023-02-13T07:00:00Z,1033446497098
2023-02-13T06:00:00Z,1035584579061
2023-02-13T05:00:00Z,1035522354346
2023-02-13T04:00:00Z,1037773511420
2023-02-13T03:00:00Z,1028062404562
2023-02-13T02:00:00Z,1026488471559
2023-02-13T01:00:00Z,1026488471559
2023-02-13T00:00:00Z,1026758960847
2023-02-12T23:00:00Z,1030497295782
2023-02-12T22:00:00Z,1034355416680
2023-02-12T21:00:00Z,1035743457043
2023-02-12T20:00:00Z,1036141086206
2023-02-12T19:00:00Z,1036518087861
2023-02-12T18:00:00Z,1028901935103
2023-02-12T17:00:00Z,1031737382777
2023-02-12T16:00:00Z,1031337528785
2023-02-12T15:00:00Z,1027304926434
2023-02-12T14:00:00Z,1022558248820
2023-02-12T13:00:00Z,1022923788392
2023-02-12T12:00:00Z,1023165076710
2023-02-12T11:00:00Z,1023435532031
2023-02-12T10:00:00Z,1022493298503
2023-02-12T09:00:00Z,1022396585078
2023-02-12T08:00:00Z,1022396585078
2023-02-12T07:00:00Z,1024019223985
2023-02-12T06:00:00Z,1023519424804
2023-02-12T05:00:00Z,1026931109918
2023-02-12T04:00:00Z,1023013456000
2023-02-12T03:00:00Z,1023149947217
2023-02-12T02:00:00Z,1014027806319
2023-02-12T01:00:00Z,1013797443629
2023-02-12T00:00:00Z,1013860631576
2023-02-11T23:00:00Z,1013639855811
2023-02-11T22:00:00Z,1013830525384
2023-02-11T21:00:00Z,1014264033247
2023-02-11T20:00:00Z,1013320152371
2023-02-11T19:00:00Z,1013427197163
2023-02-11T18:00:00Z,1013302263219
2023-02-11T17:00:00Z,1010298183984
2023-02-11T16:00:00Z,1009972871563
2023-02-11T15:00:00Z,1009552940991
2023-02-11T14:00:00Z,1010284238933
2023-02-11T13:00:00Z,1010631754782
2023-02-11T12:00:00Z,1010618204529
2023-02-11T11:00:00Z,1008276850705
2023-02-11T10:00:00Z,1007202326511
2023-02-11T09:00:00Z,1010662526928
2023-02-11T08:00:00Z,1000732922408
2023-02-11T07:00:00Z,1001496606777
2023-02-11T06:00:00Z,1001343618128
2023-02-11T05:00:00Z,1001452759928
2023-02-11T04:00:00Z,1003083737478
2023-02-11T03:00:00Z,1003256013327
2023-02-11T02:00:00Z,1007964722547
2023-02-11T01:00:00Z,1005401558659
2023-02-11T00:00:00Z,1005066747280
2023-02-10T23:00:00Z,1004939166838
2023-02-10T22:00:00Z,1005068762517
2023-02-10T21:00:00Z,1004944539103
2023-02-10T20:00:00Z,1001207451388
2023-02-10T19:00:00Z,995215951038
2023-02-10T18:00:00Z,995179632589
2023-02-10T17:00:00Z,995356341474
2023-02-10T16:00:00Z,996132618099
2023-02-10T15:00:00Z,995940398398
2023-02-10T14:00:00Z,995967398398
2023-02-10T13:00:00Z,965619452669
2023-02-10T12:00:00Z,942170232847
2023-02-10T11:00:00Z,942207412477
2023-02-10T10:00:00Z,942683113365
2023-02-10T09:00:00Z,964878294492
2023-02-10T08:00:00Z,964807466757
2023-02-10T07:00:00Z,964190339029
2023-02-10T06:00:00Z,964111153447
2023-02-10T05:00:00Z,964571452600
2023-02-10T04:00:00Z,963194141488
2023-02-10T03:00:00Z,965072314614
2023-02-10T02:00:00Z,965017447366
2023-02-10T01:00:00Z,964954473340
2023-02-10T00:00:00Z,963732774448
2023-02-09T23:00:00Z,963759224178
2023-02-09T22:00:00Z,963861465030
2023-02-09T21:00:00Z,960378197548
2023-02-09T20:00:00Z,961056893732
2023-02-09T19:00:00Z,960972658888
2023-02-09T18:00:00Z,961836277050
2023-02-09T17:00:00Z,961571365397
2023-02-09T16:00:00Z,950682022618
2023-02-09T15:00:00Z,951136280016
2023-02-09T14:00:00Z,952329547417
2023-02-09T13:00:00Z,951790447454
2023-02-09T12:00:00Z,950799998571
2023-02-09T11:00:00Z,952038014631
2023-02-09T10:00:00Z,952620885727
2023-02-09T09:00:00Z,953260547044
2023-02-09T08:00:00Z,956578923863
2023-02-09T07:00:00Z,957586852413
2023-02-09T06:00:00Z,996558974053
2023-02-09T05:00:00Z,1010055158823
2023-02-09T04:00:00Z,1028031230728
2023-02-09T03:00:00Z,1026060437680
2023-02-09T02:00:00Z,1027403145726
2023-02-09T01:00:00Z,1029347541589
2023-02-09T00:00:00Z,1029490702667
2023-02-08T23:00:00Z,1029060751321
2023-02-08T22:00:00Z,1050604426945
2023-02-08T21:00:00Z,1051813889611
2023-02-08T20:00:00Z,1052596589692
2023-02-08T19:00:00Z,1052628968577
2023-02-08T18:00:00Z,1052195077553
2023-02-08T17:00:00Z,1051681547149
2023-02-08T16:00:00Z,1052396486023
2023-02-08T15:00:00Z,1069514215208
2023-02-08T14:00:00Z,1067951550715
2023-02-08T13:00:00Z,1066505111562
2023-02-08T12:00:00Z,1065826603881
2023-02-08T11:00:00Z,1068816851135
2023-02-08T10:00:00Z,1069208712614
2023-02-08T09:00:00Z,1068775750662
2023-02-08T08:00:00Z,1069258291744
2023-02-08T07:00:00Z,1068877095662
2023-02-08T06:00:00Z,1069283008452
2023-02-08T05:00:00Z,1068791971281
2023-02-08T04:00:00Z,1068670912913
2023-02-08T03:00:00Z,1067393322943
2023-02-08T02:00:00Z,1067189897782
2023-02-08T01:00:00Z,1065173512711
2023-02-08T00:00:00Z,1064676464823
2023-02-07T23:00:00Z,1064415809759
2023-02-07T22:00:00Z,1064139074993
2023-02-07T21:00:00Z,1062883766624
2023-02-07T20:00:00Z,1063155186442
2023-02-07T19:00:00Z,1061253598510
2023-02-07T18:00:00Z,1060315750160
2023-02-07T17:00:00Z,1060158414194
2023-02-07T16:00:00Z,1059137121397
2023-02-07T15:00:00Z,1058007362552
2023-02-07T14:00:00Z,1057649336868
2023-02-07T13:00:00Z,1057301791167
2023-02-07T12:00:00Z,1057034618767
2023-02-07T11:00:00Z,1056575825716
2023-02-07T10:00:00Z,1056088104033
2023-02-07T09:00:00Z,1056670808324
2023-02-07T08:00:00Z,1054752952107
2023-02-07T07:00:00Z,1054353682772
2023-02-07T06:00:00Z,1053763963809
2023-02-07T05:00:00Z,1053736481030
2023-02-07T04:00:00Z,1071933700717
2023-02-07T03:00:00Z,1071031165126
2023-02-07T02:00:00Z,1073012035418
2023-02-07T01:00:00Z,1077800641303
2023-02-07T00:00:00Z,1075930359768
2023-02-06T23:00:00Z,1075390568760
2023-02-06T22:00:00Z,1075037435251
2023-02-06T21:00:00Z,1074903910353
2023-02-06T20:00:00Z,1072764144823
2023-02-06T19:00:00Z,1072566644823
2023-02-06T18:00:00Z,1073301265340
2023-02-06T17:00:00Z,1073235729386
2023-02-06T16:00:00Z,1073396812926
2023-02-06T15:00:00Z,1072903896785
2023-02-06T14:00:00Z,1071956541226
2023-02-06T13:00:00Z,1097469446088
2023-02-06T12:00:00Z,1071753819861
2023-02-06T11:00:00Z,1071924855882
2023-02-06T10:00:00Z,1072700479453
2023-02-06T09:00:00Z,1076316559334
2023-02-06T08:00:00Z,1076630304577
2023-02-06T07:00:00Z,1077838481532
2023-02-06T06:00:00Z,1076185911864
2023-02-06T05:00:00Z,1066729383919
2023-02-06T04:00:00Z,1067085145032
2023-02-06T03:00:00Z,1066925362458
2023-02-06T02:00:00Z,1067812576202
2023-02-06T01:00:00Z,1069257813438
2023-02-06T00:00:00Z,1067996653872
2023-02-05T23:00:00Z,1068179055175
2023-02-05T22:00:00Z,1068381139439
2023-02-05T21:00:00Z,1071292178575
2023-02-05T20:00:00Z,1071398792068
2023-02-05T19:00:00Z,1068674271753
2023-02-05T18:00:00Z,1068021713505
2023-02-05T17:00:00Z,1067384291311
2023-02-05T16:00:00Z,1065592688014
2023-02-05T15:00:00Z,1066089750628
2023-02-05T14:00:00Z,1064741059066
2023-02-05T13:00:00Z,1065246308411
2023-02-05T12:00:00Z,1064013670081
2023-02-05T11:00:00Z,1063595246130
2023-02-05T10:00:00Z,1065396750374
2023-02-05T09:00:00Z,1064631982602
2023-02-05T08:00:00Z,1014538818602
2023-02-05T07:00:00Z,1014246027540
2023-02-05T06:00:00Z,1013114178306
2023-02-05T05:00:00Z,1012447240156
2023-02-05T04:00:00Z,1011482501552
2023-02-05T03:00:00Z,1008815073951
2023-02-05T02:00:00Z,1006484791403
2023-02-05T01:00:00Z,1011289263626
2023-02-05T00:00:00Z,1019689035198
2023-02-04T23:00:00Z,1013126498837
2023-02-04T22:00:00Z,1012739798429
2023-02-04T21:00:00Z,1012803466034
2023-02-04T20:00:00Z,1012187616111
2023-02-04T19:00:00Z,1006595122153
2023-02-04T18:00:00Z,1001615002187
2023-02-04T17:00:00Z,1002547019931
2023-02-04T16:00:00Z,997587162333
2023-02-04T15:00:00Z,998927347569
2023-02-04T14:00:00Z,992682010059
2023-02-04T13:00:00Z,990009168515
2023-02-04T12:00:00Z,990025036648
2023-02-04T11:00:00Z,null
2023-02-04T10:00:00Z,null
2023-02-04T09:00:00Z,null
2023-02-04T08:00:00Z,null
2023-02-04T07:00:00Z,null
2023-02-04T06:00:00Z,null
2023-02-04T05:00:00Z,null
2023-02-04T04:00:00Z,null
2023-02-04T03:00:00Z,null
2023-02-04T02:00:00Z,null
2023-02-04T01:00:00Z,null
2023-02-04T00:00:00Z,null
2023-02-03T23:00:00Z,null
2023-02-03T22:00:00Z,null
2023-02-03T21:00:00Z,null
2023-02-03T20:00:00Z,null
2023-02-03T19:00:00Z,null
2023-02-03T18:00:00Z,null
2023-02-03T17:00:00Z,null
2023-02-03T16:00:00Z,null
2023-02-03T15:00:00Z,null
2023-02-03T14:00:00Z,null
2023-02-03T13:00:00Z,null
2023-02-03T12:00:00Z,961144057225
2023-02-03T11:00:00Z,960402687721
2023-02-03T10:00:00Z,960764391264
2023-02-03T09:00:00Z,960809382015
2023-02-03T08:00:00Z,986116744243
2023-02-03T07:00:00Z,986812149020
2023-02-03T06:00:00Z,986973677567
2023-02-03T05:00:00Z,982787844858
2023-02-03T04:00:00Z,983454616110
2023-02-03T03:00:00Z,983950076300
2023-02-03T02:00:00Z,984425776765
2023-02-03T01:00:00Z,985744024209
2023-02-03T00:00:00Z,986712319099
2023-02-02T23:00:00Z,986745942712
2023-02-02T22:00:00Z,987444559586
2023-02-02T21:00:00Z,987989857918
2023-02-02T20:00:00Z,987795637022
2023-02-02T19:00:00Z,985883895308
2023-02-02T18:00:00Z,1005959066826
2023-02-02T17:00:00Z,1011974873543
2023-02-02T16:00:00Z,1012419326687
2023-02-02T15:00:00Z,1012680017015
2023-02-02T14:00:00Z,1012953345200
2023-02-02T13:00:00Z,1013407861832
2023-02-02T12:00:00Z,1017594319433
2023-02-02T11:00:00Z,1017698547200
2023-02-02T10:00:00Z,1010847824455
2023-02-02T09:00:00Z,1015516087225
2023-02-02T08:00:00Z,1015991243504
2023-02-02T07:00:00Z,1031411512124
2023-02-02T06:00:00Z,1027135662678
2023-02-02T05:00:00Z,1024686283461
2023-02-02T04:00:00Z,1024953941229
2023-02-02T03:00:00Z,1024689433670
2023-02-02T02:00:00Z,1024328480517
2023-02-02T01:00:00Z,1028425403813
2023-02-02T00:00:00Z,1027045224817
2023-02-01T23:00:00Z,1025420744269
2023-02-01T22:00:00Z,1021908906524
2023-02-01T21:00:00Z,1021702523505
2023-02-01T20:00:00Z,1021544907384
2023-02-01T19:00:00Z,1021230462041
2023-02-01T18:00:00Z,1021442097163
2023-02-01T17:00:00Z,1022140372149
2023-02-01T16:00:00Z,1046475827884
2023-02-01T15:00:00Z,1043997547087
2023-02-01T14:00:00Z,1042358558904
2023-02-01T13:00:00Z,1042119791676
2023-02-01T12:00:00Z,1042123298871
2023-02-01T11:00:00Z,1042258024074
2023-02-01T10:00:00Z,1044916396043
2023-02-01T09:00:00Z,1045779381076
2023-02-01T08:00:00Z,1045554815366
2023-02-01T07:00:00Z,1045554815366
2023-02-01T06:00:00Z,1044341094188
2023-02-01T05:00:00Z,1044326723041
2023-02-01T04:00:00Z,1048359785138
2023-02-01T03:00:00Z,1047877266746
2023-02-01T02:00:00Z,1048267622118
2023-02-01T01:00:00Z,1048218423118
2023-02-01T00:00:00Z,1048359579680
2023-01-31T23:00:00Z,1048442650480
2023-01-31T22:00:00Z,1051197089072
2023-01-31T21:00:00Z,1050019361417
2023-01-31T20:00:00Z,1050172493700
2023-01-31T19:00:00Z,1050282155895
2023-01-31T18:00:00Z,1050252165122
2023-01-31T17:00:00Z,1051520808553
2023-01-31T16:00:00Z,1051276702270
2023-01-31T15:00:00Z,1051207542660
2023-01-31T14:00:00Z,1060652611627
2023-01-31T13:00:00Z,1060841049267
2023-01-31T12:00:00Z,1060633351286
2023-01-31T11:00:00Z,1060779343730
2023-01-31T10:00:00Z,1103566077996
2023-01-31T09:00:00Z,1062818909043
2023-01-31T08:00:00Z,1062381249714
2023-01-31T07:00:00Z,1062246482816
2023-01-31T06:00:00Z,1062291074345
2023-01-31T05:00:00Z,1062253681258
2023-01-31T04:00:00Z,1062130892726
2023-01-31T03:00:00Z,1055189136713
2023-01-31T02:00:00Z,1055211272956
2023-01-31T01:00:00Z,1055201890934
2023-01-31T00:00:00Z,1055565054571
2023-01-30T23:00:00Z,1055763369771
2023-01-30T22:00:00Z,1057477948734
2023-01-30T21:00:00Z,1057468432423
2023-01-30T20:00:00Z,1058340079130
2023-01-30T19:00:00Z,1058234060862
2023-01-30T18:00:00Z,1058583676804
2023-01-30T17:00:00Z,1059939909014
2023-01-30T16:00:00Z,1063523946976
2023-01-30T15:00:00Z,1064005132958
2023-01-30T14:00:00Z,1063605744518
2023-01-30T13:00:00Z,1064584464615
2023-01-30T12:00:00Z,1064118482640
2023-01-30T11:00:00Z,1062779073980
2023-01-30T10:00:00Z,1062793530329
2023-01-30T09:00:00Z,1062982998470
2023-01-30T08:00:00Z,1063039332582
2023-01-30T07:00:00Z,1063052925574
2023-01-30T06:00:00Z,1063177750171
2023-01-30T05:00:00Z,1063946998852
2023-01-30T04:00:00Z,1062406998853
2023-01-30T03:00:00Z,1063320929191
2023-01-30T02:00:00Z,1067617583927
2023-01-30T01:00:00Z,1067322478625
2023-01-30T00:00:00Z,1070947167405
2023-01-29T23:00:00Z,1072722306390
2023-01-29T22:00:00Z,1073854947777
2023-01-29T21:00:00Z,1074345440134
2023-01-29T20:00:00Z,1126059161083
2023-01-29T19:00:00Z,1133417826228
2023-01-29T18:00:00Z,1131826251791
2023-01-29T17:00:00Z,1129457653746
2023-01-29T16:00:00Z,1129119502944
2023-01-29T15:00:00Z,1128837710193
2023-01-29T14:00:00Z,1124867126072
2023-01-29T13:00:00Z,1122340956353
2023-01-29T12:00:00Z,1120480167120
2023-01-29T11:00:00Z,1118893358363
2023-01-29T10:00:00Z,1118592024124
2023-01-29T09:00:00Z,1120559703799
2023-01-29T08:00:00Z,1119619843067
2023-01-29T07:00:00Z,1119398527885
2023-01-29T06:00:00Z,1115335614299
2023-01-29T05:00:00Z,1115821459460
2023-01-29T04:00:00Z,1115780130049
2023-01-29T03:00:00Z,1115346236853
2023-01-29T02:00:00Z,1115329255003
2023-01-29T01:00:00Z,1114262466147
2023-01-29T00:00:00Z,1115095497062
2023-01-28T23:00:00Z,1115082282975
2023-01-28T22:00:00Z,1113986360772
2023-01-28T21:00:00Z,1114998597188
2023-01-28T20:00:00Z,1114986784247
2023-01-28T19:00:00Z,1109177123047
2023-01-28T18:00:00Z,1107173942976
2023-01-28T17:00:00Z,1108547233225
2023-01-28T16:00:00Z,1108322813140
2023-01-28T15:00:00Z,1108328159882
2023-01-28T14:00:00Z,1110908293821
2023-01-28T13:00:00Z,1109729924557
2023-01-28T12:00:00Z,1109770140812
2023-01-28T11:00:00Z,1110923694800
2023-01-28T10:00:00Z,1111128058434
2023-01-28T09:00:00Z,1113422413939
2023-01-28T08:00:00Z,1113191274223
2023-01-28T07:00:00Z,1113718844791
2023-01-28T06:00:00Z,1114212565470
2023-01-28T05:00:00Z,1112267646031
2023-01-28T04:00:00Z,1111472701793
2023-01-28T03:00:00Z,1112022641294
2023-01-28T02:00:00Z,1111927897145
2023-01-28T01:00:00Z,1110713993287
2023-01-28T00:00:00Z,1110889875187
2023-01-27T23:00:00Z,1111202571668
2023-01-27T22:00:00Z,1112930829862
2023-01-27T21:00:00Z,1112850473638
2023-01-27T20:00:00Z,1112672545968
2023-01-27T19:00:00Z,1112990948432
2023-01-27T18:00:00Z,1109620173758
2023-01-27T17:00:00Z,1110774820858
2023-01-27T16:00:00Z,1110613840733
2023-01-27T15:00:00Z,1111336630359
2023-01-27T14:00:00Z,1112011171033
2023-01-27T13:00:00Z,1112097808181
2023-01-27T12:00:00Z,1094068474668
2023-01-27T11:00:00Z,1092729320199
2023-01-27T10:00:00Z,1092377563485
2023-01-27T09:00:00Z,1092463719900
2023-01-27T08:00:00Z,null
2023-01-27T07:00:00Z,null
2023-01-27T06:00:00Z,null
2023-01-27T05:00:00Z,null
2023-01-27T04:00:00Z,null
2023-01-27T03:00:00Z,null
2023-01-27T02:00:00Z,null
2023-01-27T01:00:00Z,null
2023-01-27T00:00:00Z,null
2023-01-26T23:00:00Z,null
2023-01-26T22:00:00Z,null
2023-01-26T21:00:00Z,null
2023-01-26T20:00:00Z,null
2023-01-26T19:00:00Z,null
2023-01-26T18:00:00Z,null
2023-01-26T17:00:00Z,null
2023-01-26T16:00:00Z,null
2023-01-26T15:00:00Z,null
2023-01-26T14:00:00Z,null
2023-01-26T13:00:00Z,null
2023-01-26T12:00:00Z,null
2023-01-26T11:00:00Z,null
2023-01-26T10:00:00Z,null
2023-01-26T09:00:00Z,null
2023-01-26T08:00:00Z,null
2023-01-26T07:00:00Z,null
2023-01-26T06:00:00Z,null
2023-01-26T05:00:00Z,null
2023-01-26T04:00:00Z,null
2023-01-26T03:00:00Z,null
2023-01-26T02:00:00Z,null
2023-01-26T01:00:00Z,1080554775283
2023-01-26T00:00:00Z,1080963931196
2023-01-25T23:00:00Z,1081013158517
2023-01-25T22:00:00Z,1079747863797
2023-01-25T21:00:00Z,1079855528845
2023-01-25T20:00:00Z,1080050884544
2023-01-25T19:00:00Z,1078902439169
2023-01-25T18:00:00Z,1074850432271
2023-01-25T17:00:00Z,1084034601614
2023-01-25T16:00:00Z,1083374578228
2023-01-25T15:00:00Z,1076515687691
2023-01-25T14:00:00Z,1071738563472
2023-01-25T13:00:00Z,1071401785768
2023-01-25T12:00:00Z,1071365322075
2023-01-25T11:00:00Z,1071971440213
2023-01-25T10:00:00Z,1071942614889
2023-01-25T09:00:00Z,1089310193668
2023-01-25T08:00:00Z,1090920368332
2023-01-25T07:00:00Z,1096472526579
2023-01-25T06:00:00Z,1102921613549
2023-01-25T05:00:00Z,1102653833520
2023-01-25T04:00:00Z,1103499677744
2023-01-25T03:00:00Z,1103520830890
2023-01-25T02:00:00Z,1103520830890
2023-01-25T01:00:00Z,1103188034674
2023-01-25T00:00:00Z,1103102455539
2023-01-24T23:00:00Z,1103622590507
2023-01-24T22:00:00Z,1104920290550
2023-01-24T21:00:00Z,1103297028315
2023-01-24T20:00:00Z,1104082947833
2023-01-24T19:00:00Z,1102313336437
2023-01-24T18:00:00Z,1102553673514
2023-01-24T17:00:00Z,1099710223142
2023-01-24T16:00:00Z,1099862806688
2023-01-24T15:00:00Z,1099728140747
2023-01-24T14:00:00Z,1073229597991
2023-01-24T13:00:00Z,1073538951957
2023-01-24T12:00:00Z,1073518260159
2023-01-24T11:00:00Z,1074313708925
2023-01-24T10:00:00Z,1074955092338
2023-01-24T09:00:00Z,1074848528339
2023-01-24T08:00:00Z,1075102800469
2023-01-24T07:00:00Z,1075436318962
2023-01-24T06:00:00Z,1075444787521
2023-01-24T05:00:00Z,1075458801271
2023-01-24T04:00:00Z,1074137676473
2023-01-24T03:00:00Z,1075070984716
2023-01-24T02:00:00Z,1074106748946
2023-01-24T01:00:00Z,1074121215773
2023-01-24T00:00:00Z,1086445496060
2023-01-23T23:00:00Z,1086587279221
2023-01-23T22:00:00Z,1086613663606
2023-01-23T21:00:00Z,1085303111891
2023-01-23T20:00:00Z,1084813721815
2023-01-23T19:00:00Z,1084339711694
2023-01-23T18:00:00Z,1084947733733
2023-01-23T17:00:00Z,1084216920012
2023-01-23T16:00:00Z,1083412009610
2023-01-23T15:00:00Z,1083293887891
2023-01-23T14:00:00Z,1064737382740
2023-01-23T13:00:00Z,1064929079201
2023-01-23T12:00:00Z,1065140540838
2023-01-23T11:00:00Z,1065393132881
2023-01-23T10:00:00Z,1063742108933
2023-01-23T09:00:00Z,1064220944256
2023-01-23T08:00:00Z,1074513531294
2023-01-23T07:00:00Z,1074197971750
2023-01-23T06:00:00Z,1074754364901
2023-01-23T05:00:00Z,1074789798809
2023-01-23T04:00:00Z,1074269651007
2023-01-23T03:00:00Z,1071920860505
2023-01-23T02:00:00Z,1071903857204
2023-01-23T01:00:00Z,1072935979332
2023-01-23T00:00:00Z,1071165068662
2023-01-22T23:00:00Z,1070651247832
2023-01-22T22:00:00Z,1070278251427
2023-01-22T21:00:00Z,1069988642501
2023-01-22T20:00:00Z,1067569616007
2023-01-22T19:00:00Z,1067001705145
2023-01-22T18:00:00Z,1062402201260
2023-01-22T17:00:00Z,1061745249470
2023-01-22T16:00:00Z,1061616099568
2023-01-22T15:00:00Z,1061413305714
2023-01-22T14:00:00Z,1061486257594
2023-01-22T13:00:00Z,1064521679816
2023-01-22T12:00:00Z,1062467947897
2023-01-22T11:00:00Z,1065499929753
2023-01-22T10:00:00Z,1064072037159
2023-01-22T09:00:00Z,1064276382170
2023-01-22T08:00:00Z,1064956590243
2023-01-22T07:00:00Z,1064808536984
2023-01-22T06:00:00Z,1064894267600
2023-01-22T05:00:00Z,1065143310301
2023-01-22T04:00:00Z,1065375191334
2023-01-22T03:00:00Z,1065364945244
2023-01-22T02:00:00Z,1066936125731
2023-01-22T01:00:00Z,1067031984405
2023-01-22T00:00:00Z,1065541436209
2023-01-21T23:00:00Z,1064942207113
2023-01-21T22:00:00Z,1063711709158
2023-01-21T21:00:00Z,1063634905716
2023-01-21T20:00:00Z,1063943390981
2023-01-21T19:00:00Z,1063193041062