timestamp,amounts,ibc/C4CFF46FD6DE35CA4CF4CE031E643C8FDC9BA4B99AE598E9B0ED98FE3A2319F9
2023-05-08T02:00:00Z,6117022917
2023-05-08T01:00:00Z,6131086559
2023-05-08T00:00:00Z,6136409307
2023-05-07T23:00:00Z,6144161310
2023-05-07T22:00:00Z,6144223864
2023-05-07T21:00:00Z,6146283919
2023-05-07T20:00:00Z,6146292604
2023-05-07T19:00:00Z,6155745448
2023-05-07T18:00:00Z,6165481992
2023-05-07T17:00:00Z,6170568637
2023-05-07T16:00:00Z,6165974787
2023-05-07T15:00:00Z,6165524700
2023-05-07T14:00:00Z,6209265896
2023-05-07T13:00:00Z,6208682508
2023-05-07T12:00:00Z,6216022955
2023-05-07T11:00:00Z,6205027535
2023-05-07T10:00:00Z,6205458019
2023-05-07T09:00:00Z,6215340118
2023-05-07T08:00:00Z,6216904910
2023-05-07T07:00:00Z,6216904910
2023-05-07T06:00:00Z,6217983774
2023-05-07T05:00:00Z,6217983774
2023-05-07T04:00:00Z,6217612096
2023-05-07T03:00:00Z,6221437627
2023-05-07T02:00:00Z,6221437627
2023-05-07T01:00:00Z,6231706831
2023-05-07T00:00:00Z,6234200599
2023-05-06T23:00:00Z,6234290398
2023-05-06T22:00:00Z,6231148666
2023-05-06T21:00:00Z,6229577937
2023-05-06T20:00:00Z,6237691356
2023-05-06T19:00:00Z,6244650333
2023-05-06T18:00:00Z,6244815383
2023-05-06T17:00:00Z,6246487330
2023-05-06T16:00:00Z,6240991460
2023-05-06T15:00:00Z,6232461902
2023-05-06T14:00:00Z,6234757479
2023-05-06T13:00:00Z,6241372411
2023-05-06T12:00:00Z,6244365553
2023-05-06T11:00:00Z,6247803255
2023-05-06T10:00:00Z,6250402107
2023-05-06T09:00:00Z,6250978525
2023-05-06T08:00:00Z,6265935766
2023-05-06T07:00:00Z,6271596787
2023-05-06T06:00:00Z,6271089816
2023-05-06T05:00:00Z,6273847378
2023-05-06T04:00:00Z,6279292178
2023-05-06T03:00:00Z,6279714340
2023-05-06T02:00:00Z,6282167057
2023-05-06T01:00:00Z,6293923538
2023-05-06T00:00:00Z,6302031794
2023-05-05T23:00:00Z,6302424332
2023-05-05T22:00:00Z,6304135388
2023-05-05T21:00:00Z,6295884241
2023-05-05T20:00:00Z,6292310859
2023-05-05T19:00:00Z,6292310859
2023-05-05T18:00:00Z,6295030340
2023-05-05T17:00:00Z,6301192735
2023-05-05T16:00:00Z,6304904317
2023-05-05T15:00:00Z,6306691339
2023-05-05T14:00:00Z,6307783042
2023-05-05T13:00:00Z,6295436852
2023-05-05T12:00:00Z,6295450335
2023-05-05T11:00:00Z,6295450335
2023-05-05T10:00:00Z,6307855746
2023-05-05T09:00:00Z,6321847266
2023-05-05T08:00:00Z,6321847266
2023-05-05T07:00:00Z,6323485345
2023-05-05T06:00:00Z,6323924707
2023-05-05T05:00:00Z,6323924707
2023-05-05T04:00:00Z,6324031448
2023-05-05T03:00:00Z,6339085939
2023-05-05T02:00:00Z,6339085939
2023-05-05T01:00:00Z,6340887615
2023-05-05T00:00:00Z,6345012563
2023-05-04T23:00:00Z,6344833392
2023-05-04T22:00:00Z,6339852185
2023-05-04T21:00:00Z,6327620236
2023-05-04T20:00:00Z,6331095973
2023-05-04T19:00:00Z,6331095973
2023-05-04T18:00:00Z,6329277096
2023-05-04T17:00:00Z,6329457381
2023-05-04T16:00:00Z,6329914318
2023-05-04T15:00:00Z,6334713611
2023-05-04T14:00:00Z,6340891410
2023-05-04T13:00:00Z,6350529487
2023-05-04T12:00:00Z,6350246067
2023-05-04T11:00:00Z,6355127861
2023-05-04T10:00:00Z,6358152317
2023-05-04T09:00:00Z,6346815910
2023-05-04T08:00:00Z,6356102177
2023-05-04T07:00:00Z,6366746126
2023-05-04T06:00:00Z,6366758282
2023-05-04T05:00:00Z,6366488226
2023-05-04T04:00:00Z,6380315783
2023-05-04T03:00:00Z,6380999520
2023-05-04T02:00:00Z,6381906153
2023-05-04T01:00:00Z,6377806154
2023-05-04T00:00:00Z,6377806154
2023-05-03T23:00:00Z,6377806154
2023-05-03T22:00:00Z,6377580186
2023-05-03T21:00:00Z,6377580186
2023-05-03T20:00:00Z,6367878406
2023-05-03T19:00:00Z,6385385585
2023-05-03T18:00:00Z,6387451623
2023-05-03T17:00:00Z,6389162613
2023-05-03T16:00:00Z,6389162613
2023-05-03T15:00:00Z,6389713331
2023-05-03T14:00:00Z,6408896751
2023-05-03T13:00:00Z,6415126313
2023-05-03T12:00:00Z,6416404094
2023-05-03T11:00:00Z,6417595015
2023-05-03T10:00:00Z,6417676681
2023-05-03T09:00:00Z,6420738397
2023-05-03T08:00:00Z,6421462065
2023-05-03T07:00:00Z,6419472810
2023-05-03T06:00:00Z,6419472810
2023-05-03T05:00:00Z,6380332154
2023-05-03T04:00:00Z,6381389361
2023-05-03T03:00:00Z,6381389361
2023-05-03T02:00:00Z,6381389361
2023-05-03T01:00:00Z,6381389361
2023-05-03T00:00:00Z,6381389361
2023-05-02T23:00:00Z,6381389361
2023-05-02T22:00:00Z,6377754856
2023-05-02T21:00:00Z,6386842108
2023-05-02T20:00:00Z,6343405003
2023-05-02T19:00:00Z,6342777617
2023-05-02T18:00:00Z,6346053035
2023-05-02T17:00:00Z,6396774117
2023-05-02T16:00:00Z,6398787972
2023-05-02T15:00:00Z,6378907327
2023-05-02T14:00:00Z,6407805839
2023-05-02T13:00:00Z,6407805839
2023-05-02T12:00:00Z,6429018009
2023-05-02T11:00:00Z,6432611294
2023-05-02T10:00:00Z,6443859345
2023-05-02T09:00:00Z,6441832097
2023-05-02T08:00:00Z,6441832097
2023-05-02T07:00:00Z,6451437700
2023-05-02T06:00:00Z,6451437700
2023-05-02T05:00:00Z,6452054975
2023-05-02T04:00:00Z,6454010248
2023-05-02T03:00:00Z,6451501328
2023-05-02T02:00:00Z,6456205382
2023-05-02T01:00:00Z,6456329011
2023-05-02T00:00:00Z,6456329011
2023-05-01T23:00:00Z,6456329011
2023-05-01T22:00:00Z,6422090860
2023-05-01T21:00:00Z,6418173795
2023-05-01T20:00:00Z,6396037992
2023-05-01T19:00:00Z,6412952588
2023-05-01T18:00:00Z,6410952588
2023-05-01T17:00:00Z,6429808861
2023-05-01T16:00:00Z,6424241756
2023-05-01T15:00:00Z,6434888600
2023-05-01T14:00:00Z,6417700939
2023-05-01T13:00:00Z,6417700939
2023-05-01T12:00:00Z,6419904159
2023-05-01T11:00:00Z,6419953813
2023-05-01T10:00:00Z,6422638005
2023-05-01T09:00:00Z,6423620155
2023-05-01T08:00:00Z,6428788833
2023-05-01T07:00:00Z,6428788833
2023-05-01T06:00:00Z,6428788833
2023-05-01T05:00:00Z,6428788833
2023-05-01T04:00:00Z,6428788833
2023-05-01T03:00:00Z,6447315128
2023-05-01T02:00:00Z,6447922669
2023-05-01T01:00:00Z,6447993277
2023-05-01T00:00:00Z,6448187554
2023-04-30T23:00:00Z,6444242773
2023-04-30T22:00:00Z,6444573067
2023-04-30T21:00:00Z,6446278864
2023-04-30T20:00:00Z,6446537766
2023-04-30T19:00:00Z,6446537766
2023-04-30T18:00:00Z,6455671880
2023-04-30T17:00:00Z,6443679928
2023-04-30T16:00:00Z,6450843413
2023-04-30T15:00:00Z,6450789618
2023-04-30T14:00:00Z,6440376499
2023-04-30T13:00:00Z,6432041816
2023-04-30T12:00:00Z,6493396400
2023-04-30T11:00:00Z,6504942207
2023-04-30T10:00:00Z,6511723250
2023-04-30T09:00:00Z,6516536747
2023-04-30T08:00:00Z,6515655157
2023-04-30T07:00:00Z,6515529334
2023-04-30T06:00:00Z,6532972775
2023-04-30T05:00:00Z,6532348829
2023-04-30T04:00:00Z,6533294128
2023-04-30T03:00:00Z,6541665887
2023-04-30T02:00:00Z,6541665887
2023-04-30T01:00:00Z,6541665887
2023-04-30T00:00:00Z,6541665887
2023-04-29T23:00:00Z,6541665887
2023-04-29T22:00:00Z,6544720753
2023-04-29T21:00:00Z,6598357189
2023-04-29T20:00:00Z,6603521077
2023-04-29T19:00:00Z,6613379090
2023-04-29T18:00:00Z,6629747557
2023-04-29T17:00:00Z,6631664316
2023-04-29T16:00:00Z,6638485898
2023-04-29T15:00:00Z,6638685798
2023-04-29T14:00:00Z,6642541752
2023-04-29T13:00:00Z,6628739731
2023-04-29T12:00:00Z,6645954324
2023-04-29T11:00:00Z,6645954324
2023-04-29T10:00:00Z,6645954323
2023-04-29T09:00:00Z,6646016695
2023-04-29T08:00:00Z,6646436720
2023-04-29T07:00:00Z,6646436720
2023-04-29T06:00:00Z,6646436720
2023-04-29T05:00:00Z,6646436720
2023-04-29T04:00:00Z,6657497777
2023-04-29T03:00:00Z,6658071740
2023-04-29T02:00:00Z,6658071740
2023-04-29T01:00:00Z,6657698965
2023-04-29T00:00:00Z,6663558666
2023-04-28T23:00:00Z,6670349589
2023-04-28T22:00:00Z,6669683646
2023-04-28T21:00:00Z,6673215129
2023-04-28T20:00:00Z,6672031820
2023-04-28T19:00:00Z,6672031820
2023-04-28T18:00:00Z,6672031820
2023-04-28T17:00:00Z,6678165721
2023-04-28T16:00:00Z,6679505853
2023-04-28T15:00:00Z,6693770685
2023-04-28T14:00:00Z,6702452492
2023-04-28T13:00:00Z,6690829041
2023-04-28T12:00:00Z,6690330070
2023-04-28T11:00:00Z,6690330070
2023-04-28T10:00:00Z,6690432547
2023-04-28T09:00:00Z,6689636898
2023-04-28T08:00:00Z,6689636898
2023-04-28T07:00:00Z,6687766575
2023-04-28T06:00:00Z,6695699379
2023-04-28T05:00:00Z,6717136298
2023-04-28T04:00:00Z,6717136298
2023-04-28T03:00:00Z,6717136298
2023-04-28T02:00:00Z,6712388344
2023-04-28T01:00:00Z,6712388344
2023-04-28T00:00:00Z,6712161133
2023-04-27T23:00:00Z,6712161133
2023-04-27T22:00:00Z,6712495465
2023-04-27T21:00:00Z,6733185747
2023-04-27T20:00:00Z,6760829854
2023-04-27T19:00:00Z,6771502608
2023-04-27T18:00:00Z,6776166430
2023-04-27T17:00:00Z,6754212945
2023-04-27T16:00:00Z,6754212945
2023-04-27T15:00:00Z,6754610978
2023-04-27T14:00:00Z,6748881208
2023-04-27T13:00:00Z,6749073009
2023-04-27T12:00:00Z,6752237967
2023-04-27T11:00:00Z,6752267659
2023-04-27T10:00:00Z,6766797285
2023-04-27T09:00:00Z,6765797277
2023-04-27T08:00:00Z,6766608692
2023-04-27T07:00:00Z,6762284709
2023-04-27T06:00:00Z,6758306408
2023-04-27T05:00:00Z,6756625957
2023-04-27T04:00:00Z,6785725777
2023-04-27T03:00:00Z,6787742953
2023-04-27T02:00:00Z,6787819768
2023-04-27T01:00:00Z,6787915047
2023-04-27T00:00:00Z,6796065457
2023-04-26T23:00:00Z,6796065457
2023-04-26T22:00:00Z,6795507354
2023-04-26T21:00:00Z,6795217818
2023-04-26T20:00:00Z,6760414267
2023-04-26T19:00:00Z,6719574686
2023-04-26T18:00:00Z,6722243716
2023-04-26T17:00:00Z,6725915782
2023-04-26T16:00:00Z,6725455713
2023-04-26T15:00:00Z,6725845035
2023-04-26T14:00:00Z,6723410079
2023-04-26T13:00:00Z,6700238621
2023-04-26T12:00:00Z,6701127943
2023-04-26T11:00:00Z,6721094319
2023-04-26T10:00:00Z,6724784661
2023-04-26T09:00:00Z,6724784661
2023-04-26T08:00:00Z,6723785403
2023-04-26T07:00:00Z,6723146091
2023-04-26T06:00:00Z,6730396886
2023-04-26T05:00:00Z,6730557306
2023-04-26T04:00:00Z,6733424436
2023-04-26T03:00:00Z,6734995492
2023-04-26T02:00:00Z,6734995492
2023-04-26T01:00:00Z,6735676476
2023-04-26T00:00:00Z,6735676476
2023-04-25T23:00:00Z,6739497127
2023-04-25T22:00:00Z,6751897709
2023-04-25T21:00:00Z,6752030909
2023-04-25T20:00:00Z,6746742969
2023-04-25T19:00:00Z,6740990706
2023-04-25T18:00:00Z,6769434922
2023-04-25T17:00:00Z,6771158686
2023-04-25T16:00:00Z,6771166007
2023-04-25T15:00:00Z,6770682667
2023-04-25T14:00:00Z,6774034902
2023-04-25T13:00:00Z,6774034902
2023-04-25T12:00:00Z,6761910835
2023-04-25T11:00:00Z,6770777019
2023-04-25T10:00:00Z,6803057971
2023-04-25T09:00:00Z,6810854528
2023-04-25T08:00:00Z,6814212502
2023-04-25T07:00:00Z,6821552593
2023-04-25T06:00:00Z,6828685962
2023-04-25T05:00:00Z,6828685962
2023-04-25T04:00:00Z,6829886057
2023-04-25T03:00:00Z,6830042171
2023-04-25T02:00:00Z,6830042171
2023-04-25T01:00:00Z,6830042171
2023-04-25T00:00:00Z,6830042171
2023-04-24T23:00:00Z,6830411865
2023-04-24T22:00:00Z,6829658128
2023-04-24T21:00:00Z,6851579815
2023-04-24T20:00:00Z,6852621119
2023-04-24T19:00:00Z,6853732658
2023-04-24T18:00:00Z,6855723877
2023-04-24T17:00:00Z,6860649105
2023-04-24T16:00:00Z,6865832132
2023-04-24T15:00:00Z,6870917540
2023-04-24T14:00:00Z,6873216523
2023-04-24T13:00:00Z,6883611164
2023-04-24T12:00:00Z,6912855108
2023-04-24T11:00:00Z,6969846029
2023-04-24T10:00:00Z,6976128868
2023-04-24T09:00:00Z,6970895368
2023-04-24T08:00:00Z,6969358584
2023-04-24T07:00:00Z,6963858939
2023-04-24T06:00:00Z,6952634678
2023-04-24T05:00:00Z,6955574581
2023-04-24T04:00:00Z,6958600221
2023-04-24T03:00:00Z,6960998476
2023-04-24T02:00:00Z,6961824446
2023-04-24T01:00:00Z,6963544371
2023-04-24T00:00:00Z,6969013579
2023-04-23T23:00:00Z,6970136548
2023-04-23T22:00:00Z,6970136548
2023-04-23T21:00:00Z,6969766548
2023-04-23T20:00:00Z,6975722186
2023-04-23T19:00:00Z,6965132009
2023-04-23T18:00:00Z,6958317685
2023-04-23T17:00:00Z,6967342407
2023-04-23T16:00:00Z,6967074302
2023-04-23T15:00:00Z,6949336423
2023-04-23T14:00:00Z,6961112705
2023-04-23T13:00:00Z,6919503537
2023-04-23T12:00:00Z,6925721288
2023-04-23T11:00:00Z,6925040998
2023-04-23T10:00:00Z,6936293773
2023-04-23T09:00:00Z,6936293773
2023-04-23T08:00:00Z,6914822154
2023-04-23T07:00:00Z,6930963227
2023-04-23T06:00:00Z,6930963227
2023-04-23T05:00:00Z,6921532626
2023-04-23T04:00:00Z,6918070824
2023-04-23T03:00:00Z,6937998798
2023-04-23T02:00:00Z,6939546157
2023-04-23T01:00:00Z,6939740327
2023-04-23T00:00:00Z,6927185303
2023-04-22T23:00:00Z,6901525777
2023-04-22T22:00:00Z,6901525777
2023-04-22T21:00:00Z,6901525777
2023-04-22T20:00:00Z,6901525777
2023-04-22T19:00:00Z,6914912669
2023-04-22T18:00:00Z,6914912669
2023-04-22T17:00:00Z,6909991883
2023-04-22T16:00:00Z,6868943653
2023-04-22T15:00:00Z,6885128229
2023-04-22T14:00:00Z,6876969727
2023-04-22T13:00:00Z,6880468465
2023-04-22T12:00:00Z,6914717315
2023-04-22T11:00:00Z,6915136630
2023-04-22T10:00:00Z,6916043954
2023-04-22T09:00:00Z,6925471126
2023-04-22T08:00:00Z,6925471126
2023-04-22T07:00:00Z,6928998705
2023-04-22T06:00:00Z,6937673042
2023-04-22T05:00:00Z,6939383671
2023-04-22T04:00:00Z,6939383671
2023-04-22T03:00:00Z,6941415344
2023-04-22T02:00:00Z,6944592601
2023-04-22T01:00:00Z,6940534095
2023-04-22T00:00:00Z,6940776252
2023-04-21T23:00:00Z,6949814389
2023-04-21T22:00:00Z,6948046407
2023-04-21T21:00:00Z,6947966407
2023-04-21T20:00:00Z,6944857113
2023-04-21T19:00:00Z,6936259614
2023-04-21T18:00:00Z,6923480379
2023-04-21T17:00:00Z,6923480379
2023-04-21T16:00:00Z,6915927437
2023-04-21T15:00:00Z,6935101780
2023-04-21T14:00:00Z,6923435325
2023-04-21T13:00:00Z,6912076637
2023-04-21T12:00:00Z,6940730136
2023-04-21T11:00:00Z,6940730136
2023-04-21T10:00:00Z,6944594808
2023-04-21T09:00:00Z,6944594808
2023-04-21T08:00:00Z,6944594808
2023-04-21T07:00:00Z,6949651471
2023-04-21T06:00:00Z,6959942911
2023-04-21T05:00:00Z,6963498567
2023-04-21T04:00:00Z,6963948336
2023-04-21T03:00:00Z,6963948336
2023-04-21T02:00:00Z,6963949639
2023-04-21T01:00:00Z,6931657882
2023-04-21T00:00:00Z,6925802845
2023-04-20T23:00:00Z,6926292029
2023-04-20T22:00:00Z,6919548360
2023-04-20T21:00:00Z,6950459172
2023-04-20T20:00:00Z,6957373118
2023-04-20T19:00:00Z,6961938084
2023-04-20T18:00:00Z,6965194889
2023-04-20T17:00:00Z,6943885537
2023-04-20T16:00:00Z,6921458138
2023-04-20T15:00:00Z,6917540292
2023-04-20T14:00:00Z,6917540292
2023-04-20T13:00:00Z,6929188967
2023-04-20T12:00:00Z,6920412200
2023-04-20T11:00:00Z,6920412200
2023-04-20T10:00:00Z,6920412200
2023-04-20T09:00:00Z,6920630203
2023-04-20T08:00:00Z,6921045406
2023-04-20T07:00:00Z,6919342963
2023-04-20T06:00:00Z,6923255313
2023-04-20T05:00:00Z,6923255313
2023-04-20T04:00:00Z,6933898229
2023-04-20T03:00:00Z,6933898229
2023-04-20T02:00:00Z,6937269565
2023-04-20T01:00:00Z,6946572714
2023-04-20T00:00:00Z,6947499561
2023-04-19T23:00:00Z,6947499561
2023-04-19T22:00:00Z,6956455689
2023-04-19T21:00:00Z,6975338475
2023-04-19T20:00:00Z,6988385424
2023-04-19T19:00:00Z,null
2023-04-19T18:00:00Z,7011678331
2023-04-19T17:00:00Z,7016637080
2023-04-19T16:00:00Z,7016647324
2023-04-19T15:00:00Z,7021560453
2023-04-19T14:00:00Z,7020867334
2023-04-19T13:00:00Z,7020867334
2023-04-19T12:00:00Z,7040494609
2023-04-19T11:00:00Z,7040494609
2023-04-19T10:00:00Z,7034054609
2023-04-19T09:00:00Z,7043606945
2023-04-19T08:00:00Z,6994724589
2023-04-19T07:00:00Z,6990319560
2023-04-19T06:00:00Z,6990423226
2023-04-19T05:00:00Z,6989799879
2023-04-19T04:00:00Z,6989114842
2023-04-19T03:00:00Z,6988805294
2023-04-19T02:00:00Z,6981777229
2023-04-19T01:00:00Z,6973387169
2023-04-19T00:00:00Z,6974228234
2023-04-18T23:00:00Z,6972970836
2023-04-18T22:00:00Z,6972970836
2023-04-18T21:00:00Z,6961310232
2023-04-18T20:00:00Z,6961712438
2023-04-18T19:00:00Z,6961712438
2023-04-18T18:00:00Z,6961712438
2023-04-18T17:00:00Z,6976125947
2023-04-18T16:00:00Z,6975785175
2023-04-18T15:00:00Z,6976503237
2023-04-18T14:00:00Z,6971117230
2023-04-18T13:00:00Z,6971960871
2023-04-18T12:00:00Z,6974331040
2023-04-18T11:00:00Z,6979773857
2023-04-18T10:00:00Z,6980779627
2023-04-18T09:00:00Z,6980372467
2023-04-18T08:00:00Z,6980372467
2023-04-18T07:00:00Z,6975745021
2023-04-18T06:00:00Z,6943445005
2023-04-18T05:00:00Z,6943445005
2023-04-18T04:00:00Z,6943445005
2023-04-18T03:00:00Z,6943445005
2023-04-18T02:00:00Z,6937386794
2023-04-18T01:00:00Z,6924938997
2023-04-18T00:00:00Z,6917826557
2023-04-17T23:00:00Z,6914614307
2023-04-17T22:00:00Z,6915562145
2023-04-17T21:00:00Z,6907795519
2023-04-17T20:00:00Z,6920885679
2023-04-17T19:00:00Z,6925190698
2023-04-17T18:00:00Z,6925190698
2023-04-17T17:00:00Z,6953310319
2023-04-17T16:00:00Z,6975727744
2023-04-17T15:00:00Z,6966916825
2023-04-17T14:00:00Z,6967012085
2023-04-17T13:00:00Z,6969875646
2023-04-17T12:00:00Z,6977768712
2023-04-17T11:00:00Z,6983046510
2023-04-17T10:00:00Z,6988025005
2023-04-17T09:00:00Z,6987987579
2023-04-17T08:00:00Z,6987987579
2023-04-17T07:00:00Z,6986271730
2023-04-17T06:00:00Z,6984937033
2023-04-17T05:00:00Z,6976878845
2023-04-17T04:00:00Z,6976753846
2023-04-17T03:00:00Z,6991272854
2023-04-17T02:00:00Z,7011269259
2023-04-17T01:00:00Z,7011765588
2023-04-17T00:00:00Z,7011772853
2023-04-16T23:00:00Z,7012583865
2023-04-16T22:00:00Z,7007337719
2023-04-16T21:00:00Z,6989182181
2023-04-16T20:00:00Z,6979736492
2023-04-16T19:00:00Z,6993971911
2023-04-16T18:00:00Z,6997603669
2023-04-16T17:00:00Z,6982578723
2023-04-16T16:00:00Z,6991541172
2023-04-16T15:00:00Z,7004015675
2023-04-16T14:00:00Z,7004044086
2023-04-16T13:00:00Z,7004706957
2023-04-16T12:00:00Z,7019097835
2023-04-16T11:00:00Z,7031113944
2023-04-16T10:00:00Z,7031114434
2023-04-16T09:00:00Z,7043312387
2023-04-16T08:00:00Z,7042890114
2023-04-16T07:00:00Z,7051738750
2023-04-16T06:00:00Z,7059075418
2023-04-16T05:00:00Z,7066799933
2023-04-16T04:00:00Z,7064180343
2023-04-16T03:00:00Z,7064180343
2023-04-16T02:00:00Z,7064548717
2023-04-16T01:00:00Z,7085428562
2023-04-16T00:00:00Z,7101122395
2023-04-15T23:00:00Z,7102109713
2023-04-15T22:00:00Z,7100680687
2023-04-15T21:00:00Z,7101401084
2023-04-15T20:00:00Z,7101401084
2023-04-15T19:00:00Z,7105778658
2023-04-15T18:00:00Z,7111499483
2023-04-15T17:00:00Z,7111499483
2023-04-15T16:00:00Z,7109547571
2023-04-15T15:00:00Z,7113378819
2023-04-15T14:00:00Z,7188482410
2023-04-15T13:00:00Z,7200132070
2023-04-15T12:00:00Z,7200132070
2023-04-15T11:00:00Z,7220000882
2023-04-15T10:00:00Z,7224294015
2023-04-15T09:00:00Z,7223109773
2023-04-15T08:00:00Z,7245755133
2023-04-15T07:00:00Z,7247455514
2023-04-15T06:00:00Z,7247792971
2023-04-15T05:00:00Z,7252995714
2023-04-15T04:00:00Z,7257500855
2023-04-15T03:00:00Z,7262604314
2023-04-15T02:00:00Z,7260708231
2023-04-15T01:00:00Z,7254212790
2023-04-15T00:00:00Z,7252616620
2023-04-14T23:00:00Z,7252616620
2023-04-14T22:00:00Z,7229853415
2023-04-14T21:00:00Z,7200851259
2023-04-14T20:00:00Z,7198538082
2023-04-14T19:00:00Z,7265582215
2023-04-14T18:00:00Z,7271710772
2023-04-14T17:00:00Z,7264358419
2023-04-14T16:00:00Z,7273122317
2023-04-14T15:00:00Z,7264986627
2023-04-14T14:00:00Z,7282229079
2023-04-14T13:00:00Z,7270233663
2023-04-14T12:00:00Z,7269218702
2023-04-14T11:00:00Z,7260788095
2023-04-14T10:00:00Z,7250942739
2023-04-14T09:00:00Z,7284034237
2023-04-14T08:00:00Z,7312246966
2023-04-14T07:00:00Z,7316007679
2023-04-14T06:00:00Z,7315740063
2023-04-14T05:00:00Z,7321638115
2023-04-14T04:00:00Z,7339002926
2023-04-14T03:00:00Z,7341284579
2023-04-14T02:00:00Z,7390401049
2023-04-14T01:00:00Z,7394922814
2023-04-14T00:00:00Z,7395374986
2023-04-13T23:00:00Z,7384610673
2023-04-13T22:00:00Z,7379211630
2023-04-13T21:00:00Z,7355144755
2023-04-13T20:00:00Z,7355144755
2023-04-13T19:00:00Z,7344678616
2023-04-13T18:00:00Z,7344294832
2023-04-13T17:00:00Z,7354445594
2023-04-13T16:00:00Z,7385687019
2023-04-13T15:00:00Z,7381817513
2023-04-13T14:00:00Z,7399834681
2023-04-13T13:00:00Z,7398608857
2023-04-13T12:00:00Z,7401513824
2023-04-13T11:00:00Z,7425333254
2023-04-13T10:00:00Z,7428091659
2023-04-13T09:00:00Z,7425306578
2023-04-13T08:00:00Z,7451041183
2023-04-13T07:00:00Z,7448437942
2023-04-13T06:00:00Z,7448494590
2023-04-13T05:00:00Z,7448968866
2023-04-13T04:00:00Z,7438033948
2023-04-13T03:00:00Z,7438698618
2023-04-13T02:00:00Z,7430815428
2023-04-13T01:00:00Z,7428187366
2023-04-13T00:00:00Z,7417188932
2023-04-12T23:00:00Z,7419673516
2023-04-12T22:00:00Z,7419673516
2023-04-12T21:00:00Z,7419930169
2023-04-12T20:00:00Z,7396141657
2023-04-12T19:00:00Z,7405023548
2023-04-12T18:00:00Z,7405023548
2023-04-12T17:00:00Z,7404984848
2023-04-12T16:00:00Z,7415824198
2023-04-12T15:00:00Z,7409198580
2023-04-12T14:00:00Z,7431496631
2023-04-12T13:00:00Z,7438715413
2023-04-12T12:00:00Z,7430724726
2023-04-12T11:00:00Z,7431069638
2023-04-12T10:00:00Z,7432481036
2023-04-12T09:00:00Z,7438612080
2023-04-12T08:00:00Z,7442264889
2023-04-12T07:00:00Z,7443261894
2023-04-12T06:00:00Z,7454953606
2023-04-12T05:00:00Z,7453782122
2023-04-12T04:00:00Z,7453162064
2023-04-12T03:00:00Z,7451640484
2023-04-12T02:00:00Z,7451640484
2023-04-12T01:00:00Z,7451640484
2023-04-12T00:00:00Z,7452254143
2023-04-11T23:00:00Z,7452254143
2023-04-11T22:00:00Z,7452406220
2023-04-11T21:00:00Z,7451731801
2023-04-11T20:00:00Z,7442458153
2023-04-11T19:00:00Z,7442730517
2023-04-11T18:00:00Z,7434881885
2023-04-11T17:00:00Z,7434322605
2023-04-11T16:00:00Z,7561065317
2023-04-11T15:00:00Z,7561100495
2023-04-11T14:00:00Z,7614354895
2023-04-11T13:00:00Z,7615432496
2023-04-11T12:00:00Z,7626708431
2023-04-11T11:00:00Z,7625099466
2023-04-11T10:00:00Z,7624614404
2023-04-11T09:00:00Z,7626047680
2023-04-11T08:00:00Z,7627375476
2023-04-11T07:00:00Z,7628018514
2023-04-11T06:00:00Z,7628018514
2023-04-11T05:00:00Z,7628742061
2023-04-11T04:00:00Z,7631257920
2023-04-11T03:00:00Z,7635140950
2023-04-11T02:00:00Z,7633942004
2023-04-11T01:00:00Z,7632210632
2023-04-11T00:00:00Z,7631863459
2023-04-10T23:00:00Z,7633982537
2023-04-10T22:00:00Z,7666601324
2023-04-10T21:00:00Z,7672846585
2023-04-10T20:00:00Z,7664277052
2023-04-10T19:00:00Z,7656122430
2023-04-10T18:00:00Z,7656282143
2023-04-10T17:00:00Z,7656491072
2023-04-10T16:00:00Z,7655043397
2023-04-10T15:00:00Z,7653473718
2023-04-10T14:00:00Z,7618129002
2023-04-10T13:00:00Z,7618063026
2023-04-10T12:00:00Z,7618063026
2023-04-10T11:00:00Z,7618905035
2023-04-10T10:00:00Z,7618927338
2023-04-10T09:00:00Z,7629092421
2023-04-10T08:00:00Z,7626420532
2023-04-10T07:00:00Z,7626420532
2023-04-10T06:00:00Z,7626556459
2023-04-10T05:00:00Z,7626266348
2023-04-10T04:00:00Z,7626134404
2023-04-10T03:00:00Z,7644471837
2023-04-10T02:00:00Z,7641486332
2023-04-10T01:00:00Z,7641486332
2023-04-10T00:00:00Z,7641001771
2023-04-09T23:00:00Z,7634841625
2023-04-09T22:00:00Z,7625048621
2023-04-09T21:00:00Z,7624231289
2023-04-09T20:00:00Z,7624231289
2023-04-09T19:00:00Z,7624231289
2023-04-09T18:00:00Z,7624762555
2023-04-09T17:00:00Z,7622473653
2023-04-09T16:00:00Z,7597509858
2023-04-09T15:00:00Z,7617216869
2023-04-09T14:00:00Z,7616387516
2023-04-09T13:00:00Z,7675064165
2023-04-09T12:00:00Z,7682867351
2023-04-09T11:00:00Z,7695018477
2023-04-09T10:00:00Z,7693638931
2023-04-09T09:00:00Z,7695703939
2023-04-09T08:00:00Z,7704682285
2023-04-09T07:00:00Z,7705429706
2023-04-09T06:00:00Z,7695047900
2023-04-09T05:00:00Z,7696820664
2023-04-09T04:00:00Z,7695738230
2023-04-09T03:00:00Z,7694507956
2023-04-09T02:00:00Z,7694368926
2023-04-09T01:00:00Z,7693385286
2023-04-09T00:00:00Z,7694258434
2023-04-08T23:00:00Z,7697316201
2023-04-08T22:00:00Z,7697316201
2023-04-08T21:00:00Z,7697446789
2023-04-08T20:00:00Z,7698648573
2023-04-08T19:00:00Z,7692925089
2023-04-08T18:00:00Z,7692815975
2023-04-08T17:00:00Z,7693147702
2023-04-08T16:00:00Z,7691754004
2023-04-08T15:00:00Z,7692408577
2023-04-08T14:00:00Z,7703509956
2023-04-08T13:00:00Z,7706302601
2023-04-08T12:00:00Z,7715758999
2023-04-08T11:00:00Z,7717956748
2023-04-08T10:00:00Z,7704757891
2023-04-08T09:00:00Z,7705184514
2023-04-08T08:00:00Z,7708636066
2023-04-08T07:00:00Z,7715297910
2023-04-08T06:00:00Z,7724623802
2023-04-08T05:00:00Z,7724623802
2023-04-08T04:00:00Z,7724623802
2023-04-08T03:00:00Z,7769849907
2023-04-08T02:00:00Z,7772755296
2023-04-08T01:00:00Z,7741621368
2023-04-08T00:00:00Z,7739966512
2023-04-07T23:00:00Z,7739484731
2023-04-07T22:00:00Z,7733486037
2023-04-07T21:00:00Z,7733588097
2023-04-07T20:00:00Z,7729955669
2023-04-07T19:00:00Z,7732786138
2023-04-07T18:00:00Z,7502095214
2023-04-07T17:00:00Z,7499995648
2023-04-07T16:00:00Z,7478452336
2023-04-07T15:00:00Z,7481174281
2023-04-07T14:00:00Z,7481943659
2023-04-07T13:00:00Z,7555148425
2023-04-07T12:00:00Z,7540720843
2023-04-07T11:00:00Z,7532723255
2023-04-07T10:00:00Z,7532631939
2023-04-07T09:00:00Z,7633530128
2023-04-07T08:00:00Z,7619948655
2023-04-07T07:00:00Z,7619791730
2023-04-07T06:00:00Z,7613177055
2023-04-07T05:00:00Z,7626424586
2023-04-07T04:00:00Z,7626424586
2023-04-07T03:00:00Z,7626424586
2023-04-07T02:00:00Z,7622289201
2023-04-07T01:00:00Z,7622439392
2023-04-07T00:00:00Z,7622455909
2023-04-06T23:00:00Z,7674349371
2023-04-06T22:00:00Z,7686131779
2023-04-06T21:00:00Z,7669803878
2023-04-06T20:00:00Z,7662582191
2023-04-06T19:00:00Z,7667956466
2023-04-06T18:00:00Z,7658900933
2023-04-06T17:00:00Z,7659381200
2023-04-06T16:00:00Z,7661277919
2023-04-06T15:00:00Z,7656911178
2023-04-06T14:00:00Z,7650878840
2023-04-06T13:00:00Z,7636015058
2023-04-06T12:00:00Z,7641784371
2023-04-06T11:00:00Z,7641880154
2023-04-06T10:00:00Z,7641871364
2023-04-06T09:00:00Z,7641909609
2023-04-06T08:00:00Z,7642361308
2023-04-06T07:00:00Z,7642152526
2023-04-06T06:00:00Z,7643809365
2023-04-06T05:00:00Z,7651693514
2023-04-06T04:00:00Z,7658814589
2023-04-06T03:00:00Z,7666431382
2023-04-06T02:00:00Z,7660144885
2023-04-06T01:00:00Z,7643530353
2023-04-06T00:00:00Z,7647218231
2023-04-05T23:00:00Z,7647542259
2023-04-05T22:00:00Z,7649184618
2023-04-05T21:00:00Z,7639247936
2023-04-05T20:00:00Z,7637665780
2023-04-05T19:00:00Z,7639612830
2023-04-05T18:00:00Z,7637757277
2023-04-05T17:00:00Z,7652456222
2023-04-05T16:00:00Z,7649586373
2023-04-05T15:00:00Z,7631961580
2023-04-05T14:00:00Z,7627930307
2023-04-05T13:00:00Z,7648645080
2023-04-05T12:00:00Z,7649716128
2023-04-05T11:00:00Z,7643179199
2023-04-05T10:00:00Z,7656836846
2023-04-05T09:00:00Z,7657476946
2023-04-05T08:00:00Z,7661964731
2023-04-05T07:00:00Z,7661964731
2023-04-05T06:00:00Z,7669148108
2023-04-05T05:00:00Z,7669184267
2023-04-05T04:00:00Z,7669184267
2023-04-05T03:00:00Z,7669184267
2023-04-05T02:00:00Z,7667075684
2023-04-05T01:00:00Z,7667075684
2023-04-05T00:00:00Z,7667075684
2023-04-04T23:00:00Z,7666884505
2023-04-04T22:00:00Z,7624721243
2023-04-04T21:00:00Z,7620122412
2023-04-04T20:00:00Z,7620375594
2023-04-04T19:00:00Z,7632960638
2023-04-04T18:00:00Z,7636550344
2023-04-04T17:00:00Z,7636826198
2023-04-04T16:00:00Z,7647079129
2023-04-04T15:00:00Z,7647024061
2023-04-04T14:00:00Z,7668483402
2023-04-04T13:00:00Z,7668483402
2023-04-04T12:00:00Z,7734297065
2023-04-04T11:00:00Z,7745014640
2023-04-04T10:00:00Z,7734099177
2023-04-04T09:00:00Z,7733413342
2023-04-04T08:00:00Z,7769539618
2023-04-04T07:00:00Z,7770224517
2023-04-04T06:00:00Z,7770224517
2023-04-04T05:00:00Z,7768783276
2023-04-04T04:00:00Z,7768783276
2023-04-04T03:00:00Z,7770031603
2023-04-04T02:00:00Z,7784906661
2023-04-04T01:00:00Z,7785789172
2023-04-04T00:00:00Z,7790398549
2023-04-03T23:00:00Z,7802826661
2023-04-03T22:00:00Z,7804160285
2023-04-03T21:00:00Z,7792722950
2023-04-03T20:00:00Z,7786243560
2023-04-03T19:00:00Z,7785463647
2023-04-03T18:00:00Z,7761553645
2023-04-03T17:00:00Z,7755802374
2023-04-03T16:00:00Z,7749631115
2023-04-03T15:00:00Z,7776097114
2023-04-03T14:00:00Z,7796577763
2023-04-03T13:00:00Z,7796960836
2023-04-03T12:00:00Z,7796971097
2023-04-03T11:00:00Z,7796971097
2023-04-03T10:00:00Z,7802616639
2023-04-03T09:00:00Z,7805697171
2023-04-03T08:00:00Z,7820545436
2023-04-03T07:00:00Z,7816452909
2023-04-03T06:00:00Z,7816452909
2023-04-03T05:00:00Z,7820973153
2023-04-03T04:00:00Z,7793164590
2023-04-03T03:00:00Z,7793536013
2023-04-03T02:00:00Z,7785350892
2023-04-03T01:00:00Z,7777113142
2023-04-03T00:00:00Z,7777113142
2023-04-02T23:00:00Z,7788229044
2023-04-02T22:00:00Z,7788229044
2023-04-02T21:00:00Z,7793539188
2023-04-02T20:00:00Z,7793539188
2023-04-02T19:00:00Z,7811698985
2023-04-02T18:00:00Z,7793529571
2023-04-02T17:00:00Z,7793529571
2023-04-02T16:00:00Z,7793165716
2023-04-02T15:00:00Z,7786143011
2023-04-02T14:00:00Z,7765937762
2023-04-02T13:00:00Z,7770507978
2023-04-02T12:00:00Z,7770453735
2023-04-02T11:00:00Z,7760479512
2023-04-02T10:00:00Z,7760289547
2023-04-02T09:00:00Z,7766130548
2023-04-02T08:00:00Z,7766465397
2023-04-02T07:00:00Z,7772774309
2023-04-02T06:00:00Z,7772774309
2023-04-02T05:00:00Z,7777515579
2023-04-02T04:00:00Z,7788095174
2023-04-02T03:00:00Z,7779237997
2023-04-02T02:00:00Z,7779237997
2023-04-02T01:00:00Z,7804081336
2023-04-02T00:00:00Z,7804085709
2023-04-01T23:00:00Z,7804085709
2023-04-01T22:00:00Z,7786377170
2023-04-01T21:00:00Z,7798799920
2023-04-01T20:00:00Z,7807793009
2023-04-01T19:00:00Z,7806548923
2023-04-01T18:00:00Z,7806389925
2023-04-01T17:00:00Z,7806237984
2023-04-01T16:00:00Z,7827112303
2023-04-01T15:00:00Z,7819782615
2023-04-01T14:00:00Z,7821624900
2023-04-01T13:00:00Z,7832842658
2023-04-01T12:00:00Z,7831656393
2023-04-01T11:00:00Z,7838769882
2023-04-01T10:00:00Z,7833554533
2023-04-01T09:00:00Z,7845388958
2023-04-01T08:00:00Z,7838853249
2023-04-01T07:00:00Z,7828889540
2023-04-01T06:00:00Z,7850067150
2023-04-01T05:00:00Z,7856826436
2023-04-01T04:00:00Z,7856826436
2023-04-01T03:00:00Z,7857796725
2023-04-01T02:00:00Z,7857796725
2023-04-01T01:00:00Z,7857796725
2023-04-01T00:00:00Z,7858028682
2023-03-31T23:00:00Z,7846686466
2023-03-31T22:00:00Z,7849609614
2023-03-31T21:00:00Z,7844836157
2023-03-31T20:00:00Z,7844731267
2023-03-31T19:00:00Z,7841483771
2023-03-31T18:00:00Z,7890377032
2023-03-31T17:00:00Z,7890377032
2023-03-31T16:00:00Z,7895087875
2023-03-31T15:00:00Z,7901518281
2023-03-31T14:00:00Z,7911199037
2023-03-31T13:00:00Z,7932656616
2023-03-31T12:00:00Z,7929156616
2023-03-31T11:00:00Z,7930853079
2023-03-31T10:00:00Z,7920547455
2023-03-31T09:00:00Z,7920228129
2023-03-31T08:00:00Z,7915425139
2023-03-31T07:00:00Z,7932186861
2023-03-31T06:00:00Z,7931071863
2023-03-31T05:00:00Z,7936844163
2023-03-31T04:00:00Z,7943994108
2023-03-31T03:00:00Z,7944592556
2023-03-31T02:00:00Z,7947176123
2023-03-31T01:00:00Z,7947176123
2023-03-31T00:00:00Z,7943229605
2023-03-30T23:00:00Z,7944663078
2023-03-30T22:00:00Z,7941973358
2023-03-30T21:00:00Z,7943970147
2023-03-30T20:00:00Z,7954512128
2023-03-30T19:00:00Z,7960513561
2023-03-30T18:00:00Z,7960768574
2023-03-30T17:00:00Z,7962345319
2023-03-30T16:00:00Z,7975903527
2023-03-30T15:00:00Z,7968503384
2023-03-30T14:00:00Z,7958405109
2023-03-30T13:00:00Z,7959453125
2023-03-30T12:00:00Z,7979772338
2023-03-30T11:00:00Z,7984593150
2023-03-30T10:00:00Z,7986214489
2023-03-30T09:00:00Z,7977141134
2023-03-30T08:00:00Z,7976790308
2023-03-30T07:00:00Z,7975904812
2023-03-30T06:00:00Z,7974751885
2023-03-30T05:00:00Z,7971493545
2023-03-30T04:00:00Z,7960855191
2023-03-30T03:00:00Z,7962949128
2023-03-30T02:00:00Z,7959803424
2023-03-30T01:00:00Z,null
2023-03-30T00:00:00Z,null
2023-03-29T23:00:00Z,null
2023-03-29T22:00:00Z,null
2023-03-29T21:00:00Z,null
2023-03-29T20:00:00Z,null
2023-03-29T19:00:00Z,null
2023-03-29T18:00:00Z,7952428172
2023-03-29T17:00:00Z,7927143973
2023-03-29T16:00:00Z,7906572902
2023-03-29T15:00:00Z,7829329454
2023-03-29T14:00:00Z,7827009196
2023-03-29T13:00:00Z,7837816242
2023-03-29T12:00:00Z,7837872598
2023-03-29T11:00:00Z,7829524933
2023-03-29T10:00:00Z,7824255005
2023-03-29T09:00:00Z,7808992278
2023-03-29T08:00:00Z,7800295428
2023-03-29T07:00:00Z,7787151491
2023-03-29T06:00:00Z,7786902180
2023-03-29T05:00:00Z,7786354606
2023-03-29T04:00:00Z,7786287021
2023-03-29T03:00:00Z,7779838780
2023-03-29T02:00:00Z,7789025661
2023-03-29T01:00:00Z,7790913528
2023-03-29T00:00:00Z,7789913528
2023-03-28T23:00:00Z,7777819060
2023-03-28T22:00:00Z,7773938763
2023-03-28T21:00:00Z,7769515597
2023-03-28T20:00:00Z,7764161148
2023-03-28T19:00:00Z,7756100158
2023-03-28T18:00:00Z,7764742874
2023-03-28T17:00:00Z,7762054649
2023-03-28T16:00:00Z,7758641503
2023-03-28T15:00:00Z,7757869117
2023-03-28T14:00:00Z,7515408414
2023-03-28T13:00:00Z,7581757652
2023-03-28T12:00:00Z,7596628547
2023-03-28T11:00:00Z,7611489745
2023-03-28T10:00:00Z,7581035207
2023-03-28T09:00:00Z,7614843356
2023-03-28T08:00:00Z,7614495910
2023-03-28T07:00:00Z,7613907786
2023-03-28T06:00:00Z,7610641995
2023-03-28T05:00:00Z,7609276055
2023-03-28T04:00:00Z,7609264769
2023-03-28T03:00:00Z,7609273183
2023-03-28T02:00:00Z,7604457397
2023-03-28T01:00:00Z,7604457397
2023-03-28T00:00:00Z,7604457397
2023-03-27T23:00:00Z,7603665400
2023-03-27T22:00:00Z,7591429876
2023-03-27T21:00:00Z,7593806479
2023-03-27T20:00:00Z,7586951750
2023-03-27T19:00:00Z,7586393569
2023-03-27T18:00:00Z,7576833767
2023-03-27T17:00:00Z,7574998359
2023-03-27T16:00:00Z,7576555343
2023-03-27T15:00:00Z,7569953518
2023-03-27T14:00:00Z,7574572980
2023-03-27T13:00:00Z,7572505826
2023-03-27T12:00:00Z,7572870038
2023-03-27T11:00:00Z,7572870038
2023-03-27T10:00:00Z,7572870038
2023-03-27T09:00:00Z,7574350567
2023-03-27T08:00:00Z,7593013691
2023-03-27T07:00:00Z,7574464117
2023-03-27T06:00:00Z,7573941922
2023-03-27T05:00:00Z,7573331291
2023-03-27T04:00:00Z,7588048342
2023-03-27T03:00:00Z,7588048342
2023-03-27T02:00:00Z,7587473272
2023-03-27T01:00:00Z,7597460195
2023-03-27T00:00:00Z,7600928340
2023-03-26T23:00:00Z,7604967865
2023-03-26T22:00:00Z,7603890848
2023-03-26T21:00:00Z,7595390636
2023-03-26T20:00:00Z,7605451384
2023-03-26T19:00:00Z,7601987649
2023-03-26T18:00:00Z,7635380774
2023-03-26T17:00:00Z,7530074052
2023-03-26T16:00:00Z,7518516707
2023-03-26T15:00:00Z,7524671595
2023-03-26T14:00:00Z,7519155462
2023-03-26T13:00:00Z,7519113768
2023-03-26T12:00:00Z,7521597939
2023-03-26T11:00:00Z,7528330465
2023-03-26T10:00:00Z,7544279431
2023-03-26T09:00:00Z,7529354146
2023-03-26T08:00:00Z,7530043465
2023-03-26T07:00:00Z,7500998010
2023-03-26T06:00:00Z,7441223847
2023-03-26T05:00:00Z,7441223847
2023-03-26T04:00:00Z,7441673611
2023-03-26T03:00:00Z,7441798149
2023-03-26T02:00:00Z,7441677682
2023-03-26T01:00:00Z,7443655676
2023-03-26T00:00:00Z,7443655676
2023-03-25T23:00:00Z,7433786232
2023-03-25T22:00:00Z,7434163446
2023-03-25T21:00:00Z,7427394232
2023-03-25T20:00:00Z,7423343154
2023-03-25T19:00:00Z,7412687905
2023-03-25T18:00:00Z,7415246964
2023-03-25T17:00:00Z,7408197628
2023-03-25T16:00:00Z,7408585928
2023-03-25T15:00:00Z,7405205364
2023-03-25T14:00:00Z,7407063010
2023-03-25T13:00:00Z,7428814050
2023-03-25T12:00:00Z,7424098820
2023-03-25T11:00:00Z,7424019172
2023-03-25T10:00:00Z,7416476937
2023-03-25T09:00:00Z,7416638059
2023-03-25T08:00:00Z,7421289488
2023-03-25T07:00:00Z,7417641716
2023-03-25T06:00:00Z,7417641716
2023-03-25T05:00:00Z,7417641716
2023-03-25T04:00:00Z,7419455779
2023-03-25T03:00:00Z,7419455779
2023-03-25T02:00:00Z,7419455779
2023-03-25T01:00:00Z,7419455779
2023-03-25T00:00:00Z,7419455779
2023-03-24T23:00:00Z,7420965184
2023-03-24T22:00:00Z,7431800727
2023-03-24T21:00:00Z,7422740634
2023-03-24T20:00:00Z,7397548488
2023-03-24T19:00:00Z,7410614128
2023-03-24T18:00:00Z,7403521922
2023-03-24T17:00:00Z,null
2023-03-24T16:00:00Z,7398034473
2023-03-24T15:00:00Z,7395713088
2023-03-24T14:00:00Z,7391035394
2023-03-24T13:00:00Z,7391285517
2023-03-24T12:00:00Z,7400680039
2023-03-24T11:00:00Z,7404387165
2023-03-24T10:00:00Z,7404387165
2023-03-24T09:00:00Z,7390109803
2023-03-24T08:00:00Z,7390109803
2023-03-24T07:00:00Z,7392051870
2023-03-24T06:00:00Z,7397686231
2023-03-24T05:00:00Z,7397686231
2023-03-24T04:00:00Z,7397686231
2023-03-24T03:00:00Z,7400105301
2023-03-24T02:00:00Z,7403074101
2023-03-24T01:00:00Z,7403087600
2023-03-24T00:00:00Z,7397990534
2023-03-23T23:00:00Z,7386860170
2023-03-23T22:00:00Z,7375123774
2023-03-23T21:00:00Z,7378445520
2023-03-23T20:00:00Z,7384337145
2023-03-23T19:00:00Z,7370814457
2023-03-23T18:00:00Z,7370824546
2023-03-23T17:00:00Z,7361077232
2023-03-23T16:00:00Z,7424106184
2023-03-23T15:00:00Z,7444330525
2023-03-23T14:00:00Z,7443960459
2023-03-23T13:00:00Z,7416644267
2023-03-23T12:00:00Z,7429800850
2023-03-23T11:00:00Z,7422281128
2023-03-23T10:00:00Z,7471990904
2023-03-23T09:00:00Z,7468633505
2023-03-23T08:00:00Z,7464828233
2023-03-23T07:00:00Z,7486921368
2023-03-23T06:00:00Z,7491375526
2023-03-23T05:00:00Z,7509120010
2023-03-23T04:00:00Z,7498920010
2023-03-23T03:00:00Z,7497138665
2023-03-23T02:00:00Z,7504577300
2023-03-23T01:00:00Z,7503909876
2023-03-23T00:00:00Z,7507921647
2023-03-22T23:00:00Z,7512080312
2023-03-22T22:00:00Z,7512080312
2023-03-22T21:00:00Z,7511490741
2023-03-22T20:00:00Z,7513943666
2023-03-22T19:00:00Z,7502673839
2023-03-22T18:00:00Z,7505356348
2023-03-22T17:00:00Z,7496411942
2023-03-22T16:00:00Z,7487727490
2023-03-22T15:00:00Z,7504265485
2023-03-22T14:00:00Z,7504267922
2023-03-22T13:00:00Z,7504267922
2023-03-22T12:00:00Z,7503694523
2023-03-22T11:00:00Z,7487839052
2023-03-22T10:00:00Z,7488273992
2023-03-22T09:00:00Z,7494488954
2023-03-22T08:00:00Z,7483332495
2023-03-22T07:00:00Z,7480809284
2023-03-22T06:00:00Z,7495164050
2023-03-22T05:00:00Z,7495555024
2023-03-22T04:00:00Z,7495762496
2023-03-22T03:00:00Z,7495720643
2023-03-22T02:00:00Z,7497655429
2023-03-22T01:00:00Z,7497655429
2023-03-22T00:00:00Z,7496256775
2023-03-21T23:00:00Z,7496315373
2023-03-21T22:00:00Z,7487752977
2023-03-21T21:00:00Z,7489904463
2023-03-21T20:00:00Z,7506056006
2023-03-21T19:00:00Z,7487702439
2023-03-21T18:00:00Z,7489079860
2023-03-21T17:00:00Z,7494837092
2023-03-21T16:00:00Z,7493445601
2023-03-21T15:00:00Z,7541489991
2023-03-21T14:00:00Z,7530936149
2023-03-21T13:00:00Z,7540300954
2023-03-21T12:00:00Z,7535004174
2023-03-21T11:00:00Z,7558071695
2023-03-21T10:00:00Z,7563579919
2023-03-21T09:00:00Z,7556017372
2023-03-21T08:00:00Z,7551789672
2023-03-21T07:00:00Z,7552611715
2023-03-21T06:00:00Z,7552611715
2023-03-21T05:00:00Z,7552811942
2023-03-21T04:00:00Z,7554717114
2023-03-21T03:00:00Z,7555769733
2023-03-21T02:00:00Z,7556592645
2023-03-21T01:00:00Z,7559394633
2023-03-21T00:00:00Z,7554135462
2023-03-20T23:00:00Z,7536274900
2023-03-20T22:00:00Z,7536912428
2023-03-20T21:00:00Z,7536912428
2023-03-20T20:00:00Z,7548733302
2023-03-20T19:00:00Z,7544470112
2023-03-20T18:00:00Z,7548343893
2023-03-20T17:00:00Z,7544092585
2023-03-20T16:00:00Z,7537345123
2023-03-20T15:00:00Z,7537871518
2023-03-20T14:00:00Z,7535397344
2023-03-20T13:00:00Z,7545969812
2023-03-20T12:00:00Z,7544529059
2023-03-20T11:00:00Z,7544529059
2023-03-20T10:00:00Z,7540349992
2023-03-20T09:00:00Z,7524272454
2023-03-20T08:00:00Z,7526549310
2023-03-20T07:00:00Z,7520953081
2023-03-20T06:00:00Z,7521651534
2023-03-20T05:00:00Z,7520551534
2023-03-20T04:00:00Z,7510573673
2023-03-20T03:00:00Z,7513606369
2023-03-20T02:00:00Z,7513606369
2023-03-20T01:00:00Z,7515287417
2023-03-20T00:00:00Z,7513253301
2023-03-19T23:00:00Z,7512881059
2023-03-19T22:00:00Z,7510955986
2023-03-19T21:00:00Z,7506247154
2023-03-19T20:00:00Z,7496107902
2023-03-19T19:00:00Z,7481949040
2023-03-19T18:00:00Z,7482142121
2023-03-19T17:00:00Z,7475793294
2023-03-19T16:00:00Z,7538941301
2023-03-19T15:00:00Z,7558024030
2023-03-19T14:00:00Z,7554979133
2023-03-19T13:00:00Z,7555271926
2023-03-19T12:00:00Z,7559189341
2023-03-19T11:00:00Z,7559259502
2023-03-19T10:00:00Z,7562678141
2023-03-19T09:00:00Z,7563141783
2023-03-19T08:00:00Z,7541446423
2023-03-19T07:00:00Z,7449988556
2023-03-19T06:00:00Z,7450438510
2023-03-19T05:00:00Z,7452538902
2023-03-19T04:00:00Z,7457050618
2023-03-19T03:00:00Z,7450800617
2023-03-19T02:00:00Z,7446659248
2023-03-19T01:00:00Z,7447071790
2023-03-19T00:00:00Z,7449259801
2023-03-18T23:00:00Z,7456971735
2023-03-18T22:00:00Z,7456971735
2023-03-18T21:00:00Z,7457876604
2023-03-18T20:00:00Z,7464947860
2023-03-18T19:00:00Z,7352532682
2023-03-18T18:00:00Z,7352532682
2023-03-18T17:00:00Z,7352532682
2023-03-18T16:00:00Z,7337590020
2023-03-18T15:00:00Z,7296671603
2023-03-18T14:00:00Z,7299760790
2023-03-18T13:00:00Z,7297154258
2023-03-18T12:00:00Z,7295865081
2023-03-18T11:00:00Z,7318233889
2023-03-18T10:00:00Z,7317453662
2023-03-18T09:00:00Z,7315877146
2023-03-18T08:00:00Z,7325099539
2023-03-18T07:00:00Z,7324896051
2023-03-18T06:00:00Z,7332162660
2023-03-18T05:00:00Z,7494181798
2023-03-18T04:00:00Z,7500021801
2023-03-18T03:00:00Z,7488108084
2023-03-18T02:00:00Z,7490439774
2023-03-18T01:00:00Z,7489347852
2023-03-18T00:00:00Z,7500781286
2023-03-17T23:00:00Z,7502098150
2023-03-17T22:00:00Z,7502041200
2023-03-17T21:00:00Z,7505212439
2023-03-17T20:00:00Z,7505294598
2023-03-17T19:00:00Z,7493854598
2023-03-17T18:00:00Z,7496148361
2023-03-17T17:00:00Z,7486273327
2023-03-17T16:00:00Z,7464744943
2023-03-17T15:00:00Z,7464744943
2023-03-17T14:00:00Z,7449345018
2023-03-17T13:00:00Z,7440299684
2023-03-17T12:00:00Z,7468519858
2023-03-17T11:00:00Z,7468548041
2023-03-17T10:00:00Z,7490488073
2023-03-17T09:00:00Z,7515485449
2023-03-17T08:00:00Z,7515687206
2023-03-17T07:00:00Z,7521796789
2023-03-17T06:00:00Z,7523907001
2023-03-17T05:00:00Z,7520643958
2023-03-17T04:00:00Z,7520773904
2023-03-17T03:00:00Z,7528852568
2023-03-17T02:00:00Z,7528852568
2023-03-17T01:00:00Z,7528852568
2023-03-17T00:00:00Z,7527852568
2023-03-16T23:00:00Z,7527852568
2023-03-16T22:00:00Z,7528765302
2023-03-16T21:00:00Z,7528718257
2023-03-16T20:00:00Z,7556140943
2023-03-16T19:00:00Z,7546406090
2023-03-16T18:00:00Z,7541157575
2023-03-16T17:00:00Z,7544319447
2023-03-16T16:00:00Z,7544670268
2023-03-16T15:00:00Z,7555682328
2023-03-16T14:00:00Z,7555579316
2023-03-16T13:00:00Z,7584236588
2023-03-16T12:00:00Z,7583710760
2023-03-16T11:00:00Z,7583710760
2023-03-16T10:00:00Z,7577601157
2023-03-16T09:00:00Z,7579188530
2023-03-16T08:00:00Z,7576439429
2023-03-16T07:00:00Z,7585916409
2023-03-16T06:00:00Z,7587524997
2023-03-16T05:00:00Z,7587669388
2023-03-16T04:00:00Z,7594484416
2023-03-16T03:00:00Z,7600054086
2023-03-16T02:00:00Z,7603823927
2023-03-16T01:00:00Z,7604445705
2023-03-16T00:00:00Z,7612593604
2023-03-15T23:00:00Z,7616910656
2023-03-15T22:00:00Z,7614910656
2023-03-15T21:00:00Z,7614910656
2023-03-15T20:00:00Z,7665896783
2023-03-15T19:00:00Z,7665782931
2023-03-15T18:00:00Z,7684887775
2023-03-15T17:00:00Z,7684887775
2023-03-15T16:00:00Z,7658761353
2023-03-15T15:00:00Z,7643451162
2023-03-15T14:00:00Z,7656669119
2023-03-15T13:00:00Z,7662800980
2023-03-15T12:00:00Z,7647854581
2023-03-15T11:00:00Z,7640109833
2023-03-15T10:00:00Z,7636207000
2023-03-15T09:00:00Z,7628193106
2023-03-15T08:00:00Z,7634798902
2023-03-15T07:00:00Z,7637401027
2023-03-15T06:00:00Z,7637727169
2023-03-15T05:00:00Z,7637727169
2023-03-15T04:00:00Z,7628825958
2023-03-15T03:00:00Z,7642311656
2023-03-15T02:00:00Z,7641679163
2023-03-15T01:00:00Z,7646463047
2023-03-15T00:00:00Z,7643711085
2023-03-14T23:00:00Z,7651719205
2023-03-14T22:00:00Z,7666209271
2023-03-14T21:00:00Z,7669619327
2023-03-14T20:00:00Z,7641436403
2023-03-14T19:00:00Z,7665831412
2023-03-14T18:00:00Z,7667111007
2023-03-14T17:00:00Z,7668762912
2023-03-14T16:00:00Z,7676323395
2023-03-14T15:00:00Z,7676463588
2023-03-14T14:00:00Z,7692055608
2023-03-14T13:00:00Z,7646657915
2023-03-14T12:00:00Z,7655202508
2023-03-14T11:00:00Z,7655428135
2023-03-14T10:00:00Z,7655722848
2023-03-14T09:00:00Z,7657632190
2023-03-14T08:00:00Z,7665590300
2023-03-14T07:00:00Z,7665590300
2023-03-14T06:00:00Z,7668906292
2023-03-14T05:00:00Z,7699569657
2023-03-14T04:00:00Z,7700433179
2023-03-14T03:00:00Z,7699361813
2023-03-14T02:00:00Z,7700207223
2023-03-14T01:00:00Z,7688011203
2023-03-14T00:00:00Z,7688499610
2023-03-13T23:00:00Z,7688857503
2023-03-13T22:00:00Z,7688793740
2023-03-13T21:00:00Z,7688114318
2023-03-13T20:00:00Z,7691585222
2023-03-13T19:00:00Z,7702061092
2023-03-13T18:00:00Z,7672082819
2023-03-13T17:00:00Z,7678406648
2023-03-13T16:00:00Z,7683292838
2023-03-13T15:00:00Z,7684224476
2023-03-13T14:00:00Z,7694544960
2023-03-13T13:00:00Z,7695237119
2023-03-13T12:00:00Z,7691881219
2023-03-13T11:00:00Z,7688829274
2023-03-13T10:00:00Z,7686241320
2023-03-13T09:00:00Z,7688772937
2023-03-13T08:00:00Z,7645296188
2023-03-13T07:00:00Z,7646925356
2023-03-13T06:00:00Z,null
2023-03-13T05:00:00Z,null
2023-03-13T04:00:00Z,null
2023-03-13T03:00:00Z,null
2023-03-13T02:00:00Z,null
2023-03-13T01:00:00Z,null
2023-03-13T00:00:00Z,null
2023-03-12T23:00:00Z,null
2023-03-12T22:00:00Z,null
2023-03-12T21:00:00Z,null
2023-03-12T20:00:00Z,null
2023-03-12T19:00:00Z,null
2023-03-12T18:00:00Z,7651711046
2023-03-12T17:00:00Z,7654656194
2023-03-12T16:00:00Z,7655455708
2023-03-12T15:00:00Z,7655252549
2023-03-12T14:00:00Z,7657809134
2023-03-12T13:00:00Z,7663525988
2023-03-12T12:00:00Z,7682391717
2023-03-12T11:00:00Z,7682972406
2023-03-12T10:00:00Z,7689469895
2023-03-12T09:00:00Z,7688030582
2023-03-12T08:00:00Z,7692352208
2023-03-12T07:00:00Z,7703907606
2023-03-12T06:00:00Z,7703319557
2023-03-12T05:00:00Z,7687581048
2023-03-12T04:00:00Z,7684781048
2023-03-12T03:00:00Z,7695205326
2023-03-12T02:00:00Z,7696168968
2023-03-12T01:00:00Z,7696103232
2023-03-12T00:00:00Z,7697383272
2023-03-11T23:00:00Z,7697471432
2023-03-11T22:00:00Z,7697440394
2023-03-11T21:00:00Z,7697440394
2023-03-11T20:00:00Z,7680527884
2023-03-11T19:00:00Z,7680025569
2023-03-11T18:00:00Z,7672778139
2023-03-11T17:00:00Z,7665085845
2023-03-11T16:00:00Z,7709870592
2023-03-11T15:00:00Z,7699598429
2023-03-11T14:00:00Z,7721553279
2023-03-11T13:00:00Z,7736855833
2023-03-11T12:00:00Z,7740880165
2023-03-11T11:00:00Z,7734918538
2023-03-11T10:00:00Z,7736847804
2023-03-11T09:00:00Z,7735762581
2023-03-11T08:00:00Z,7744606395
2023-03-11T07:00:00Z,7761123353
2023-03-11T06:00:00Z,7805487575
2023-03-11T05:00:00Z,7809315592
2023-03-11T04:00:00Z,7767838041
2023-03-11T03:00:00Z,7801856734
2023-03-11T02:00:00Z,7806221286
2023-03-11T01:00:00Z,7820551258
2023-03-11T00:00:00Z,7833559902
2023-03-10T23:00:00Z,7823313856
2023-03-10T22:00:00Z,7823208100
2023-03-10T21:00:00Z,7800809243
2023-03-10T20:00:00Z,7798038822
2023-03-10T19:00:00Z,7805658934
2023-03-10T18:00:00Z,7793437434
2023-03-10T17:00:00Z,7797033113
2023-03-10T16:00:00Z,7804467833
2023-03-10T15:00:00Z,7813208865
2023-03-10T14:00:00Z,7812270289
2023-03-10T13:00:00Z,7854105976
2023-03-10T12:00:00Z,7857394623
2023-03-10T11:00:00Z,7884493318
2023-03-10T10:00:00Z,7885981881
2023-03-10T09:00:00Z,7865314631
2023-03-10T08:00:00Z,7863837342
2023-03-10T07:00:00Z,7859648695
2023-03-10T06:00:00Z,7865939254
2023-03-10T05:00:00Z,7865939254
2023-03-10T04:00:00Z,7889078465
2023-03-10T03:00:00Z,7889166232
2023-03-10T02:00:00Z,7889574877
2023-03-10T01:00:00Z,7908401144
2023-03-10T00:00:00Z,7902865093
2023-03-09T23:00:00Z,7909174537
2023-03-09T22:00:00Z,7909941138
2023-03-09T21:00:00Z,7946075776
2023-03-09T20:00:00Z,7960838751
2023-03-09T19:00:00Z,7966408166
2023-03-09T18:00:00Z,7958364580
2023-03-09T17:00:00Z,7956668872
2023-03-09T16:00:00Z,7938288972
2023-03-09T15:00:00Z,7941945862
2023-03-09T14:00:00Z,7938116653
2023-03-09T13:00:00Z,7929991508
2023-03-09T12:00:00Z,7907215318
2023-03-09T11:00:00Z,7898615846
2023-03-09T10:00:00Z,7897415846
2023-03-09T09:00:00Z,7902814297
2023-03-09T08:00:00Z,7902983221
2023-03-09T07:00:00Z,7885998702
2023-03-09T06:00:00Z,7876180689
2023-03-09T05:00:00Z,7873767820
2023-03-09T04:00:00Z,7873767820
2023-03-09T03:00:00Z,7869569036
2023-03-09T02:00:00Z,7869568036
2023-03-09T01:00:00Z,7870379554
2023-03-09T00:00:00Z,7876272211
2023-03-08T23:00:00Z,7847599765
2023-03-08T22:00:00Z,7830372558
2023-03-08T21:00:00Z,7831083674
2023-03-08T20:00:00Z,7832296407
2023-03-08T19:00:00Z,7848199570
2023-03-08T18:00:00Z,7848199570
2023-03-08T17:00:00Z,7854940463
2023-03-08T16:00:00Z,7851643519
2023-03-08T15:00:00Z,7852049044
2023-03-08T14:00:00Z,7851356097
2023-03-08T13:00:00Z,7840706264
2023-03-08T12:00:00Z,7834379535
2023-03-08T11:00:00Z,7837094653
2023-03-08T10:00:00Z,7834822605
2023-03-08T09:00:00Z,7836929789
2023-03-08T08:00:00Z,7822936767
2023-03-08T07:00:00Z,7822936767
2023-03-08T06:00:00Z,7807381175
2023-03-08T05:00:00Z,7816413263
2023-03-08T04:00:00Z,7813780755
2023-03-08T03:00:00Z,7813780755
2023-03-08T02:00:00Z,7809571089
2023-03-08T01:00:00Z,7841478386
2023-03-08T00:00:00Z,7842849794
2023-03-07T23:00:00Z,7834879125
2023-03-07T22:00:00Z,7836325917
2023-03-07T21:00:00Z,7827426415
2023-03-07T20:00:00Z,7830027460
2023-03-07T19:00:00Z,7829182905
2023-03-07T18:00:00Z,7837991165
2023-03-07T17:00:00Z,7839099849
2023-03-07T16:00:00Z,7857349870
2023-03-07T15:00:00Z,7900732928
2023-03-07T14:00:00Z,7942151647
2023-03-07T13:00:00Z,7943653670
2023-03-07T12:00:00Z,7944736987
2023-03-07T11:00:00Z,7950171797
2023-03-07T10:00:00Z,7950744544
2023-03-07T09:00:00Z,7950661051
2023-03-07T08:00:00Z,7949812067
2023-03-07T07:00:00Z,7952532202
2023-03-07T06:00:00Z,7950420459
2023-03-07T05:00:00Z,7943085702
2023-03-07T04:00:00Z,7938910548
2023-03-07T03:00:00Z,7949418341
2023-03-07T02:00:00Z,7933935639
2023-03-07T01:00:00Z,7938111849
2023-03-07T00:00:00Z,7938111849
2023-03-06T23:00:00Z,7949164475
2023-03-06T22:00:00Z,7950812046
2023-03-06T21:00:00Z,7972820551
2023-03-06T20:00:00Z,7980002953
2023-03-06T19:00:00Z,8005850924
2023-03-06T18:00:00Z,8005954738
2023-03-06T17:00:00Z,7997477433
2023-03-06T16:00:00Z,8006219547
2023-03-06T15:00:00Z,7993194786
2023-03-06T14:00:00Z,8000965429
2023-03-06T13:00:00Z,8005858585
2023-03-06T12:00:00Z,8005858585
2023-03-06T11:00:00Z,8007620690
2023-03-06T10:00:00Z,7992246976
2023-03-06T09:00:00Z,7990427566
2023-03-06T08:00:00Z,8006547775
2023-03-06T07:00:00Z,8005768352
2023-03-06T06:00:00Z,8005722318
2023-03-06T05:00:00Z,8005722318
2023-03-06T04:00:00Z,8026879001
2023-03-06T03:00:00Z,8044810048
2023-03-06T02:00:00Z,8035693687
2023-03-06T01:00:00Z,8033279237
2023-03-06T00:00:00Z,8034391241
2023-03-05T23:00:00Z,8030221196
2023-03-05T22:00:00Z,8020769439
2023-03-05T21:00:00Z,8019946248
2023-03-05T20:00:00Z,8011986155
2023-03-05T19:00:00Z,8011333379
2023-03-05T18:00:00Z,7994644770
2023-03-05T17:00:00Z,7994581008
2023-03-05T16:00:00Z,7995357275
2023-03-05T15:00:00Z,7995216591
2023-03-05T14:00:00Z,8008565305
2023-03-05T13:00:00Z,8020617903
2023-03-05T12:00:00Z,8026243818
2023-03-05T11:00:00Z,8026031901
2023-03-05T10:00:00Z,8031477902
2023-03-05T09:00:00Z,8032859001
2023-03-05T08:00:00Z,8030872979
2023-03-05T07:00:00Z,8051450744
2023-03-05T06:00:00Z,8050151080
2023-03-05T05:00:00Z,8058268185
2023-03-05T04:00:00Z,8078619449
2023-03-05T03:00:00Z,8092931108
2023-03-05T02:00:00Z,8092931108
2023-03-05T01:00:00Z,8099901783
2023-03-05T00:00:00Z,8099901783
2023-03-04T23:00:00Z,8138842989
2023-03-04T22:00:00Z,8138784370
2023-03-04T21:00:00Z,8126447404
2023-03-04T20:00:00Z,8083367968
2023-03-04T19:00:00Z,8080125267
2023-03-04T18:00:00Z,8116627985
2023-03-04T17:00:00Z,8133278156
2023-03-04T16:00:00Z,8121276262
2023-03-04T15:00:00Z,8117461577
2023-03-04T14:00:00Z,8109907069
2023-03-04T13:00:00Z,8102466302
2023-03-04T12:00:00Z,8119998802
2023-03-04T11:00:00Z,8121592485
2023-03-04T10:00:00Z,8122299041
2023-03-04T09:00:00Z,8125227650
2023-03-04T08:00:00Z,8124626976
2023-03-04T07:00:00Z,8121254120
2023-03-04T06:00:00Z,8114254120
2023-03-04T05:00:00Z,8122313341
2023-03-04T04:00:00Z,8125605098
2023-03-04T03:00:00Z,8138517734
2023-03-04T02:00:00Z,8136420393
2023-03-04T01:00:00Z,8135590393
2023-03-04T00:00:00Z,8140167648
2023-03-03T23:00:00Z,8140229531
2023-03-03T22:00:00Z,8140297076
2023-03-03T21:00:00Z,8146519036
2023-03-03T20:00:00Z,8151607782
2023-03-03T19:00:00Z,8154635190
2023-03-03T18:00:00Z,8159818591
2023-03-03T17:00:00Z,8132921402
2023-03-03T16:00:00Z,8128456117
2023-03-03T15:00:00Z,8137775916
2023-03-03T14:00:00Z,8137120554
2023-03-03T13:00:00Z,8112362434
2023-03-03T12:00:00Z,8112362434
2023-03-03T11:00:00Z,8121590662
2023-03-03T10:00:00Z,8130459138
2023-03-03T09:00:00Z,8138773105
2023-03-03T08:00:00Z,8143096910
2023-03-03T07:00:00Z,8145574781
2023-03-03T06:00:00Z,8128557079
2023-03-03T05:00:00Z,8129420474
2023-03-03T04:00:00Z,8161668822
2023-03-03T03:00:00Z,8163599986
2023-03-03T02:00:00Z,8136215165
2023-03-03T01:00:00Z,8080127233
2023-03-03T00:00:00Z,8072718322
2023-03-02T23:00:00Z,8081812010
2023-03-02T22:00:00Z,8067812999
2023-03-02T21:00:00Z,8066702658
2023-03-02T20:00:00Z,8072301747
2023-03-02T19:00:00Z,8072915901
2023-03-02T18:00:00Z,8069543613
2023-03-02T17:00:00Z,8066306547
2023-03-02T16:00:00Z,8084368767
2023-03-02T15:00:00Z,8090207355
2023-03-02T14:00:00Z,8086927257
2023-03-02T13:00:00Z,8080815282
2023-03-02T12:00:00Z,8076484594
2023-03-02T11:00:00Z,8041325860
2023-03-02T10:00:00Z,8052094501
2023-03-02T09:00:00Z,8040246930
2023-03-02T08:00:00Z,8024750698
2023-03-02T07:00:00Z,8063176407
2023-03-02T06:00:00Z,8048034041
2023-03-02T05:00:00Z,8047989372
2023-03-02T04:00:00Z,8037510785
2023-03-02T03:00:00Z,8037510785
2023-03-02T02:00:00Z,8037510785
2023-03-02T01:00:00Z,8053779838
2023-03-02T00:00:00Z,8054210266
2023-03-01T23:00:00Z,8056654218
2023-03-01T22:00:00Z,8056783361
2023-03-01T21:00:00Z,8056606361
2023-03-01T20:00:00Z,8047288834
2023-03-01T19:00:00Z,8053973697
2023-03-01T18:00:00Z,8054520534
2023-03-01T17:00:00Z,8049903518
2023-03-01T16:00:00Z,8044193881
2023-03-01T15:00:00Z,8044382320
2023-03-01T14:00:00Z,8076743566
2023-03-01T13:00:00Z,8074159530
2023-03-01T12:00:00Z,8065071692
2023-03-01T11:00:00Z,8079134348
2023-03-01T10:00:00Z,8078375034
2023-03-01T09:00:00Z,8104945422
2023-03-01T08:00:00Z,8107487133
2023-03-01T07:00:00Z,8086787708
2023-03-01T06:00:00Z,8103264600
2023-03-01T05:00:00Z,8103881272
2023-03-01T04:00:00Z,8103443261
2023-03-01T03:00:00Z,8105003723
2023-03-01T02:00:00Z,8091929798
2023-03-01T01:00:00Z,8192089453
2023-03-01T00:00:00Z,8171720494
2023-02-28T23:00:00Z,8171809315
2023-02-28T22:00:00Z,8171327353
2023-02-28T21:00:00Z,8165535857
2023-02-28T20:00:00Z,8159687411
2023-02-28T19:00:00Z,8130214575
2023-02-28T18:00:00Z,8134822453
2023-02-28T17:00:00Z,8139364103
2023-02-28T16:00:00Z,8107550118
2023-02-28T15:00:00Z,8099573610
2023-02-28T14:00:00Z,8109745788
2023-02-28T13:00:00Z,8109465718
2023-02-28T12:00:00Z,8121602336
2023-02-28T11:00:00Z,8114622215
2023-02-28T10:00:00Z,8111339266
2023-02-28T09:00:00Z,8127275720
2023-02-28T08:00:00Z,8093211164
2023-02-28T07:00:00Z,8101461848
2023-02-28T06:00:00Z,8110436934
2023-02-28T05:00:00Z,8125046025
2023-02-28T04:00:00Z,8125917942
2023-02-28T03:00:00Z,8123717942
2023-02-28T02:00:00Z,8122992779
2023-02-28T01:00:00Z,8135739552
2023-02-28T00:00:00Z,8142780166
2023-02-27T23:00:00Z,8132780248
2023-02-27T22:00:00Z,8132119768
2023-02-27T21:00:00Z,8133235129
2023-02-27T20:00:00Z,8130155613
2023-02-27T19:00:00Z,8128524340
2023-02-27T18:00:00Z,8131159227
2023-02-27T17:00:00Z,8131134778
2023-02-27T16:00:00Z,8143612525
2023-02-27T15:00:00Z,8144637096
2023-02-27T14:00:00Z,8149330200
2023-02-27T13:00:00Z,null
2023-02-27T12:00:00Z,8148503877
2023-02-27T11:00:00Z,8149161523
2023-02-27T10:00:00Z,8142034100
2023-02-27T09:00:00Z,8142136044
2023-02-27T08:00:00Z,8149046999
2023-02-27T07:00:00Z,8154134741
2023-02-27T06:00:00Z,8154543445
2023-02-27T05:00:00Z,8162473659
2023-02-27T04:00:00Z,8162473659
2023-02-27T03:00:00Z,8173046367
2023-02-27T02:00:00Z,8175111995
2023-02-27T01:00:00Z,8151535909
2023-02-27T00:00:00Z,8160169812
2023-02-26T23:00:00Z,8152555200
2023-02-26T22:00:00Z,8147643766
2023-02-26T21:00:00Z,8135640622
2023-02-26T20:00:00Z,8159310566
2023-02-26T19:00:00Z,8144562169
2023-02-26T18:00:00Z,8149773288
2023-02-26T17:00:00Z,8147017494
2023-02-26T16:00:00Z,8145609778
2023-02-26T15:00:00Z,8160251014
2023-02-26T14:00:00Z,8137029345
2023-02-26T13:00:00Z,8134785054
2023-02-26T12:00:00Z,8119939787
2023-02-26T11:00:00Z,8118209076
2023-02-26T10:00:00Z,8119770151
2023-02-26T09:00:00Z,8129389176
2023-02-26T08:00:00Z,8134969422
2023-02-26T07:00:00Z,8147849497
2023-02-26T06:00:00Z,8147412990
2023-02-26T05:00:00Z,8152186518
2023-02-26T04:00:00Z,8146026698
2023-02-26T03:00:00Z,8141492024
2023-02-26T02:00:00Z,8141755461
2023-02-26T01:00:00Z,8143025025
2023-02-26T00:00:00Z,8145115523
2023-02-25T23:00:00Z,8161337911
2023-02-25T22:00:00Z,8150930564
2023-02-25T21:00:00Z,8160921871
2023-02-25T20:00:00Z,8131064930
2023-02-25T19:00:00Z,8125733115
2023-02-25T18:00:00Z,8109987413
2023-02-25T17:00:00Z,8118531597
2023-02-25T16:00:00Z,8122216514
2023-02-25T15:00:00Z,8125152718
2023-02-25T14:00:00Z,8124626564
2023-02-25T13:00:00Z,8149060609
2023-02-25T12:00:00Z,8150585786
2023-02-25T11:00:00Z,8152411408
2023-02-25T10:00:00Z,8157477017
2023-02-25T09:00:00Z,8156449624
2023-02-25T08:00:00Z,8161572748
2023-02-25T07:00:00Z,8157656909
2023-02-25T06:00:00Z,8158743680
2023-02-25T05:00:00Z,8143308474
2023-02-25T04:00:00Z,8144017518
2023-02-25T03:00:00Z,8144290583
2023-02-25T02:00:00Z,8133905761
2023-02-25T01:00:00Z,8157671779
2023-02-25T00:00:00Z,8159572767
2023-02-24T23:00:00Z,8157344492
2023-02-24T22:00:00Z,8156343370
2023-02-24T21:00:00Z,8167587420
2023-02-24T20:00:00Z,8166070444
2023-02-24T19:00:00Z,8164380544
2023-02-24T18:00:00Z,8178341713
2023-02-24T17:00:00Z,8178870831
2023-02-24T16:00:00Z,8176158365
2023-02-24T15:00:00Z,8144484894
2023-02-24T14:00:00Z,8129962598
2023-02-24T13:00:00Z,8123599892
2023-02-24T12:00:00Z,8128257780
2023-02-24T11:00:00Z,8107969244
2023-02-24T10:00:00Z,8103987523
2023-02-24T09:00:00Z,8100154611
2023-02-24T08:00:00Z,8100794801
2023-02-24T07:00:00Z,8108097354
2023-02-24T06:00:00Z,null
2023-02-24T05:00:00Z,8110862253
2023-02-24T04:00:00Z,8107456991
2023-02-24T03:00:00Z,8107454911
2023-02-24T02:00:00Z,8120112081
2023-02-24T01:00:00Z,8124552514
2023-02-24T00:00:00Z,8133814269
2023-02-23T23:00:00Z,8139835976
2023-02-23T22:00:00Z,8143111342
2023-02-23T21:00:00Z,8143451974
2023-02-23T20:00:00Z,8161403637
2023-02-23T19:00:00Z,8162599505
2023-02-23T18:00:00Z,8175246616
2023-02-23T17:00:00Z,8169092467
2023-02-23T16:00:00Z,8145162336
2023-02-23T15:00:00Z,8142463688
2023-02-23T14:00:00Z,8142386761
2023-02-23T13:00:00Z,8144938344
2023-02-23T12:00:00Z,8149258767
2023-02-23T11:00:00Z,8146629358
2023-02-23T10:00:00Z,8152366318
2023-02-23T09:00:00Z,8145161403
2023-02-23T08:00:00Z,8152218232
2023-02-23T07:00:00Z,8156983022
2023-02-23T06:00:00Z,8147558514
2023-02-23T05:00:00Z,8143466950
2023-02-23T04:00:00Z,8141642426
2023-02-23T03:00:00Z,8141634170
2023-02-23T02:00:00Z,8155369532
2023-02-23T01:00:00Z,8151196680
2023-02-23T00:00:00Z,8151196680
2023-02-22T23:00:00Z,8159090254
2023-02-22T22:00:00Z,8155729476
2023-02-22T21:00:00Z,8155740728
2023-02-22T20:00:00Z,8143803582
2023-02-22T19:00:00Z,8143942241
2023-02-22T18:00:00Z,8152204237
2023-02-22T17:00:00Z,8150718516
2023-02-22T16:00:00Z,8168048801
2023-02-22T15:00:00Z,8145486519
2023-02-22T14:00:00Z,8145681431
2023-02-22T13:00:00Z,8145356407
2023-02-22T12:00:00Z,8146846265
2023-02-22T11:00:00Z,8144604257
2023-02-22T10:00:00Z,8139915899
2023-02-22T09:00:00Z,8133938883
2023-02-22T08:00:00Z,8137094948
2023-02-22T07:00:00Z,8141546526
2023-02-22T06:00:00Z,8141726369
2023-02-22T05:00:00Z,8135477321
2023-02-22T04:00:00Z,8135188959
2023-02-22T03:00:00Z,8126030756
2023-02-22T02:00:00Z,8122779855
2023-02-22T01:00:00Z,8143054483
2023-02-22T00:00:00Z,8154370294
2023-02-21T23:00:00Z,8157062295
2023-02-21T22:00:00Z,8151673710
2023-02-21T21:00:00Z,8140012993
2023-02-21T20:00:00Z,8141517191
2023-02-21T19:00:00Z,8140519407
2023-02-21T18:00:00Z,8142335017
2023-02-21T17:00:00Z,8187933411
2023-02-21T16:00:00Z,8180331727
2023-02-21T15:00:00Z,8173343675
2023-02-21T14:00:00Z,8173580490
2023-02-21T13:00:00Z,8167708024
2023-02-21T12:00:00Z,8175787495
2023-02-21T11:00:00Z,8174121800
2023-02-21T10:00:00Z,8188088289
2023-02-21T09:00:00Z,8187995201
2023-02-21T08:00:00Z,8191171971
2023-02-21T07:00:00Z,8198758464
2023-02-21T06:00:00Z,8198758464
2023-02-21T05:00:00Z,8198758464
2023-02-21T04:00:00Z,8184289187
2023-02-21T03:00:00Z,8194811867
2023-02-21T02:00:00Z,8188205350
2023-02-21T01:00:00Z,8197410855
2023-02-21T00:00:00Z,8195857919
2023-02-20T23:00:00Z,8196406697
2023-02-20T22:00:00Z,8160888366
2023-02-20T21:00:00Z,8143835423
2023-02-20T20:00:00Z,8143862640
2023-02-20T19:00:00Z,8138952568
2023-02-20T18:00:00Z,8139078398
2023-02-20T17:00:00Z,8139139924
2023-02-20T16:00:00Z,8153529297
2023-02-20T15:00:00Z,8154237120
2023-02-20T14:00:00Z,8155146192
2023-02-20T13:00:00Z,8149510690
2023-02-20T12:00:00Z,8152059788
2023-02-20T11:00:00Z,8148688207
2023-02-20T10:00:00Z,8170081308
2023-02-20T09:00:00Z,8174047366
2023-02-20T08:00:00Z,8174047366
2023-02-20T07:00:00Z,8194954639
2023-02-20T06:00:00Z,8197014275
2023-02-20T05:00:00Z,8201421311
2023-02-20T04:00:00Z,8201421311
2023-02-20T03:00:00Z,8201408379
2023-02-20T02:00:00Z,8201720712
2023-02-20T01:00:00Z,8180192565
2023-02-20T00:00:00Z,8182389107
2023-02-19T23:00:00Z,8168177829
2023-02-19T22:00:00Z,8187286072
2023-02-19T21:00:00Z,8188770112
2023-02-19T20:00:00Z,8190189675
2023-02-19T19:00:00Z,8193161943
2023-02-19T18:00:00Z,8207294019
2023-02-19T17:00:00Z,8199073555
2023-02-19T16:00:00Z,8193834818
2023-02-19T15:00:00Z,8194883599
2023-02-19T14:00:00Z,8196393958
2023-02-19T13:00:00Z,8195486168
2023-02-19T12:00:00Z,8207032462
2023-02-19T11:00:00Z,8208799697
2023-02-19T10:00:00Z,8235267584
2023-02-19T09:00:00Z,8237626379
2023-02-19T08:00:00Z,8237442981
2023-02-19T07:00:00Z,8237364205
2023-02-19T06:00:00Z,8242439892
2023-02-19T05:00:00Z,8246655604
2023-02-19T04:00:00Z,8225606190
2023-02-19T03:00:00Z,8221706075
2023-02-19T02:00:00Z,8216424829
2023-02-19T01:00:00Z,8216210588
2023-02-19T00:00:00Z,8215981890
2023-02-18T23:00:00Z,8244505644
2023-02-18T22:00:00Z,8196456811
2023-02-18T21:00:00Z,8201476789
2023-02-18T20:00:00Z,8197205745
2023-02-18T19:00:00Z,8211893828
2023-02-18T18:00:00Z,8152089974
2023-02-18T17:00:00Z,8138146455
2023-02-18T16:00:00Z,8143501681
2023-02-18T15:00:00Z,8188709504
2023-02-18T14:00:00Z,8191571243
2023-02-18T13:00:00Z,8194608681
2023-02-18T12:00:00Z,8196698289
2023-02-18T11:00:00Z,8196000747
2023-02-18T10:00:00Z,8194390755
2023-02-18T09:00:00Z,8196718630
2023-02-18T08:00:00Z,8189931043
2023-02-18T07:00:00Z,8184991575
2023-02-18T06:00:00Z,8185569979
2023-02-18T05:00:00Z,8186180654
2023-02-18T04:00:00Z,8186183455
2023-02-18T03:00:00Z,8180207245
2023-02-18T02:00:00Z,8184732343
2023-02-18T01:00:00Z,8185111812
2023-02-18T00:00:00Z,8185388136
2023-02-17T23:00:00Z,8188618374
2023-02-17T22:00:00Z,8185511551
2023-02-17T21:00:00Z,8185511551
2023-02-17T20:00:00Z,8154146661
2023-02-17T19:00:00Z,8157653220
2023-02-17T18:00:00Z,8165916239
2023-02-17T17:00:00Z,8154260039
2023-02-17T16:00:00Z,8158716300
2023-02-17T15:00:00Z,8186320889
2023-02-17T14:00:00Z,8186320889
2023-02-17T13:00:00Z,8193590076
2023-02-17T12:00:00Z,8170925610
2023-02-17T11:00:00Z,8171126223
2023-02-17T10:00:00Z,8166424380
2023-02-17T09:00:00Z,8162361944
2023-02-17T08:00:00Z,8162361944
2023-02-17T07:00:00Z,8168714026
2023-02-17T06:00:00Z,8168253376
2023-02-17T05:00:00Z,8168253376
2023-02-17T04:00:00Z,8173598125
2023-02-17T03:00:00Z,8176384401
2023-02-17T02:00:00Z,8179318203
2023-02-17T01:00:00Z,8182744714
2023-02-17T00:00:00Z,8177220610
2023-02-16T23:00:00Z,8143349324
2023-02-16T22:00:00Z,8143512087
2023-02-16T21:00:00Z,8146507064
2023-02-16T20:00:00Z,8091259575
2023-02-16T19:00:00Z,8087950381
2023-02-16T18:00:00Z,8080284949
2023-02-16T17:00:00Z,8091228079
2023-02-16T16:00:00Z,8094844309
2023-02-16T15:00:00Z,8097998751
2023-02-16T14:00:00Z,8109256262
2023-02-16T13:00:00Z,8114547993
2023-02-16T12:00:00Z,8133596796
2023-02-16T11:00:00Z,8152715617
2023-02-16T10:00:00Z,8148877892
2023-02-16T09:00:00Z,8162231675
2023-02-16T08:00:00Z,8162231675
2023-02-16T07:00:00Z,8137104710
2023-02-16T06:00:00Z,8141945724
2023-02-16T05:00:00Z,8128773894
2023-02-16T04:00:00Z,8124215560
2023-02-16T03:00:00Z,8123851531
2023-02-16T02:00:00Z,8125850039
2023-02-16T01:00:00Z,8125221420
2023-02-16T00:00:00Z,8146596261
2023-02-15T23:00:00Z,8142730508
2023-02-15T22:00:00Z,8144940437
2023-02-15T21:00:00Z,8158894828
2023-02-15T20:00:00Z,8165715954
2023-02-15T19:00:00Z,8175306462
2023-02-15T18:00:00Z,8188368267
2023-02-15T17:00:00Z,8191179852
2023-02-15T16:00:00Z,8194257790
2023-02-15T15:00:00Z,8201475130
2023-02-15T14:00:00Z,8201495548
2023-02-15T13:00:00Z,8207370813
2023-02-15T12:00:00Z,8211117380
2023-02-15T11:00:00Z,8227810926
2023-02-15T10:00:00Z,8228504578
2023-02-15T09:00:00Z,8228680723
2023-02-15T08:00:00Z,8218346687
2023-02-15T07:00:00Z,8218774118
2023-02-15T06:00:00Z,8201060582
2023-02-15T05:00:00Z,8209140341
2023-02-15T04:00:00Z,8209140341
2023-02-15T03:00:00Z,8200407150
2023-02-15T02:00:00Z,8199994781
2023-02-15T01:00:00Z,8212701856
2023-02-15T00:00:00Z,8205516578
2023-02-14T23:00:00Z,8205205865
2023-02-14T22:00:00Z,8203461468
2023-02-14T21:00:00Z,8205468068
2023-02-14T20:00:00Z,8213635509
2023-02-14T19:00:00Z,8215698301
2023-02-14T18:00:00Z,8223446121
2023-02-14T17:00:00Z,8232999767
2023-02-14T16:00:00Z,8212420963
2023-02-14T15:00:00Z,8225275161
2023-02-14T14:00:00Z,8228160573
2023-02-14T13:00:00Z,8222199281
2023-02-14T12:00:00Z,8220939727
2023-02-14T11:00:00Z,8226015935
2023-02-14T10:00:00Z,8231089813
2023-02-14T09:00:00Z,8238818762
2023-02-14T08:00:00Z,8228776236
2023-02-14T07:00:00Z,8231243597
2023-02-14T06:00:00Z,8226465787
2023-02-14T05:00:00Z,8226698169
2023-02-14T04:00:00Z,8226698169
2023-02-14T03:00:00Z,8228373006
2023-02-14T02:00:00Z,8228373006
2023-02-14T01:00:00Z,8229817857
2023-02-14T00:00:00Z,8246857347
2023-02-13T23:00:00Z,8256377682
2023-02-13T22:00:00Z,8270653843
2023-02-13T21:00:00Z,8211730632
2023-02-13T20:00:00Z,8217846987
2023-02-13T19:00:00Z,8197075667
2023-02-13T18:00:00Z,8243682474
2023-02-13T17:00:00Z,8233263256
2023-02-13T16:00:00Z,8242019692
2023-02-13T15:00:00Z,8233933810
2023-02-13T14:00:00Z,8239192893
2023-02-13T13:00:00Z,8240296981
2023-02-13T12:00:00Z,8238267200
2023-02-13T11:00:00Z,8234779907
2023-02-13T10:00:00Z,8248476623
2023-02-13T09:00:00Z,8222306536
2023-02-13T08:00:00Z,8224179683
2023-02-13T07:00:00Z,8224179683
2023-02-13T06:00:00Z,8247550423
2023-02-13T05:00:00Z,8247465414
2023-02-13T04:00:00Z,8263359882
2023-02-13T03:00:00Z,8263359882
2023-02-13T02:00:00Z,8269911879
2023-02-13T01:00:00Z,8269722446
2023-02-13T00:00:00Z,8257881054
2023-02-12T23:00:00Z,8263818079
2023-02-12T22:00:00Z,8293629029
2023-02-12T21:00:00Z,8274564780
2023-02-12T20:00:00Z,8256195434
2023-02-12T19:00:00Z,8256556047
2023-02-12T18:00:00Z,8284389388
2023-02-12T17:00:00Z,8294253065
2023-02-12T16:00:00Z,8293897418
2023-02-12T15:00:00Z,8290267182
2023-02-12T14:00:00Z,8291444508
2023-02-12T13:00:00Z,8291917157
2023-02-12T12:00:00Z,8293268208
2023-02-12T11:00:00Z,8252090447
2023-02-12T10:00:00Z,8252002594
2023-02-12T09:00:00Z,8252042178
2023-02-12T08:00:00Z,8261109903
2023-02-12T07:00:00Z,8264508572
2023-02-12T06:00:00Z,8264684538
2023-02-12T05:00:00Z,8264722718
2023-02-12T04:00:00Z,8250933851
2023-02-12T03:00:00Z,8245834363
2023-02-12T02:00:00Z,8249046245
2023-02-12T01:00:00Z,8254498305
2023-02-12T00:00:00Z,8259678094
2023-02-11T23:00:00Z,8241404378
2023-02-11T22:00:00Z,8232266466
2023-02-11T21:00:00Z,8262580392
2023-02-11T20:00:00Z,8264271884
2023-02-11T19:00:00Z,8262629915
2023-02-11T18:00:00Z,8262068625
2023-02-11T17:00:00Z,8262276235
2023-02-11T16:00:00Z,8265354108
2023-02-11T15:00:00Z,8269017399
2023-02-11T14:00:00Z,8270948979
2023-02-11T13:00:00Z,8271627536
2023-02-11T12:00:00Z,8250461512
2023-02-11T11:00:00Z,8241095845
2023-02-11T10:00:00Z,8251872245
2023-02-11T09:00:00Z,8251872245
2023-02-11T08:00:00Z,8251866071
2023-02-11T07:00:00Z,8250196972
2023-02-11T06:00:00Z,8250379389
2023-02-11T05:00:00Z,8251326587
2023-02-11T04:00:00Z,8264444385
2023-02-11T03:00:00Z,8228375976
2023-02-11T02:00:00Z,8231347170
2023-02-11T01:00:00Z,8232440897
2023-02-11T00:00:00Z,8232449150
2023-02-10T23:00:00Z,8229174885
2023-02-10T22:00:00Z,8245422009
2023-02-10T21:00:00Z,8254536664
2023-02-10T20:00:00Z,8259358485
2023-02-10T19:00:00Z,8266624527
2023-02-10T18:00:00Z,8266999990
2023-02-10T17:00:00Z,8266999990
2023-02-10T16:00:00Z,8253148083
2023-02-10T15:00:00Z,8276465199
2023-02-10T14:00:00Z,8252076960
2023-02-10T13:00:00Z,8267274764
2023-02-10T12:00:00Z,8281677062
2023-02-10T11:00:00Z,8286991185
2023-02-10T10:00:00Z,8290800231
2023-02-10T09:00:00Z,8290800231
2023-02-10T08:00:00Z,8292501159
2023-02-10T07:00:00Z,8284562202
2023-02-10T06:00:00Z,8283442005
2023-02-10T05:00:00Z,8273925951
2023-02-10T04:00:00Z,8283697937
2023-02-10T03:00:00Z,8267053677
2023-02-10T02:00:00Z,8269393706
2023-02-10T01:00:00Z,8275744321
2023-02-10T00:00:00Z,8275846044
2023-02-09T23:00:00Z,8272735356
2023-02-09T22:00:00Z,8259616571
2023-02-09T21:00:00Z,8269971020
2023-02-09T20:00:00Z,8261478465
2023-02-09T19:00:00Z,8285855952
2023-02-09T18:00:00Z,8274159733
2023-02-09T17:00:00Z,8296749071
2023-02-09T16:00:00Z,8300715235
2023-02-09T15:00:00Z,8304588502
2023-02-09T14:00:00Z,8304588502
2023-02-09T13:00:00Z,8299962910
2023-02-09T12:00:00Z,8321745728
2023-02-09T11:00:00Z,8307846994
2023-02-09T10:00:00Z,8310076649
2023-02-09T09:00:00Z,8316733722
2023-02-09T08:00:00Z,8316146685
2023-02-09T07:00:00Z,8317158736
2023-02-09T06:00:00Z,8319917980
2023-02-09T05:00:00Z,8319918461
2023-02-09T04:00:00Z,8320444427
2023-02-09T03:00:00Z,8317890936
2023-02-09T02:00:00Z,8315195809
2023-02-09T01:00:00Z,8310669530
2023-02-09T00:00:00Z,8325194234
2023-02-08T23:00:00Z,8326314833
2023-02-08T22:00:00Z,8310615586
2023-02-08T21:00:00Z,8314810097
2023-02-08T20:00:00Z,8292063186
2023-02-08T19:00:00Z,8296927683
2023-02-08T18:00:00Z,8262555347
2023-02-08T17:00:00Z,8272763995
2023-02-08T16:00:00Z,8286833623
2023-02-08T15:00:00Z,8294440031
2023-02-08T14:00:00Z,8309350564
2023-02-08T13:00:00Z,8302467878
2023-02-08T12:00:00Z,8325462912
2023-02-08T11:00:00Z,8324102768
2023-02-08T10:00:00Z,8327780350
2023-02-08T09:00:00Z,8346254492
2023-02-08T08:00:00Z,8390468497
2023-02-08T07:00:00Z,8422630155
2023-02-08T06:00:00Z,8391369199
2023-02-08T05:00:00Z,8398242743
2023-02-08T04:00:00Z,8381993274
2023-02-08T03:00:00Z,8378302038
2023-02-08T02:00:00Z,8379217445
2023-02-08T01:00:00Z,8371672313
2023-02-08T00:00:00Z,8362167656
2023-02-07T23:00:00Z,8388095872
2023-02-07T22:00:00Z,8386662377
2023-02-07T21:00:00Z,8382268040
2023-02-07T20:00:00Z,8393835528
2023-02-07T19:00:00Z,8404748714
2023-02-07T18:00:00Z,8381419304
2023-02-07T17:00:00Z,8411935759
2023-02-07T16:00:00Z,8404286201
2023-02-07T15:00:00Z,8425030205
2023-02-07T14:00:00Z,8425124538
2023-02-07T13:00:00Z,8397261882
2023-02-07T12:00:00Z,8396473990
2023-02-07T11:00:00Z,8453188075
2023-02-07T10:00:00Z,8453493177
2023-02-07T09:00:00Z,8451080197
2023-02-07T08:00:00Z,8453589390
2023-02-07T07:00:00Z,8437511038
2023-02-07T06:00:00Z,8432199403
2023-02-07T05:00:00Z,8438682267
2023-02-07T04:00:00Z,8450252197
2023-02-07T03:00:00Z,8454161946
2023-02-07T02:00:00Z,8468750974
2023-02-07T01:00:00Z,8503289720
2023-02-07T00:00:00Z,8496156355
2023-02-06T23:00:00Z,8496156355
2023-02-06T22:00:00Z,8496211276
2023-02-06T21:00:00Z,8507505921
2023-02-06T20:00:00Z,8491587760
2023-02-06T19:00:00Z,8487079748
2023-02-06T18:00:00Z,8479665021
2023-02-06T17:00:00Z,8516636886
2023-02-06T16:00:00Z,8500140500
2023-02-06T15:00:00Z,8517971061
2023-02-06T14:00:00Z,8516997477
2023-02-06T13:00:00Z,8517925546
2023-02-06T12:00:00Z,8517724762
2023-02-06T11:00:00Z,8524083671
2023-02-06T10:00:00Z,8565915312
2023-02-06T09:00:00Z,8573120934
2023-02-06T08:00:00Z,8567639596
2023-02-06T07:00:00Z,8559331599
2023-02-06T06:00:00Z,8555047186
2023-02-06T05:00:00Z,8552216001
2023-02-06T04:00:00Z,8593356981
2023-02-06T03:00:00Z,8593526361
2023-02-06T02:00:00Z,8574614008
2023-02-06T01:00:00Z,8576335751
2023-02-06T00:00:00Z,8572143241
2023-02-05T23:00:00Z,8574859690
2023-02-05T22:00:00Z,8557513327
2023-02-05T21:00:00Z,8581795991
2023-02-05T20:00:00Z,8611697299
2023-02-05T19:00:00Z,8607207156
2023-02-05T18:00:00Z,8629093267
2023-02-05T17:00:00Z,8644320480
2023-02-05T16:00:00Z,8644855290
2023-02-05T15:00:00Z,8664267274
2023-02-05T14:00:00Z,8671410118
2023-02-05T13:00:00Z,8665775532
2023-02-05T12:00:00Z,8677802171
2023-02-05T11:00:00Z,8694028717
2023-02-05T10:00:00Z,8694783073
2023-02-05T09:00:00Z,8696811817
2023-02-05T08:00:00Z,8705357378
2023-02-05T07:00:00Z,8704695664
2023-02-05T06:00:00Z,8706339145
2023-02-05T05:00:00Z,8715836600
2023-02-05T04:00:00Z,8715202619
2023-02-05T03:00:00Z,8717818031
2023-02-05T02:00:00Z,8713002091
2023-02-05T01:00:00Z,8711298199
2023-02-05T00:00:00Z,8714312712
2023-02-04T23:00:00Z,8710357324
2023-02-04T22:00:00Z,8711342631
2023-02-04T21:00:00Z,8688895868
2023-02-04T20:00:00Z,8687142873
2023-02-04T19:00:00Z,8686999090
2023-02-04T18:00:00Z,8696416233
2023-02-04T17:00:00Z,8696621841
2023-02-04T16:00:00Z,8700083331
2023-02-04T15:00:00Z,8699573010
2023-02-04T14:00:00Z,8688461241
2023-02-04T13:00:00Z,8709769695
2023-02-04T12:00:00Z,8723641823
2023-02-04T11:00:00Z,null
2023-02-04T10:00:00Z,null
2023-02-04T09:00:00Z,null
2023-02-04T08:00:00Z,null
2023-02-04T07:00:00Z,null
2023-02-04T06:00:00Z,null
2023-02-04T05:00:00Z,null
2023-02-04T04:00:00Z,null
2023-02-04T03:00:00Z,null
2023-02-04T02:00:00Z,null
2023-02-04T01:00:00Z,null
2023-02-04T00:00:00Z,null
2023-02-03T23:00:00Z,null
2023-02-03T22:00:00Z,null
2023-02-03T21:00:00Z,null
2023-02-03T20:00:00Z,null
2023-02-03T19:00:00Z,null
2023-02-03T18:00:00Z,null
2023-02-03T17:00:00Z,null
2023-02-03T16:00:00Z,null
2023-02-03T15:00:00Z,null
2023-02-03T14:00:00Z,null
2023-02-03T13:00:00Z,null
2023-02-03T12:00:00Z,8792643057
2023-02-03T11:00:00Z,8781889633
2023-02-03T10:00:00Z,8782540126
2023-02-03T09:00:00Z,8798504138
2023-02-03T08:00:00Z,8819576415
2023-02-03T07:00:00Z,8823378252
2023-02-03T06:00:00Z,8835968173
2023-02-03T05:00:00Z,8841896121
2023-02-03T04:00:00Z,8845394445
2023-02-03T03:00:00Z,8870649727
2023-02-03T02:00:00Z,8877549901
2023-02-03T01:00:00Z,8880133945
2023-02-03T00:00:00Z,8895330267
2023-02-02T23:00:00Z,8934099082
2023-02-02T22:00:00Z,8921882560
2023-02-02T21:00:00Z,8905054061
2023-02-02T20:00:00Z,8863799788
2023-02-02T19:00:00Z,8851921613
2023-02-02T18:00:00Z,8853541477
2023-02-02T17:00:00Z,8850509572
2023-02-02T16:00:00Z,8839442694
2023-02-02T15:00:00Z,8839881738
2023-02-02T14:00:00Z,8841004952
2023-02-02T13:00:00Z,8868696432
2023-02-02T12:00:00Z,8841598139
2023-02-02T11:00:00Z,8821288140
2023-02-02T10:00:00Z,8844720937
2023-02-02T09:00:00Z,8857017500
2023-02-02T08:00:00Z,8844393731
2023-02-02T07:00:00Z,8856740026
2023-02-02T06:00:00Z,8854055296
2023-02-02T05:00:00Z,8859102358
2023-02-02T04:00:00Z,8856013257
2023-02-02T03:00:00Z,8855646396
2023-02-02T02:00:00Z,8848281400
2023-02-02T01:00:00Z,8876578446
2023-02-02T00:00:00Z,8896529275
2023-02-01T23:00:00Z,8900402668
2023-02-01T22:00:00Z,8876893709
2023-02-01T21:00:00Z,8858650317
2023-02-01T20:00:00Z,8857206363
2023-02-01T19:00:00Z,8872707059
2023-02-01T18:00:00Z,8874935948
2023-02-01T17:00:00Z,8860587706
2023-02-01T16:00:00Z,8876961649
2023-02-01T15:00:00Z,8890866338
2023-02-01T14:00:00Z,8940038971
2023-02-01T13:00:00Z,8992138233
2023-02-01T12:00:00Z,8985342122
2023-02-01T11:00:00Z,8985342122
2023-02-01T10:00:00Z,8970108459
2023-02-01T09:00:00Z,8991836480
2023-02-01T08:00:00Z,8999807600
2023-02-01T07:00:00Z,8999807600
2023-02-01T06:00:00Z,9005287878
2023-02-01T05:00:00Z,9022069797
2023-02-01T04:00:00Z,9013747124
2023-02-01T03:00:00Z,9014010340
2023-02-01T02:00:00Z,9013684744
2023-02-01T01:00:00Z,8999200726
2023-02-01T00:00:00Z,8997083625
2023-01-31T23:00:00Z,8996751323
2023-01-31T22:00:00Z,8997254768
2023-01-31T21:00:00Z,9028239229
2023-01-31T20:00:00Z,9036265514
2023-01-31T19:00:00Z,9038371149
2023-01-31T18:00:00Z,9037220500
2023-01-31T17:00:00Z,9042302698
2023-01-31T16:00:00Z,9037126863
2023-01-31T15:00:00Z,9036839755
2023-01-31T14:00:00Z,9045436503
2023-01-31T13:00:00Z,9073161493
2023-01-31T12:00:00Z,9071303872
2023-01-31T11:00:00Z,9062536968
2023-01-31T10:00:00Z,9063773634
2023-01-31T09:00:00Z,9062519203
2023-01-31T08:00:00Z,9061579710
2023-01-31T07:00:00Z,9092519952
2023-01-31T06:00:00Z,9070793764
2023-01-31T05:00:00Z,9072743842
2023-01-31T04:00:00Z,9072816533
2023-01-31T03:00:00Z,9085236797
2023-01-31T02:00:00Z,9085608006
2023-01-31T01:00:00Z,9126211293
2023-01-31T00:00:00Z,9140128912
2023-01-30T23:00:00Z,9127217596
2023-01-30T22:00:00Z,9138107465
2023-01-30T21:00:00Z,9127186896
2023-01-30T20:00:00Z,9126748023
2023-01-30T19:00:00Z,9086027115
2023-01-30T18:00:00Z,9079670050
2023-01-30T17:00:00Z,9079037242
2023-01-30T16:00:00Z,9064545486
2023-01-30T15:00:00Z,9062330809
2023-01-30T14:00:00Z,9077029721
2023-01-30T13:00:00Z,9071191514
2023-01-30T12:00:00Z,9072069186
2023-01-30T11:00:00Z,9083255547
2023-01-30T10:00:00Z,9077211065
2023-01-30T09:00:00Z,9076610141
2023-01-30T08:00:00Z,9074263036
2023-01-30T07:00:00Z,9105785814
2023-01-30T06:00:00Z,9106613153
2023-01-30T05:00:00Z,9094930243
2023-01-30T04:00:00Z,9097871997
2023-01-30T03:00:00Z,9102377983
2023-01-30T02:00:00Z,9100135571
2023-01-30T01:00:00Z,9088902598
2023-01-30T00:00:00Z,9096415280
2023-01-29T23:00:00Z,9096142921
2023-01-29T22:00:00Z,9094570930
2023-01-29T21:00:00Z,9076496575
2023-01-29T20:00:00Z,9096009145
2023-01-29T19:00:00Z,9107982493
2023-01-29T18:00:00Z,9108642479
2023-01-29T17:00:00Z,9120709688
2023-01-29T16:00:00Z,9130135569
2023-01-29T15:00:00Z,9047563475
2023-01-29T14:00:00Z,9036633946
2023-01-29T13:00:00Z,9003634056
2023-01-29T12:00:00Z,9002754928
2023-01-29T11:00:00Z,8971586271
2023-01-29T10:00:00Z,8958085829
2023-01-29T09:00:00Z,8955126344
2023-01-29T08:00:00Z,8962884607
2023-01-29T07:00:00Z,8973283757
2023-01-29T06:00:00Z,8976847159
2023-01-29T05:00:00Z,8965882382
2023-01-29T04:00:00Z,8968669885
2023-01-29T03:00:00Z,8949174885
2023-01-29T02:00:00Z,8961862465
2023-01-29T01:00:00Z,8959897361
2023-01-29T00:00:00Z,8948521107
2023-01-28T23:00:00Z,8949380511
2023-01-28T22:00:00Z,8949645968
2023-01-28T21:00:00Z,8946220408
2023-01-28T20:00:00Z,8942116105
2023-01-28T19:00:00Z,8942758748
2023-01-28T18:00:00Z,8941319166
2023-01-28T17:00:00Z,8940079781
2023-01-28T16:00:00Z,8954901746
2023-01-28T15:00:00Z,8942662511
2023-01-28T14:00:00Z,8971022640
2023-01-28T13:00:00Z,8971598485
2023-01-28T12:00:00Z,8952757342
2023-01-28T11:00:00Z,8946690851
2023-01-28T10:00:00Z,8934441548
2023-01-28T09:00:00Z,8939987617
2023-01-28T08:00:00Z,8944721046
2023-01-28T07:00:00Z,8944721046
2023-01-28T06:00:00Z,8941958867
2023-01-28T05:00:00Z,8928004537
2023-01-28T04:00:00Z,8956636513
2023-01-28T03:00:00Z,8956114605
2023-01-28T02:00:00Z,8953910724
2023-01-28T01:00:00Z,8952650967
2023-01-28T00:00:00Z,8954206551
2023-01-27T23:00:00Z,8970580328
2023-01-27T22:00:00Z,8966581608
2023-01-27T21:00:00Z,8924000770
2023-01-27T20:00:00Z,8928787313
2023-01-27T19:00:00Z,8918520069
2023-01-27T18:00:00Z,8917936222
2023-01-27T17:00:00Z,8922582637
2023-01-27T16:00:00Z,8917084856
2023-01-27T15:00:00Z,8961619834
2023-01-27T14:00:00Z,8949549361
2023-01-27T13:00:00Z,8950576460
2023-01-27T12:00:00Z,8944098248
2023-01-27T11:00:00Z,8944083203
2023-01-27T10:00:00Z,8944083203
2023-01-27T09:00:00Z,8944083203
2023-01-27T08:00:00Z,null
2023-01-27T07:00:00Z,null
2023-01-27T06:00:00Z,null
2023-01-27T05:00:00Z,null
2023-01-27T04:00:00Z,null
2023-01-27T03:00:00Z,null
2023-01-27T02:00:00Z,null
2023-01-27T01:00:00Z,null
2023-01-27T00:00:00Z,null
2023-01-26T23:00:00Z,null
2023-01-26T22:00:00Z,null
2023-01-26T21:00:00Z,null
2023-01-26T20:00:00Z,null
2023-01-26T19:00:00Z,null
2023-01-26T18:00:00Z,null
2023-01-26T17:00:00Z,null
2023-01-26T16:00:00Z,null
2023-01-26T15:00:00Z,null
2023-01-26T14:00:00Z,null
2023-01-26T13:00:00Z,null
2023-01-26T12:00:00Z,null
2023-01-26T11:00:00Z,null
2023-01-26T10:00:00Z,null
2023-01-26T09:00:00Z,null
2023-01-26T08:00:00Z,null
2023-01-26T07:00:00Z,null
2023-01-26T06:00:00Z,null
2023-01-26T05:00:00Z,null
2023-01-26T04:00:00Z,null
2023-01-26T03:00:00Z,null
2023-01-26T02:00:00Z,null
2023-01-26T01:00:00Z,8950820694
2023-01-26T00:00:00Z,8941634608
2023-01-25T23:00:00Z,8953764210
2023-01-25T22:00:00Z,8988884247
2023-01-25T21:00:00Z,9013703957
2023-01-25T20:00:00Z,9027743998
2023-01-25T19:00:00Z,9036693440
2023-01-25T18:00:00Z,9019398403
2023-01-25T17:00:00Z,9005022268
2023-01-25T16:00:00Z,9005760843
2023-01-25T15:00:00Z,8981156656
2023-01-25T14:00:00Z,8978677362
2023-01-25T13:00:00Z,8981527800
2023-01-25T12:00:00Z,8973857412
2023-01-25T11:00:00Z,8974673095
2023-01-25T10:00:00Z,8968197200
2023-01-25T09:00:00Z,8975962481
2023-01-25T08:00:00Z,8953497574
2023-01-25T07:00:00Z,8939084908
2023-01-25T06:00:00Z,8962236595
2023-01-25T05:00:00Z,8911992540
2023-01-25T04:00:00Z,8925495190
2023-01-25T03:00:00Z,8942774284
2023-01-25T02:00:00Z,8951556224
2023-01-25T01:00:00Z,8959620934
2023-01-25T00:00:00Z,8978058614
2023-01-24T23:00:00Z,8997053682
2023-01-24T22:00:00Z,8981186723
2023-01-24T21:00:00Z,8935791232
2023-01-24T20:00:00Z,8937785007
2023-01-24T19:00:00Z,8920875311
2023-01-24T18:00:00Z,8924677068
2023-01-24T17:00:00Z,8928089784
2023-01-24T16:00:00Z,8934730649
2023-01-24T15:00:00Z,8955944689
2023-01-24T14:00:00Z,8932045015
2023-01-24T13:00:00Z,8933211580
2023-01-24T12:00:00Z,8931004550
2023-01-24T11:00:00Z,8951613879
2023-01-24T10:00:00Z,8931476759
2023-01-24T09:00:00Z,8931884809
2023-01-24T08:00:00Z,8928496534
2023-01-24T07:00:00Z,8927185972
2023-01-24T06:00:00Z,8927762324
2023-01-24T05:00:00Z,8928238416
2023-01-24T04:00:00Z,8930435457
2023-01-24T03:00:00Z,8946820645
2023-01-24T02:00:00Z,8966119502
2023-01-24T01:00:00Z,8966433125
2023-01-24T00:00:00Z,8957961416
2023-01-23T23:00:00Z,8957763226
2023-01-23T22:00:00Z,8970684975
2023-01-23T21:00:00Z,8933689092
2023-01-23T20:00:00Z,8967648254
2023-01-23T19:00:00Z,9006952742
2023-01-23T18:00:00Z,8982781440
2023-01-23T17:00:00Z,8996902693
2023-01-23T16:00:00Z,8997457058
2023-01-23T15:00:00Z,9012462294
2023-01-23T14:00:00Z,9094424247
2023-01-23T13:00:00Z,9104848829
2023-01-23T12:00:00Z,9047097794
2023-01-23T11:00:00Z,9114299600
2023-01-23T10:00:00Z,9113531754
2023-01-23T09:00:00Z,9133393428
2023-01-23T08:00:00Z,9104683314
2023-01-23T07:00:00Z,9098363769
2023-01-23T06:00:00Z,9072369079
2023-01-23T05:00:00Z,9068723442
2023-01-23T04:00:00Z,9061168495
2023-01-23T03:00:00Z,9080158521
2023-01-23T02:00:00Z,9099681803
2023-01-23T01:00:00Z,9102522691
2023-01-23T00:00:00Z,9069957080
2023-01-22T23:00:00Z,9098134872
2023-01-22T22:00:00Z,9115738400
2023-01-22T21:00:00Z,9220275704
2023-01-22T20:00:00Z,9190979013
2023-01-22T19:00:00Z,9115206274
2023-01-22T18:00:00Z,9109826406
2023-01-22T17:00:00Z,9012956025
2023-01-22T16:00:00Z,8994367573
2023-01-22T15:00:00Z,8752661198
2023-01-22T14:00:00Z,8705412632
2023-01-22T13:00:00Z,8688295121
2023-01-22T12:00:00Z,8678482030
2023-01-22T11:00:00Z,8635673894
2023-01-22T10:00:00Z,8627540510
2023-01-22T09:00:00Z,8613075793
2023-01-22T08:00:00Z,8607494446
2023-01-22T07:00:00Z,8577856422
2023-01-22T06:00:00Z,8591880065
2023-01-22T05:00:00Z,8597491637
2023-01-22T04:00:00Z,8592204538
2023-01-22T03:00:00Z,8563285007
2023-01-22T02:00:00Z,8566419112
2023-01-22T01:00:00Z,8563957026
2023-01-22T00:00:00Z,8563213074
2023-01-21T23:00:00Z,8585647338
2023-01-21T22:00:00Z,8562051317
2023-01-21T21:00:00Z,8564139716
2023-01-21T20:00:00Z,8555089986
2023-01-21T19:00:00Z,8558485332
