timestamp,amounts,ibc/BE1BB42D4BE3C30D50B68D7C41DB4DFCE9678E8EF8C539F6E6A9345048894FCC
2023-05-08T02:00:00Z,1352022
2023-05-08T01:00:00Z,1352022
2023-05-08T00:00:00Z,1352022
2023-05-07T23:00:00Z,1352022
2023-05-07T22:00:00Z,1352022
2023-05-07T21:00:00Z,1352022
2023-05-07T20:00:00Z,1352022
2023-05-07T19:00:00Z,1352022
2023-05-07T18:00:00Z,1352022
2023-05-07T17:00:00Z,1352022
2023-05-07T16:00:00Z,1352022
2023-05-07T15:00:00Z,1352022
2023-05-07T14:00:00Z,1352022
2023-05-07T13:00:00Z,1352022
2023-05-07T12:00:00Z,1352022
2023-05-07T11:00:00Z,1352022
2023-05-07T10:00:00Z,1352022
2023-05-07T09:00:00Z,1352022
2023-05-07T08:00:00Z,1352022
2023-05-07T07:00:00Z,1352022
2023-05-07T06:00:00Z,1352024
2023-05-07T05:00:00Z,1352024
2023-05-07T04:00:00Z,1352024
2023-05-07T03:00:00Z,1352024
2023-05-07T02:00:00Z,1352024
2023-05-07T01:00:00Z,1352024
2023-05-07T00:00:00Z,1352024
2023-05-06T23:00:00Z,1352024
2023-05-06T22:00:00Z,1352024
2023-05-06T21:00:00Z,1352024
2023-05-06T20:00:00Z,1352024
2023-05-06T19:00:00Z,1352024
2023-05-06T18:00:00Z,1352024
2023-05-06T17:00:00Z,1352024
2023-05-06T16:00:00Z,1352024
2023-05-06T15:00:00Z,1352024
2023-05-06T14:00:00Z,1352024
2023-05-06T13:00:00Z,1352024
2023-05-06T12:00:00Z,1352024
2023-05-06T11:00:00Z,1352024
2023-05-06T10:00:00Z,1352024
2023-05-06T09:00:00Z,1352024
2023-05-06T08:00:00Z,1352024
2023-05-06T07:00:00Z,1352024
2023-05-06T06:00:00Z,1352024
2023-05-06T05:00:00Z,1352024
2023-05-06T04:00:00Z,1352024
2023-05-06T03:00:00Z,1352024
2023-05-06T02:00:00Z,1352024
2023-05-06T01:00:00Z,1352024
2023-05-06T00:00:00Z,1352024
2023-05-05T23:00:00Z,1352024
2023-05-05T22:00:00Z,1352024
2023-05-05T21:00:00Z,1352024
2023-05-05T20:00:00Z,1352024
2023-05-05T19:00:00Z,1352032
2023-05-05T18:00:00Z,1352032
2023-05-05T17:00:00Z,1352032
2023-05-05T16:00:00Z,1352035
2023-05-05T15:00:00Z,1352035
2023-05-05T14:00:00Z,1352035
2023-05-05T13:00:00Z,1352035
2023-05-05T12:00:00Z,1352035
2023-05-05T11:00:00Z,1352046
2023-05-05T10:00:00Z,1352046
2023-05-05T09:00:00Z,1352046
2023-05-05T08:00:00Z,1352046
2023-05-05T07:00:00Z,1352046
2023-05-05T06:00:00Z,1352046
2023-05-05T05:00:00Z,1352046
2023-05-05T04:00:00Z,1352046
2023-05-05T03:00:00Z,1352046
2023-05-05T02:00:00Z,1352046
2023-05-05T01:00:00Z,1352046
2023-05-05T00:00:00Z,1352046
2023-05-04T23:00:00Z,1352046
2023-05-04T22:00:00Z,1352046
2023-05-04T21:00:00Z,1352046
2023-05-04T20:00:00Z,1352046
2023-05-04T19:00:00Z,1352048
2023-05-04T18:00:00Z,1352048
2023-05-04T17:00:00Z,1352048
2023-05-04T16:00:00Z,1352048
2023-05-04T15:00:00Z,1352048
2023-05-04T14:00:00Z,1352048
2023-05-04T13:00:00Z,1352048
2023-05-04T12:00:00Z,1352048
2023-05-04T11:00:00Z,1352048
2023-05-04T10:00:00Z,1352048
2023-05-04T09:00:00Z,1352048
2023-05-04T08:00:00Z,1352048
2023-05-04T07:00:00Z,1352048
2023-05-04T06:00:00Z,1352048
2023-05-04T05:00:00Z,1352057
2023-05-04T04:00:00Z,1352057
2023-05-04T03:00:00Z,1352059
2023-05-04T02:00:00Z,1354539
2023-05-04T01:00:00Z,1354540
2023-05-04T00:00:00Z,1354540
2023-05-03T23:00:00Z,1354540
2023-05-03T22:00:00Z,1354540
2023-05-03T21:00:00Z,1354540
2023-05-03T20:00:00Z,1354540
2023-05-03T19:00:00Z,1354544
2023-05-03T18:00:00Z,1354544
2023-05-03T17:00:00Z,1354544
2023-05-03T16:00:00Z,1354544
2023-05-03T15:00:00Z,1354544
2023-05-03T14:00:00Z,1354545
2023-05-03T13:00:00Z,1354545
2023-05-03T12:00:00Z,1354545
2023-05-03T11:00:00Z,1354547
2023-05-03T10:00:00Z,1354547
2023-05-03T09:00:00Z,1354547
2023-05-03T08:00:00Z,1354547
2023-05-03T07:00:00Z,1354547
2023-05-03T06:00:00Z,1354547
2023-05-03T05:00:00Z,1354547
2023-05-03T04:00:00Z,1354547
2023-05-03T03:00:00Z,1354547
2023-05-03T02:00:00Z,1354547
2023-05-03T01:00:00Z,1354547
2023-05-03T00:00:00Z,1354547
2023-05-02T23:00:00Z,1354547
2023-05-02T22:00:00Z,1354547
2023-05-02T21:00:00Z,1354547
2023-05-02T20:00:00Z,1354547
2023-05-02T19:00:00Z,1354547
2023-05-02T18:00:00Z,1354547
2023-05-02T17:00:00Z,1354547
2023-05-02T16:00:00Z,1354547
2023-05-02T15:00:00Z,1354547
2023-05-02T14:00:00Z,1354551
2023-05-02T13:00:00Z,1354552
2023-05-02T12:00:00Z,1354552
2023-05-02T11:00:00Z,1354562
2023-05-02T10:00:00Z,1354562
2023-05-02T09:00:00Z,1354562
2023-05-02T08:00:00Z,1354562
2023-05-02T07:00:00Z,1354562
2023-05-02T06:00:00Z,1354562
2023-05-02T05:00:00Z,1354562
2023-05-02T04:00:00Z,1354562
2023-05-02T03:00:00Z,1354562
2023-05-02T02:00:00Z,1354562
2023-05-02T01:00:00Z,1354562
2023-05-02T00:00:00Z,1354562
2023-05-01T23:00:00Z,1354562
2023-05-01T22:00:00Z,1354562
2023-05-01T21:00:00Z,1354562
2023-05-01T20:00:00Z,1354562
2023-05-01T19:00:00Z,1354562
2023-05-01T18:00:00Z,1354562
2023-05-01T17:00:00Z,1354567
2023-05-01T16:00:00Z,1354567
2023-05-01T15:00:00Z,1354567
2023-05-01T14:00:00Z,1354570
2023-05-01T13:00:00Z,1354570
2023-05-01T12:00:00Z,1354570
2023-05-01T11:00:00Z,1354570
2023-05-01T10:00:00Z,1354570
2023-05-01T09:00:00Z,1354570
2023-05-01T08:00:00Z,1354570
2023-05-01T07:00:00Z,1354570
2023-05-01T06:00:00Z,1354570
2023-05-01T05:00:00Z,1354570
2023-05-01T04:00:00Z,1354570
2023-05-01T03:00:00Z,1354570
2023-05-01T02:00:00Z,1354570
2023-05-01T01:00:00Z,1354570
2023-05-01T00:00:00Z,1354570
2023-04-30T23:00:00Z,1354570
2023-04-30T22:00:00Z,1354570
2023-04-30T21:00:00Z,1354570
2023-04-30T20:00:00Z,1354570
2023-04-30T19:00:00Z,1354570
2023-04-30T18:00:00Z,1354596
2023-04-30T17:00:00Z,1354596
2023-04-30T16:00:00Z,1354598
2023-04-30T15:00:00Z,1354598
2023-04-30T14:00:00Z,1354598
2023-04-30T13:00:00Z,1354598
2023-04-30T12:00:00Z,1354598
2023-04-30T11:00:00Z,1354598
2023-04-30T10:00:00Z,1354598
2023-04-30T09:00:00Z,1354598
2023-04-30T08:00:00Z,1354598
2023-04-30T07:00:00Z,1354598
2023-04-30T06:00:00Z,1354598
2023-04-30T05:00:00Z,1354598
2023-04-30T04:00:00Z,1354598
2023-04-30T03:00:00Z,1354598
2023-04-30T02:00:00Z,1354598
2023-04-30T01:00:00Z,1354598
2023-04-30T00:00:00Z,1354598
2023-04-29T23:00:00Z,1354602
2023-04-29T22:00:00Z,1354602
2023-04-29T21:00:00Z,1354602
2023-04-29T20:00:00Z,1354602
2023-04-29T19:00:00Z,1354602
2023-04-29T18:00:00Z,1354602
2023-04-29T17:00:00Z,1354602
2023-04-29T16:00:00Z,1354602
2023-04-29T15:00:00Z,1354602
2023-04-29T14:00:00Z,1354602
2023-04-29T13:00:00Z,1354602
2023-04-29T12:00:00Z,1354602
2023-04-29T11:00:00Z,1354602
2023-04-29T10:00:00Z,1354602
2023-04-29T09:00:00Z,1354602
2023-04-29T08:00:00Z,1354602
2023-04-29T07:00:00Z,1354602
2023-04-29T06:00:00Z,1354602
2023-04-29T05:00:00Z,1354603
2023-04-29T04:00:00Z,1354603
2023-04-29T03:00:00Z,1354603
2023-04-29T02:00:00Z,1354603
2023-04-29T01:00:00Z,1354603
2023-04-29T00:00:00Z,1354603
2023-04-28T23:00:00Z,1354603
2023-04-28T22:00:00Z,1354603
2023-04-28T21:00:00Z,1354603
2023-04-28T20:00:00Z,1354606
2023-04-28T19:00:00Z,1354606
2023-04-28T18:00:00Z,1354607
2023-04-28T17:00:00Z,1354607
2023-04-28T16:00:00Z,1354615
2023-04-28T15:00:00Z,1354615
2023-04-28T14:00:00Z,1354615
2023-04-28T13:00:00Z,1354615
2023-04-28T12:00:00Z,1354615
2023-04-28T11:00:00Z,1354632
2023-04-28T10:00:00Z,1354632
2023-04-28T09:00:00Z,1354632
2023-04-28T08:00:00Z,1354632
2023-04-28T07:00:00Z,1354632
2023-04-28T06:00:00Z,1354632
2023-04-28T05:00:00Z,1354632
2023-04-28T04:00:00Z,1354632
2023-04-28T03:00:00Z,1354632
2023-04-28T02:00:00Z,1354632
2023-04-28T01:00:00Z,1354632
2023-04-28T00:00:00Z,1354632
2023-04-27T23:00:00Z,1354632
2023-04-27T22:00:00Z,1354632
2023-04-27T21:00:00Z,1354632
2023-04-27T20:00:00Z,1354632
2023-04-27T19:00:00Z,1354632
2023-04-27T18:00:00Z,1354632
2023-04-27T17:00:00Z,1354632
2023-04-27T16:00:00Z,1354632
2023-04-27T15:00:00Z,1354632
2023-04-27T14:00:00Z,1354634
2023-04-27T13:00:00Z,1354634
2023-04-27T12:00:00Z,1354634
2023-04-27T11:00:00Z,1354634
2023-04-27T10:00:00Z,1354634
2023-04-27T09:00:00Z,1354634
2023-04-27T08:00:00Z,1354634
2023-04-27T07:00:00Z,1354634
2023-04-27T06:00:00Z,1354634
2023-04-27T05:00:00Z,1354634
2023-04-27T04:00:00Z,1354637
2023-04-27T03:00:00Z,1354637
2023-04-27T02:00:00Z,1354637
2023-04-27T01:00:00Z,1354637
2023-04-27T00:00:00Z,1354637
2023-04-26T23:00:00Z,1354637
2023-04-26T22:00:00Z,1354637
2023-04-26T21:00:00Z,1354641
2023-04-26T20:00:00Z,1354641
2023-04-26T19:00:00Z,1354641
2023-04-26T18:00:00Z,1354641
2023-04-26T17:00:00Z,1354641
2023-04-26T16:00:00Z,1354641
2023-04-26T15:00:00Z,1354641
2023-04-26T14:00:00Z,1354641
2023-04-26T13:00:00Z,1354641
2023-04-26T12:00:00Z,1354642
2023-04-26T11:00:00Z,1354642
2023-04-26T10:00:00Z,1354642
2023-04-26T09:00:00Z,1354642
2023-04-26T08:00:00Z,1354642
2023-04-26T07:00:00Z,1354642
2023-04-26T06:00:00Z,1354642
2023-04-26T05:00:00Z,1354646
2023-04-26T04:00:00Z,1354646
2023-04-26T03:00:00Z,1354646
2023-04-26T02:00:00Z,1354646
2023-04-26T01:00:00Z,1354646
2023-04-26T00:00:00Z,1354646
2023-04-25T23:00:00Z,1354646
2023-04-25T22:00:00Z,1354646
2023-04-25T21:00:00Z,1354646
2023-04-25T20:00:00Z,1354646
2023-04-25T19:00:00Z,1354646
2023-04-25T18:00:00Z,1354647
2023-04-25T17:00:00Z,1354647
2023-04-25T16:00:00Z,1354647
2023-04-25T15:00:00Z,1354647
2023-04-25T14:00:00Z,1354647
2023-04-25T13:00:00Z,1354647
2023-04-25T12:00:00Z,1354660
2023-04-25T11:00:00Z,1354660
2023-04-25T10:00:00Z,1354660
2023-04-25T09:00:00Z,1354660
2023-04-25T08:00:00Z,1354660
2023-04-25T07:00:00Z,1354660
2023-04-25T06:00:00Z,1354660
2023-04-25T05:00:00Z,1354660
2023-04-25T04:00:00Z,1354660
2023-04-25T03:00:00Z,1354660
2023-04-25T02:00:00Z,1354660
2023-04-25T01:00:00Z,1354660
2023-04-25T00:00:00Z,1354660
2023-04-24T23:00:00Z,1354660
2023-04-24T22:00:00Z,1354671
2023-04-24T21:00:00Z,1354671
2023-04-24T20:00:00Z,1354671
2023-04-24T19:00:00Z,1354671
2023-04-24T18:00:00Z,1354671
2023-04-24T17:00:00Z,1354671
2023-04-24T16:00:00Z,1354671
2023-04-24T15:00:00Z,1354671
2023-04-24T14:00:00Z,1354671
2023-04-24T13:00:00Z,1354671
2023-04-24T12:00:00Z,1354672
2023-04-24T11:00:00Z,1354672
2023-04-24T10:00:00Z,1354672
2023-04-24T09:00:00Z,1354672
2023-04-24T08:00:00Z,1354672
2023-04-24T07:00:00Z,1354672
2023-04-24T06:00:00Z,1354672
2023-04-24T05:00:00Z,1354672
2023-04-24T04:00:00Z,1354672
2023-04-24T03:00:00Z,1354672
2023-04-24T02:00:00Z,1354672
2023-04-24T01:00:00Z,1354675
2023-04-24T00:00:00Z,1354675
2023-04-23T23:00:00Z,1354675
2023-04-23T22:00:00Z,1354675
2023-04-23T21:00:00Z,1354675
2023-04-23T20:00:00Z,1354675
2023-04-23T19:00:00Z,1354720
2023-04-23T18:00:00Z,1354720
2023-04-23T17:00:00Z,1354720
2023-04-23T16:00:00Z,1354720
2023-04-23T15:00:00Z,1354720
2023-04-23T14:00:00Z,1354720
2023-04-23T13:00:00Z,1354720
2023-04-23T12:00:00Z,1354720
2023-04-23T11:00:00Z,1354720
2023-04-23T10:00:00Z,1354726
2023-04-23T09:00:00Z,1354726
2023-04-23T08:00:00Z,1354730
2023-04-23T07:00:00Z,1354730
2023-04-23T06:00:00Z,1354732
2023-04-23T05:00:00Z,1354732
2023-04-23T04:00:00Z,1354732
2023-04-23T03:00:00Z,1354732
2023-04-23T02:00:00Z,1354732
2023-04-23T01:00:00Z,1354732
2023-04-23T00:00:00Z,1354732
2023-04-22T23:00:00Z,1354732
2023-04-22T22:00:00Z,1354732
2023-04-22T21:00:00Z,1354732
2023-04-22T20:00:00Z,1354732
2023-04-22T19:00:00Z,1354732
2023-04-22T18:00:00Z,1354736
2023-04-22T17:00:00Z,1354736
2023-04-22T16:00:00Z,1354736
2023-04-22T15:00:00Z,1354736
2023-04-22T14:00:00Z,1354736
2023-04-22T13:00:00Z,1354736
2023-04-22T12:00:00Z,1354736
2023-04-22T11:00:00Z,1354736
2023-04-22T10:00:00Z,1354736
2023-04-22T09:00:00Z,1354736
2023-04-22T08:00:00Z,1354736
2023-04-22T07:00:00Z,1354736
2023-04-22T06:00:00Z,1354736
2023-04-22T05:00:00Z,1354736
2023-04-22T04:00:00Z,1354736
2023-04-22T03:00:00Z,1354738
2023-04-22T02:00:00Z,1354738
2023-04-22T01:00:00Z,1354739
2023-04-22T00:00:00Z,1354739
2023-04-21T23:00:00Z,1354739
2023-04-21T22:00:00Z,1354739
2023-04-21T21:00:00Z,1354748
2023-04-21T20:00:00Z,1354748
2023-04-21T19:00:00Z,1354748
2023-04-21T18:00:00Z,1354748
2023-04-21T17:00:00Z,1354748
2023-04-21T16:00:00Z,1354748
2023-04-21T15:00:00Z,1354748
2023-04-21T14:00:00Z,1354748
2023-04-21T13:00:00Z,1354748
2023-04-21T12:00:00Z,1354748
2023-04-21T11:00:00Z,1354748
2023-04-21T10:00:00Z,1354748
2023-04-21T09:00:00Z,1354748
2023-04-21T08:00:00Z,1354748
2023-04-21T07:00:00Z,1354748
2023-04-21T06:00:00Z,1354748
2023-04-21T05:00:00Z,1354748
2023-04-21T04:00:00Z,1354748
2023-04-21T03:00:00Z,1354748
2023-04-21T02:00:00Z,1354748
2023-04-21T01:00:00Z,1354748
2023-04-21T00:00:00Z,1354748
2023-04-20T23:00:00Z,1354748
2023-04-20T22:00:00Z,1354749
2023-04-20T21:00:00Z,1354749
2023-04-20T20:00:00Z,1354749
2023-04-20T19:00:00Z,1354749
2023-04-20T18:00:00Z,1354749
2023-04-20T17:00:00Z,1354775
2023-04-20T16:00:00Z,1354775
2023-04-20T15:00:00Z,1354775
2023-04-20T14:00:00Z,1354775
2023-04-20T13:00:00Z,1354775
2023-04-20T12:00:00Z,1354775
2023-04-20T11:00:00Z,1354775
2023-04-20T10:00:00Z,1354775
2023-04-20T09:00:00Z,1354775
2023-04-20T08:00:00Z,1354775
2023-04-20T07:00:00Z,1354775
2023-04-20T06:00:00Z,1354783
2023-04-20T05:00:00Z,1354783
2023-04-20T04:00:00Z,1354783
2023-04-20T03:00:00Z,1354783
2023-04-20T02:00:00Z,1354783
2023-04-20T01:00:00Z,1354791
2023-04-20T00:00:00Z,1354791
2023-04-19T23:00:00Z,1354950
2023-04-19T22:00:00Z,1355026
2023-04-19T21:00:00Z,1355026
2023-04-19T20:00:00Z,1355026
2023-04-19T19:00:00Z,null
2023-04-19T18:00:00Z,1355026
2023-04-19T17:00:00Z,1355044
2023-04-19T16:00:00Z,1355044
2023-04-19T15:00:00Z,1355044
2023-04-19T14:00:00Z,1355044
2023-04-19T13:00:00Z,1355044
2023-04-19T12:00:00Z,1355044
2023-04-19T11:00:00Z,1355044
2023-04-19T10:00:00Z,1355044
2023-04-19T09:00:00Z,1355044
2023-04-19T08:00:00Z,1355044
2023-04-19T07:00:00Z,1355044
2023-04-19T06:00:00Z,1355044
2023-04-19T05:00:00Z,1355044
2023-04-19T04:00:00Z,1355044
2023-04-19T03:00:00Z,1355044
2023-04-19T02:00:00Z,1355045
2023-04-19T01:00:00Z,1355045
2023-04-19T00:00:00Z,1355053
2023-04-18T23:00:00Z,1355053
2023-04-18T22:00:00Z,1355053
2023-04-18T21:00:00Z,1355054
2023-04-18T20:00:00Z,1355060
2023-04-18T19:00:00Z,1355060
2023-04-18T18:00:00Z,1355060
2023-04-18T17:00:00Z,1355060
2023-04-18T16:00:00Z,1355060
2023-04-18T15:00:00Z,1355071
2023-04-18T14:00:00Z,1355071
2023-04-18T13:00:00Z,1355271
2023-04-18T12:00:00Z,1355271
2023-04-18T11:00:00Z,1355271
2023-04-18T10:00:00Z,1355271
2023-04-18T09:00:00Z,1355271
2023-04-18T08:00:00Z,1355271
2023-04-18T07:00:00Z,1355271
2023-04-18T06:00:00Z,1355276
2023-04-18T05:00:00Z,1355276
2023-04-18T04:00:00Z,1355276
2023-04-18T03:00:00Z,1355276
2023-04-18T02:00:00Z,1355276
2023-04-18T01:00:00Z,1355276
2023-04-18T00:00:00Z,1355276
2023-04-17T23:00:00Z,1355276
2023-04-17T22:00:00Z,1355276
2023-04-17T21:00:00Z,1355287
2023-04-17T20:00:00Z,1355287
2023-04-17T19:00:00Z,1355287
2023-04-17T18:00:00Z,1355287
2023-04-17T17:00:00Z,1355287
2023-04-17T16:00:00Z,1355287
2023-04-17T15:00:00Z,1355287
2023-04-17T14:00:00Z,1355287
2023-04-17T13:00:00Z,1355287
2023-04-17T12:00:00Z,1355287
2023-04-17T11:00:00Z,1355330
2023-04-17T10:00:00Z,1355330
2023-04-17T09:00:00Z,1355339
2023-04-17T08:00:00Z,1355339
2023-04-17T07:00:00Z,1355342
2023-04-17T06:00:00Z,1355342
2023-04-17T05:00:00Z,1355352
2023-04-17T04:00:00Z,1355352
2023-04-17T03:00:00Z,1355352
2023-04-17T02:00:00Z,1355352
2023-04-17T01:00:00Z,1355352
2023-04-17T00:00:00Z,1355352
2023-04-16T23:00:00Z,1355352
2023-04-16T22:00:00Z,1355352
2023-04-16T21:00:00Z,1355352
2023-04-16T20:00:00Z,1355352
2023-04-16T19:00:00Z,1355352
2023-04-16T18:00:00Z,1355352
2023-04-16T17:00:00Z,1355352
2023-04-16T16:00:00Z,1355352
2023-04-16T15:00:00Z,1355352
2023-04-16T14:00:00Z,1355352
2023-04-16T13:00:00Z,1355352
2023-04-16T12:00:00Z,1355352
2023-04-16T11:00:00Z,1355352
2023-04-16T10:00:00Z,1355352
2023-04-16T09:00:00Z,1355352
2023-04-16T08:00:00Z,1355352
2023-04-16T07:00:00Z,1355352
2023-04-16T06:00:00Z,1355352
2023-04-16T05:00:00Z,1355352
2023-04-16T04:00:00Z,1355352
2023-04-16T03:00:00Z,1355352
2023-04-16T02:00:00Z,1355352
2023-04-16T01:00:00Z,1355352
2023-04-16T00:00:00Z,1355352
2023-04-15T23:00:00Z,1355352
2023-04-15T22:00:00Z,1355352
2023-04-15T21:00:00Z,1355352
2023-04-15T20:00:00Z,1355528
2023-04-15T19:00:00Z,1355538
2023-04-15T18:00:00Z,1355538
2023-04-15T17:00:00Z,1355538
2023-04-15T16:00:00Z,1355545
2023-04-15T15:00:00Z,1355545
2023-04-15T14:00:00Z,1355545
2023-04-15T13:00:00Z,1355545
2023-04-15T12:00:00Z,1355545
2023-04-15T11:00:00Z,1355549
2023-04-15T10:00:00Z,1355549
2023-04-15T09:00:00Z,1355553
2023-04-15T08:00:00Z,1355553
2023-04-15T07:00:00Z,1355574
2023-04-15T06:00:00Z,1355596
2023-04-15T05:00:00Z,1355596
2023-04-15T04:00:00Z,1355596
2023-04-15T03:00:00Z,1355596
2023-04-15T02:00:00Z,1355596
2023-04-15T01:00:00Z,1355596
2023-04-15T00:00:00Z,1355596
2023-04-14T23:00:00Z,1355597
2023-04-14T22:00:00Z,1355597
2023-04-14T21:00:00Z,1355597
2023-04-14T20:00:00Z,1355597
2023-04-14T19:00:00Z,1355597
2023-04-14T18:00:00Z,1355597
2023-04-14T17:00:00Z,1355603
2023-04-14T16:00:00Z,1355603
2023-04-14T15:00:00Z,1355603
2023-04-14T14:00:00Z,1355603
2023-04-14T13:00:00Z,1355603
2023-04-14T12:00:00Z,1355603
2023-04-14T11:00:00Z,1355603
2023-04-14T10:00:00Z,1355603
2023-04-14T09:00:00Z,1355604
2023-04-14T08:00:00Z,1355605
2023-04-14T07:00:00Z,1355605
2023-04-14T06:00:00Z,1355605
2023-04-14T05:00:00Z,1355605
2023-04-14T04:00:00Z,1355605
2023-04-14T03:00:00Z,1355612
2023-04-14T02:00:00Z,1355612
2023-04-14T01:00:00Z,1355612
2023-04-14T00:00:00Z,1355612
2023-04-13T23:00:00Z,1355615
2023-04-13T22:00:00Z,1355615
2023-04-13T21:00:00Z,1355615
2023-04-13T20:00:00Z,1355615
2023-04-13T19:00:00Z,1355621
2023-04-13T18:00:00Z,1355625
2023-04-13T17:00:00Z,1355625
2023-04-13T16:00:00Z,1355634
2023-04-13T15:00:00Z,1355646
2023-04-13T14:00:00Z,1355646
2023-04-13T13:00:00Z,1355646
2023-04-13T12:00:00Z,1355646
2023-04-13T11:00:00Z,1355649
2023-04-13T10:00:00Z,1355651
2023-04-13T09:00:00Z,1355654
2023-04-13T08:00:00Z,1355654
2023-04-13T07:00:00Z,1355654
2023-04-13T06:00:00Z,1355654
2023-04-13T05:00:00Z,1355654
2023-04-13T04:00:00Z,1355654
2023-04-13T03:00:00Z,1355654
2023-04-13T02:00:00Z,1355654
2023-04-13T01:00:00Z,1355654
2023-04-13T00:00:00Z,1355866
2023-04-12T23:00:00Z,1355866
2023-04-12T22:00:00Z,1355866
2023-04-12T21:00:00Z,1355866
2023-04-12T20:00:00Z,1355959
2023-04-12T19:00:00Z,1355959
2023-04-12T18:00:00Z,1355959
2023-04-12T17:00:00Z,1355959
2023-04-12T16:00:00Z,1355959
2023-04-12T15:00:00Z,1355959
2023-04-12T14:00:00Z,1355967
2023-04-12T13:00:00Z,1355967
2023-04-12T12:00:00Z,1355967
2023-04-12T11:00:00Z,1355967
2023-04-12T10:00:00Z,1355967
2023-04-12T09:00:00Z,1355967
2023-04-12T08:00:00Z,1355967
2023-04-12T07:00:00Z,1355967
2023-04-12T06:00:00Z,1355967
2023-04-12T05:00:00Z,1355967
2023-04-12T04:00:00Z,1355967
2023-04-12T03:00:00Z,1355968
2023-04-12T02:00:00Z,1355976
2023-04-12T01:00:00Z,1355976
2023-04-12T00:00:00Z,1355976
2023-04-11T23:00:00Z,1355976
2023-04-11T22:00:00Z,1355976
2023-04-11T21:00:00Z,1355976
2023-04-11T20:00:00Z,1355976
2023-04-11T19:00:00Z,1355976
2023-04-11T18:00:00Z,1355976
2023-04-11T17:00:00Z,1355976
2023-04-11T16:00:00Z,1355976
2023-04-11T15:00:00Z,1356011
2023-04-11T14:00:00Z,1356011
2023-04-11T13:00:00Z,1356011
2023-04-11T12:00:00Z,1356011
2023-04-11T11:00:00Z,1356011
2023-04-11T10:00:00Z,1356011
2023-04-11T09:00:00Z,1356011
2023-04-11T08:00:00Z,1356011
2023-04-11T07:00:00Z,1356011
2023-04-11T06:00:00Z,1356011
2023-04-11T05:00:00Z,1356011
2023-04-11T04:00:00Z,1356011
2023-04-11T03:00:00Z,1356011
2023-04-11T02:00:00Z,1356011
2023-04-11T01:00:00Z,1356011
2023-04-11T00:00:00Z,1356011
2023-04-10T23:00:00Z,1356011
2023-04-10T22:00:00Z,1356011
2023-04-10T21:00:00Z,1356011
2023-04-10T20:00:00Z,1356021
2023-04-10T19:00:00Z,1356021
2023-04-10T18:00:00Z,1356021
2023-04-10T17:00:00Z,1356021
2023-04-10T16:00:00Z,1356021
2023-04-10T15:00:00Z,1356021
2023-04-10T14:00:00Z,1356021
2023-04-10T13:00:00Z,1356021
2023-04-10T12:00:00Z,1356021
2023-04-10T11:00:00Z,1356021
2023-04-10T10:00:00Z,1356021
2023-04-10T09:00:00Z,1356021
2023-04-10T08:00:00Z,1356021
2023-04-10T07:00:00Z,1356021
2023-04-10T06:00:00Z,1356021
2023-04-10T05:00:00Z,1356021
2023-04-10T04:00:00Z,1356021
2023-04-10T03:00:00Z,1356021
2023-04-10T02:00:00Z,1356021
2023-04-10T01:00:00Z,1356021
2023-04-10T00:00:00Z,1356021
2023-04-09T23:00:00Z,1356021
2023-04-09T22:00:00Z,1356104
2023-04-09T21:00:00Z,1356104
2023-04-09T20:00:00Z,1356111
2023-04-09T19:00:00Z,1356111
2023-04-09T18:00:00Z,1356111
2023-04-09T17:00:00Z,1356111
2023-04-09T16:00:00Z,1356119
2023-04-09T15:00:00Z,1356119
2023-04-09T14:00:00Z,1356119
2023-04-09T13:00:00Z,1356119
2023-04-09T12:00:00Z,1356119
2023-04-09T11:00:00Z,1356119
2023-04-09T10:00:00Z,1356119
2023-04-09T09:00:00Z,1356119
2023-04-09T08:00:00Z,1356119
2023-04-09T07:00:00Z,1356119
2023-04-09T06:00:00Z,1356119
2023-04-09T05:00:00Z,1356119
2023-04-09T04:00:00Z,1356119
2023-04-09T03:00:00Z,1356119
2023-04-09T02:00:00Z,1356136
2023-04-09T01:00:00Z,1356139
2023-04-09T00:00:00Z,1357888
2023-04-08T23:00:00Z,1357888
2023-04-08T22:00:00Z,1357888
2023-04-08T21:00:00Z,1357888
2023-04-08T20:00:00Z,1357888
2023-04-08T19:00:00Z,1357888
2023-04-08T18:00:00Z,1357888
2023-04-08T17:00:00Z,1357888
2023-04-08T16:00:00Z,1357888
2023-04-08T15:00:00Z,1357888
2023-04-08T14:00:00Z,1357888
2023-04-08T13:00:00Z,1357888
2023-04-08T12:00:00Z,1357888
2023-04-08T11:00:00Z,1357888
2023-04-08T10:00:00Z,1357888
2023-04-08T09:00:00Z,1357888
2023-04-08T08:00:00Z,1357888
2023-04-08T07:00:00Z,1357888
2023-04-08T06:00:00Z,1357888
2023-04-08T05:00:00Z,1357888
2023-04-08T04:00:00Z,1357888
2023-04-08T03:00:00Z,1357888
2023-04-08T02:00:00Z,1357888
2023-04-08T01:00:00Z,1357897
2023-04-08T00:00:00Z,1357897
2023-04-07T23:00:00Z,1357897
2023-04-07T22:00:00Z,1357897
2023-04-07T21:00:00Z,1357902
2023-04-07T20:00:00Z,1357902
2023-04-07T19:00:00Z,1357902
2023-04-07T18:00:00Z,1357902
2023-04-07T17:00:00Z,1357902
2023-04-07T16:00:00Z,1357902
2023-04-07T15:00:00Z,1357902
2023-04-07T14:00:00Z,1357902
2023-04-07T13:00:00Z,1357902
2023-04-07T12:00:00Z,1357902
2023-04-07T11:00:00Z,1357902
2023-04-07T10:00:00Z,1357902
2023-04-07T09:00:00Z,1357902
2023-04-07T08:00:00Z,1357902
2023-04-07T07:00:00Z,1357902
2023-04-07T06:00:00Z,1357902
2023-04-07T05:00:00Z,1357902
2023-04-07T04:00:00Z,1357902
2023-04-07T03:00:00Z,1357902
2023-04-07T02:00:00Z,1357902
2023-04-07T01:00:00Z,1357902
2023-04-07T00:00:00Z,1357902
2023-04-06T23:00:00Z,1357902
2023-04-06T22:00:00Z,1357902
2023-04-06T21:00:00Z,1357902
2023-04-06T20:00:00Z,1357902
2023-04-06T19:00:00Z,1357902
2023-04-06T18:00:00Z,1357902
2023-04-06T17:00:00Z,1357902
2023-04-06T16:00:00Z,1357902
2023-04-06T15:00:00Z,1357902
2023-04-06T14:00:00Z,1357902
2023-04-06T13:00:00Z,1357902
2023-04-06T12:00:00Z,1357902
2023-04-06T11:00:00Z,1357902
2023-04-06T10:00:00Z,1357902
2023-04-06T09:00:00Z,1357902
2023-04-06T08:00:00Z,1357902
2023-04-06T07:00:00Z,1357902
2023-04-06T06:00:00Z,1357902
2023-04-06T05:00:00Z,1357902
2023-04-06T04:00:00Z,1357915
2023-04-06T03:00:00Z,1357915
2023-04-06T02:00:00Z,1357915
2023-04-06T01:00:00Z,1357915
2023-04-06T00:00:00Z,1357915
2023-04-05T23:00:00Z,1357915
2023-04-05T22:00:00Z,1357915
2023-04-05T21:00:00Z,1357915
2023-04-05T20:00:00Z,1357915
2023-04-05T19:00:00Z,1357915
2023-04-05T18:00:00Z,1357915
2023-04-05T17:00:00Z,1357915
2023-04-05T16:00:00Z,1357915
2023-04-05T15:00:00Z,1357915
2023-04-05T14:00:00Z,1357917
2023-04-05T13:00:00Z,1358033
2023-04-05T12:00:00Z,1358033
2023-04-05T11:00:00Z,1358033
2023-04-05T10:00:00Z,1358033
2023-04-05T09:00:00Z,1358033
2023-04-05T08:00:00Z,1358033
2023-04-05T07:00:00Z,1358033
2023-04-05T06:00:00Z,1358033
2023-04-05T05:00:00Z,1358033
2023-04-05T04:00:00Z,1358033
2023-04-05T03:00:00Z,1358033
2023-04-05T02:00:00Z,1358033
2023-04-05T01:00:00Z,1358033
2023-04-05T00:00:00Z,1358033
2023-04-04T23:00:00Z,1358037
2023-04-04T22:00:00Z,1358037
2023-04-04T21:00:00Z,1358037
2023-04-04T20:00:00Z,1358037
2023-04-04T19:00:00Z,1358037
2023-04-04T18:00:00Z,1358044
2023-04-04T17:00:00Z,1358050
2023-04-04T16:00:00Z,1358050
2023-04-04T15:00:00Z,1358050
2023-04-04T14:00:00Z,1358050
2023-04-04T13:00:00Z,1358050
2023-04-04T12:00:00Z,1358050
2023-04-04T11:00:00Z,1358050
2023-04-04T10:00:00Z,1358050
2023-04-04T09:00:00Z,1358050
2023-04-04T08:00:00Z,1358050
2023-04-04T07:00:00Z,1358052
2023-04-04T06:00:00Z,1358052
2023-04-04T05:00:00Z,1358052
2023-04-04T04:00:00Z,1358052
2023-04-04T03:00:00Z,1358052
2023-04-04T02:00:00Z,1358052
2023-04-04T01:00:00Z,1358052
2023-04-04T00:00:00Z,1358052
2023-04-03T23:00:00Z,1358052
2023-04-03T22:00:00Z,1358052
2023-04-03T21:00:00Z,1358052
2023-04-03T20:00:00Z,1358052
2023-04-03T19:00:00Z,1358052
2023-04-03T18:00:00Z,1358052
2023-04-03T17:00:00Z,1358052
2023-04-03T16:00:00Z,1358052
2023-04-03T15:00:00Z,1358052
2023-04-03T14:00:00Z,1358052
2023-04-03T13:00:00Z,1358052
2023-04-03T12:00:00Z,1358052
2023-04-03T11:00:00Z,1358052
2023-04-03T10:00:00Z,1358052
2023-04-03T09:00:00Z,1358052
2023-04-03T08:00:00Z,1358052
2023-04-03T07:00:00Z,1358052
2023-04-03T06:00:00Z,1358052
2023-04-03T05:00:00Z,1358052
2023-04-03T04:00:00Z,1358052
2023-04-03T03:00:00Z,1358052
2023-04-03T02:00:00Z,1358052
2023-04-03T01:00:00Z,1358088
2023-04-03T00:00:00Z,1358097
2023-04-02T23:00:00Z,1358097
2023-04-02T22:00:00Z,1358097
2023-04-02T21:00:00Z,1358097
2023-04-02T20:00:00Z,1358097
2023-04-02T19:00:00Z,1358103
2023-04-02T18:00:00Z,1358105
2023-04-02T17:00:00Z,1358105
2023-04-02T16:00:00Z,1358106
2023-04-02T15:00:00Z,1358106
2023-04-02T14:00:00Z,1358106
2023-04-02T13:00:00Z,1358122
2023-04-02T12:00:00Z,1358122
2023-04-02T11:00:00Z,1358122
2023-04-02T10:00:00Z,1358156
2023-04-02T09:00:00Z,1358156
2023-04-02T08:00:00Z,1358156
2023-04-02T07:00:00Z,1358156
2023-04-02T06:00:00Z,1358156
2023-04-02T05:00:00Z,1358156
2023-04-02T04:00:00Z,1358156
2023-04-02T03:00:00Z,1358156
2023-04-02T02:00:00Z,1358156
2023-04-02T01:00:00Z,1358182
2023-04-02T00:00:00Z,1358182
2023-04-01T23:00:00Z,1358182
2023-04-01T22:00:00Z,1358186
2023-04-01T21:00:00Z,1358186
2023-04-01T20:00:00Z,1358187
2023-04-01T19:00:00Z,1358187
2023-04-01T18:00:00Z,1358187
2023-04-01T17:00:00Z,1358187
2023-04-01T16:00:00Z,1358187
2023-04-01T15:00:00Z,1358188
2023-04-01T14:00:00Z,1358188
2023-04-01T13:00:00Z,1358188
2023-04-01T12:00:00Z,1358188
2023-04-01T11:00:00Z,1358188
2023-04-01T10:00:00Z,1358188
2023-04-01T09:00:00Z,1358189
2023-04-01T08:00:00Z,1358189
2023-04-01T07:00:00Z,1358189
2023-04-01T06:00:00Z,1358189
2023-04-01T05:00:00Z,1358189
2023-04-01T04:00:00Z,1358189
2023-04-01T03:00:00Z,1358190
2023-04-01T02:00:00Z,1358190
2023-04-01T01:00:00Z,1358190
2023-04-01T00:00:00Z,1358190
2023-03-31T23:00:00Z,1358190
2023-03-31T22:00:00Z,1358193
2023-03-31T21:00:00Z,1358193
2023-03-31T20:00:00Z,1358193
2023-03-31T19:00:00Z,1358193
2023-03-31T18:00:00Z,1358193
2023-03-31T17:00:00Z,1358193
2023-03-31T16:00:00Z,1358195
2023-03-31T15:00:00Z,1358195
2023-03-31T14:00:00Z,1358195
2023-03-31T13:00:00Z,1358198
2023-03-31T12:00:00Z,1358198
2023-03-31T11:00:00Z,1358198
2023-03-31T10:00:00Z,1358208
2023-03-31T09:00:00Z,1358208
2023-03-31T08:00:00Z,1358208
2023-03-31T07:00:00Z,1358208
2023-03-31T06:00:00Z,1358210
2023-03-31T05:00:00Z,1358210
2023-03-31T04:00:00Z,1358210
2023-03-31T03:00:00Z,1358212
2023-03-31T02:00:00Z,1358212
2023-03-31T01:00:00Z,1358212
2023-03-31T00:00:00Z,1358212
2023-03-30T23:00:00Z,1358212
2023-03-30T22:00:00Z,1358212
2023-03-30T21:00:00Z,1358212
2023-03-30T20:00:00Z,1358212
2023-03-30T19:00:00Z,1358212
2023-03-30T18:00:00Z,1358212
2023-03-30T17:00:00Z,1358212
2023-03-30T16:00:00Z,1358212
2023-03-30T15:00:00Z,1358234
2023-03-30T14:00:00Z,1358234
2023-03-30T13:00:00Z,1358234
2023-03-30T12:00:00Z,1358244
2023-03-30T11:00:00Z,1358244
2023-03-30T10:00:00Z,1358244
2023-03-30T09:00:00Z,1358244
2023-03-30T08:00:00Z,1358244
2023-03-30T07:00:00Z,1358244
2023-03-30T06:00:00Z,1358244
2023-03-30T05:00:00Z,1358244
2023-03-30T04:00:00Z,1358244
2023-03-30T03:00:00Z,1358244
2023-03-30T02:00:00Z,1358244
2023-03-30T01:00:00Z,null
2023-03-30T00:00:00Z,null
2023-03-29T23:00:00Z,null
2023-03-29T22:00:00Z,null
2023-03-29T21:00:00Z,null
2023-03-29T20:00:00Z,null
2023-03-29T19:00:00Z,null
2023-03-29T18:00:00Z,1358245
2023-03-29T17:00:00Z,1358250
2023-03-29T16:00:00Z,1358250
2023-03-29T15:00:00Z,1358255
2023-03-29T14:00:00Z,1358258
2023-03-29T13:00:00Z,1358258
2023-03-29T12:00:00Z,1358260
2023-03-29T11:00:00Z,1358260
2023-03-29T10:00:00Z,1358260
2023-03-29T09:00:00Z,1358374
2023-03-29T08:00:00Z,1358375
2023-03-29T07:00:00Z,1358375
2023-03-29T06:00:00Z,1358375
2023-03-29T05:00:00Z,1358375
2023-03-29T04:00:00Z,1358375
2023-03-29T03:00:00Z,1358386
2023-03-29T02:00:00Z,1358386
2023-03-29T01:00:00Z,1358386
2023-03-29T00:00:00Z,1358386
2023-03-28T23:00:00Z,1358386
2023-03-28T22:00:00Z,1358386
2023-03-28T21:00:00Z,1358386
2023-03-28T20:00:00Z,1358390
2023-03-28T19:00:00Z,1358393
2023-03-28T18:00:00Z,1358393
2023-03-28T17:00:00Z,1358393
2023-03-28T16:00:00Z,1358393
2023-03-28T15:00:00Z,1358393
2023-03-28T14:00:00Z,1358398
2023-03-28T13:00:00Z,1358398
2023-03-28T12:00:00Z,1358398
2023-03-28T11:00:00Z,1358404
2023-03-28T10:00:00Z,1358404
2023-03-28T09:00:00Z,1358406
2023-03-28T08:00:00Z,1358406
2023-03-28T07:00:00Z,1358406
2023-03-28T06:00:00Z,1358406
2023-03-28T05:00:00Z,1358422
2023-03-28T04:00:00Z,1358422
2023-03-28T03:00:00Z,1358422
2023-03-28T02:00:00Z,1358422
2023-03-28T01:00:00Z,1358422
2023-03-28T00:00:00Z,1358422
2023-03-27T23:00:00Z,1358422
2023-03-27T22:00:00Z,1358422
2023-03-27T21:00:00Z,1358422
2023-03-27T20:00:00Z,1358422
2023-03-27T19:00:00Z,1358422
2023-03-27T18:00:00Z,1358422
2023-03-27T17:00:00Z,1358422
2023-03-27T16:00:00Z,1358422
2023-03-27T15:00:00Z,1358423
2023-03-27T14:00:00Z,1358423
2023-03-27T13:00:00Z,1358425
2023-03-27T12:00:00Z,1358425
2023-03-27T11:00:00Z,1358425
2023-03-27T10:00:00Z,1358425
2023-03-27T09:00:00Z,1358425
2023-03-27T08:00:00Z,1358425
2023-03-27T07:00:00Z,1358425
2023-03-27T06:00:00Z,1358426
2023-03-27T05:00:00Z,1358426
2023-03-27T04:00:00Z,1358448
2023-03-27T03:00:00Z,1358448
2023-03-27T02:00:00Z,1358448
2023-03-27T01:00:00Z,1358448
2023-03-27T00:00:00Z,1358448
2023-03-26T23:00:00Z,1358448
2023-03-26T22:00:00Z,1358485
2023-03-26T21:00:00Z,1358485
2023-03-26T20:00:00Z,1358485
2023-03-26T19:00:00Z,1358485
2023-03-26T18:00:00Z,1358485
2023-03-26T17:00:00Z,1358485
2023-03-26T16:00:00Z,1358485
2023-03-26T15:00:00Z,1358485
2023-03-26T14:00:00Z,1358492
2023-03-26T13:00:00Z,1358492
2023-03-26T12:00:00Z,1358492
2023-03-26T11:00:00Z,1358492
2023-03-26T10:00:00Z,1358492
2023-03-26T09:00:00Z,1358492
2023-03-26T08:00:00Z,1358492
2023-03-26T07:00:00Z,1358492
2023-03-26T06:00:00Z,1358493
2023-03-26T05:00:00Z,1358493
2023-03-26T04:00:00Z,1358493
2023-03-26T03:00:00Z,1358496
2023-03-26T02:00:00Z,1358503
2023-03-26T01:00:00Z,1358506
2023-03-26T00:00:00Z,1358506
2023-03-25T23:00:00Z,1358506
2023-03-25T22:00:00Z,1358506
2023-03-25T21:00:00Z,1358506
2023-03-25T20:00:00Z,1358506
2023-03-25T19:00:00Z,1358506
2023-03-25T18:00:00Z,1358506
2023-03-25T17:00:00Z,1358506
2023-03-25T16:00:00Z,1358506
2023-03-25T15:00:00Z,1358506
2023-03-25T14:00:00Z,1358506
2023-03-25T13:00:00Z,1358507
2023-03-25T12:00:00Z,1358507
2023-03-25T11:00:00Z,1358507
2023-03-25T10:00:00Z,1358507
2023-03-25T09:00:00Z,1358508
2023-03-25T08:00:00Z,1358508
2023-03-25T07:00:00Z,1358508
2023-03-25T06:00:00Z,1358508
2023-03-25T05:00:00Z,1358510
2023-03-25T04:00:00Z,1358510
2023-03-25T03:00:00Z,1358516
2023-03-25T02:00:00Z,1358516
2023-03-25T01:00:00Z,1358516
2023-03-25T00:00:00Z,1358516
2023-03-24T23:00:00Z,1358516
2023-03-24T22:00:00Z,1358516
2023-03-24T21:00:00Z,1358516
2023-03-24T20:00:00Z,1358516
2023-03-24T19:00:00Z,1358516
2023-03-24T18:00:00Z,1358516
2023-03-24T17:00:00Z,null
2023-03-24T16:00:00Z,1358521
2023-03-24T15:00:00Z,1358521
2023-03-24T14:00:00Z,1358521
2023-03-24T13:00:00Z,1358521
2023-03-24T12:00:00Z,1358528
2023-03-24T11:00:00Z,1358528
2023-03-24T10:00:00Z,1358528
2023-03-24T09:00:00Z,1358528
2023-03-24T08:00:00Z,1358528
2023-03-24T07:00:00Z,1358528
2023-03-24T06:00:00Z,1358528
2023-03-24T05:00:00Z,1358528
2023-03-24T04:00:00Z,1358528
2023-03-24T03:00:00Z,1358528
2023-03-24T02:00:00Z,1358528
2023-03-24T01:00:00Z,1358528
2023-03-24T00:00:00Z,1358533
2023-03-23T23:00:00Z,1358533
2023-03-23T22:00:00Z,1358533
2023-03-23T21:00:00Z,1358539
2023-03-23T20:00:00Z,1358539
2023-03-23T19:00:00Z,1358560
2023-03-23T18:00:00Z,1358561
2023-03-23T17:00:00Z,1358561
2023-03-23T16:00:00Z,1358561
2023-03-23T15:00:00Z,1358561
2023-03-23T14:00:00Z,1358561
2023-03-23T13:00:00Z,1358561
2023-03-23T12:00:00Z,1358561
2023-03-23T11:00:00Z,1358561
2023-03-23T10:00:00Z,1358561
2023-03-23T09:00:00Z,1358561
2023-03-23T08:00:00Z,1358561
2023-03-23T07:00:00Z,1358561
2023-03-23T06:00:00Z,1358561
2023-03-23T05:00:00Z,1358561
2023-03-23T04:00:00Z,1358561
2023-03-23T03:00:00Z,1358561
2023-03-23T02:00:00Z,1358561
2023-03-23T01:00:00Z,1358561
2023-03-23T00:00:00Z,1358561
2023-03-22T23:00:00Z,1358561
2023-03-22T22:00:00Z,1358561
2023-03-22T21:00:00Z,1358561
2023-03-22T20:00:00Z,1358561
2023-03-22T19:00:00Z,1358561
2023-03-22T18:00:00Z,1358561
2023-03-22T17:00:00Z,1358569
2023-03-22T16:00:00Z,1358569
2023-03-22T15:00:00Z,1358569
2023-03-22T14:00:00Z,1358569
2023-03-22T13:00:00Z,1358569
2023-03-22T12:00:00Z,1358572
2023-03-22T11:00:00Z,1358572
2023-03-22T10:00:00Z,1358574
2023-03-22T09:00:00Z,1358574
2023-03-22T08:00:00Z,1358574
2023-03-22T07:00:00Z,1358574
2023-03-22T06:00:00Z,1358574
2023-03-22T05:00:00Z,1358574
2023-03-22T04:00:00Z,1358574
2023-03-22T03:00:00Z,1358574
2023-03-22T02:00:00Z,1358574
2023-03-22T01:00:00Z,1358574
2023-03-22T00:00:00Z,1358574
2023-03-21T23:00:00Z,1358574
2023-03-21T22:00:00Z,1358586
2023-03-21T21:00:00Z,1358586
2023-03-21T20:00:00Z,1358595
2023-03-21T19:00:00Z,1358595
2023-03-21T18:00:00Z,1358595
2023-03-21T17:00:00Z,1358595
2023-03-21T16:00:00Z,1358595
2023-03-21T15:00:00Z,1358595
2023-03-21T14:00:00Z,1358595
2023-03-21T13:00:00Z,1358595
2023-03-21T12:00:00Z,1358595
2023-03-21T11:00:00Z,1358595
2023-03-21T10:00:00Z,1358595
2023-03-21T09:00:00Z,1358595
2023-03-21T08:00:00Z,1370952
2023-03-21T07:00:00Z,1370952
2023-03-21T06:00:00Z,1370952
2023-03-21T05:00:00Z,1370952
2023-03-21T04:00:00Z,1370952
2023-03-21T03:00:00Z,1370973
2023-03-21T02:00:00Z,1370973
2023-03-21T01:00:00Z,1370973
2023-03-21T00:00:00Z,1370974
2023-03-20T23:00:00Z,1370974
2023-03-20T22:00:00Z,1370974
2023-03-20T21:00:00Z,1370974
2023-03-20T20:00:00Z,1370974
2023-03-20T19:00:00Z,1370979
2023-03-20T18:00:00Z,1370979
2023-03-20T17:00:00Z,1370979
2023-03-20T16:00:00Z,1370979
2023-03-20T15:00:00Z,1370989
2023-03-20T14:00:00Z,1370995
2023-03-20T13:00:00Z,1370995
2023-03-20T12:00:00Z,1370995
2023-03-20T11:00:00Z,1370995
2023-03-20T10:00:00Z,1370995
2023-03-20T09:00:00Z,1370995
2023-03-20T08:00:00Z,1371030
2023-03-20T07:00:00Z,1371030
2023-03-20T06:00:00Z,1371180
2023-03-20T05:00:00Z,1371180
2023-03-20T04:00:00Z,1371180
2023-03-20T03:00:00Z,1371180
2023-03-20T02:00:00Z,1371180
2023-03-20T01:00:00Z,1371182
2023-03-20T00:00:00Z,1371240
2023-03-19T23:00:00Z,1371240
2023-03-19T22:00:00Z,1371240
2023-03-19T21:00:00Z,1371246
2023-03-19T20:00:00Z,1371246
2023-03-19T19:00:00Z,1371246
2023-03-19T18:00:00Z,1371246
2023-03-19T17:00:00Z,1371246
2023-03-19T16:00:00Z,1371246
2023-03-19T15:00:00Z,1371246
2023-03-19T14:00:00Z,1371246
2023-03-19T13:00:00Z,1371248
2023-03-19T12:00:00Z,1371248
2023-03-19T11:00:00Z,1371253
2023-03-19T10:00:00Z,1371253
2023-03-19T09:00:00Z,1371253
2023-03-19T08:00:00Z,1371253
2023-03-19T07:00:00Z,1371253
2023-03-19T06:00:00Z,1371253
2023-03-19T05:00:00Z,1371253
2023-03-19T04:00:00Z,1371253
2023-03-19T03:00:00Z,1371253
2023-03-19T02:00:00Z,1371253
2023-03-19T01:00:00Z,1371253
2023-03-19T00:00:00Z,1371254
2023-03-18T23:00:00Z,1371254
2023-03-18T22:00:00Z,1371254
2023-03-18T21:00:00Z,1371259
2023-03-18T20:00:00Z,1371259
2023-03-18T19:00:00Z,1371259
2023-03-18T18:00:00Z,1371260
2023-03-18T17:00:00Z,1371260
2023-03-18T16:00:00Z,1371260
2023-03-18T15:00:00Z,1371260
2023-03-18T14:00:00Z,1371269
2023-03-18T13:00:00Z,1371269
2023-03-18T12:00:00Z,1371269
2023-03-18T11:00:00Z,1371271
2023-03-18T10:00:00Z,1371273
2023-03-18T09:00:00Z,1371273
2023-03-18T08:00:00Z,1371273
2023-03-18T07:00:00Z,1371273
2023-03-18T06:00:00Z,1371273
2023-03-18T05:00:00Z,1371273
2023-03-18T04:00:00Z,1371273
2023-03-18T03:00:00Z,1371273
2023-03-18T02:00:00Z,1371273
2023-03-18T01:00:00Z,1371273
2023-03-18T00:00:00Z,1371274
2023-03-17T23:00:00Z,1371274
2023-03-17T22:00:00Z,1371274
2023-03-17T21:00:00Z,1371274
2023-03-17T20:00:00Z,1371274
2023-03-17T19:00:00Z,1371274
2023-03-17T18:00:00Z,1371274
2023-03-17T17:00:00Z,1371274
2023-03-17T16:00:00Z,1371274
2023-03-17T15:00:00Z,1371280
2023-03-17T14:00:00Z,1371285
2023-03-17T13:00:00Z,1371285
2023-03-17T12:00:00Z,1371285
2023-03-17T11:00:00Z,1371288
2023-03-17T10:00:00Z,1371288
2023-03-17T09:00:00Z,1371288
2023-03-17T08:00:00Z,1371291
2023-03-17T07:00:00Z,1371295
2023-03-17T06:00:00Z,1371295
2023-03-17T05:00:00Z,1371295
2023-03-17T04:00:00Z,1371308
2023-03-17T03:00:00Z,1371316
2023-03-17T02:00:00Z,1371316
2023-03-17T01:00:00Z,1371316
2023-03-17T00:00:00Z,1371316
2023-03-16T23:00:00Z,1371316
2023-03-16T22:00:00Z,1371316
2023-03-16T21:00:00Z,1371322
2023-03-16T20:00:00Z,1371324
2023-03-16T19:00:00Z,1371324
2023-03-16T18:00:00Z,1371324
2023-03-16T17:00:00Z,1371324
2023-03-16T16:00:00Z,1371330
2023-03-16T15:00:00Z,1371330
2023-03-16T14:00:00Z,1371330
2023-03-16T13:00:00Z,1371330
2023-03-16T12:00:00Z,1371335
2023-03-16T11:00:00Z,1371335
2023-03-16T10:00:00Z,1371335
2023-03-16T09:00:00Z,1371335
2023-03-16T08:00:00Z,1371335
2023-03-16T07:00:00Z,1371335
2023-03-16T06:00:00Z,1371335
2023-03-16T05:00:00Z,1371335
2023-03-16T04:00:00Z,1371335
2023-03-16T03:00:00Z,1371335
2023-03-16T02:00:00Z,1371335
2023-03-16T01:00:00Z,1371335
2023-03-16T00:00:00Z,1371335
2023-03-15T23:00:00Z,1371335
2023-03-15T22:00:00Z,1371335
2023-03-15T21:00:00Z,1371335
2023-03-15T20:00:00Z,1371335
2023-03-15T19:00:00Z,1371401
2023-03-15T18:00:00Z,1371401
2023-03-15T17:00:00Z,1371401
2023-03-15T16:00:00Z,1371401
2023-03-15T15:00:00Z,1371401
2023-03-15T14:00:00Z,1371401
2023-03-15T13:00:00Z,1371401
2023-03-15T12:00:00Z,1371401
2023-03-15T11:00:00Z,1371401
2023-03-15T10:00:00Z,1371401
2023-03-15T09:00:00Z,1371401
2023-03-15T08:00:00Z,1371401
2023-03-15T07:00:00Z,1371407
2023-03-15T06:00:00Z,1371407
2023-03-15T05:00:00Z,1371407
2023-03-15T04:00:00Z,1371407
2023-03-15T03:00:00Z,1371407
2023-03-15T02:00:00Z,1371407
2023-03-15T01:00:00Z,1371410
2023-03-15T00:00:00Z,1371410
2023-03-14T23:00:00Z,1371441
2023-03-14T22:00:00Z,1371476
2023-03-14T21:00:00Z,1371476
2023-03-14T20:00:00Z,1371748
2023-03-14T19:00:00Z,1371775
2023-03-14T18:00:00Z,1371775
2023-03-14T17:00:00Z,1371775
2023-03-14T16:00:00Z,1371775
2023-03-14T15:00:00Z,1371778
2023-03-14T14:00:00Z,1371779
2023-03-14T13:00:00Z,1371990
2023-03-14T12:00:00Z,1371990
2023-03-14T11:00:00Z,1371990
2023-03-14T10:00:00Z,1371990
2023-03-14T09:00:00Z,1371990
2023-03-14T08:00:00Z,1371990
2023-03-14T07:00:00Z,1371990
2023-03-14T06:00:00Z,1371990
2023-03-14T05:00:00Z,1371990
2023-03-14T04:00:00Z,1371990
2023-03-14T03:00:00Z,1371995
2023-03-14T02:00:00Z,1371995
2023-03-14T01:00:00Z,1371995
2023-03-14T00:00:00Z,1371995
2023-03-13T23:00:00Z,1371995
2023-03-13T22:00:00Z,1373345
2023-03-13T21:00:00Z,1373391
2023-03-13T20:00:00Z,1373391
2023-03-13T19:00:00Z,1373393
2023-03-13T18:00:00Z,1373393
2023-03-13T17:00:00Z,1373393
2023-03-13T16:00:00Z,1373393
2023-03-13T15:00:00Z,1373393
2023-03-13T14:00:00Z,1373410
2023-03-13T13:00:00Z,1373410
2023-03-13T12:00:00Z,1373410
2023-03-13T11:00:00Z,1373410
2023-03-13T10:00:00Z,1373410
2023-03-13T09:00:00Z,1373410
2023-03-13T08:00:00Z,1373410
2023-03-13T07:00:00Z,1373410
2023-03-13T06:00:00Z,1373410
2023-03-13T05:00:00Z,1373410
2023-03-13T04:00:00Z,1373410
2023-03-13T03:00:00Z,1373410
2023-03-13T02:00:00Z,1373410
2023-03-13T01:00:00Z,1373410
2023-03-13T00:00:00Z,1373410
2023-03-12T23:00:00Z,1373412
2023-03-12T22:00:00Z,1373412
2023-03-12T21:00:00Z,1373482
2023-03-12T20:00:00Z,1373482
2023-03-12T19:00:00Z,1373488
2023-03-12T18:00:00Z,1373488
2023-03-12T17:00:00Z,1373488
2023-03-12T16:00:00Z,1373488
2023-03-12T15:00:00Z,1373488
2023-03-12T14:00:00Z,1373488
2023-03-12T13:00:00Z,1373488
2023-03-12T12:00:00Z,1373488
2023-03-12T11:00:00Z,1373488
2023-03-12T10:00:00Z,1373488
2023-03-12T09:00:00Z,1373488
2023-03-12T08:00:00Z,1373488
2023-03-12T07:00:00Z,1373490
2023-03-12T06:00:00Z,1373490
2023-03-12T05:00:00Z,1373490
2023-03-12T04:00:00Z,1373490
2023-03-12T03:00:00Z,1373490
2023-03-12T02:00:00Z,1373490
2023-03-12T01:00:00Z,1373490
2023-03-12T00:00:00Z,1373490
2023-03-11T23:00:00Z,1373500
2023-03-11T22:00:00Z,1373500
2023-03-11T21:00:00Z,1373500
2023-03-11T20:00:00Z,1373500
2023-03-11T19:00:00Z,1373500
2023-03-11T18:00:00Z,1373500
2023-03-11T17:00:00Z,1373500
2023-03-11T16:00:00Z,1373500
2023-03-11T15:00:00Z,1373500
2023-03-11T14:00:00Z,1373500
2023-03-11T13:00:00Z,1373500
2023-03-11T12:00:00Z,1373500
2023-03-11T11:00:00Z,1373500
2023-03-11T10:00:00Z,1373746
2023-03-11T09:00:00Z,1373822
2023-03-11T08:00:00Z,1373822
2023-03-11T07:00:00Z,1373831
2023-03-11T06:00:00Z,1373831
2023-03-11T05:00:00Z,1373831
2023-03-11T04:00:00Z,1373831
2023-03-11T03:00:00Z,1373831
2023-03-11T02:00:00Z,1373831
2023-03-11T01:00:00Z,1373831
2023-03-11T00:00:00Z,1373831
2023-03-10T23:00:00Z,1373831
2023-03-10T22:00:00Z,1373831
2023-03-10T21:00:00Z,1373831
2023-03-10T20:00:00Z,1373831
2023-03-10T19:00:00Z,1373831
2023-03-10T18:00:00Z,1373908
2023-03-10T17:00:00Z,1373908
2023-03-10T16:00:00Z,1373908
2023-03-10T15:00:00Z,1373908
2023-03-10T14:00:00Z,1373908
2023-03-10T13:00:00Z,1373911
2023-03-10T12:00:00Z,1373911
2023-03-10T11:00:00Z,1373912
2023-03-10T10:00:00Z,1373912
2023-03-10T09:00:00Z,1373922
2023-03-10T08:00:00Z,1373922
2023-03-10T07:00:00Z,1373922
2023-03-10T06:00:00Z,1373922
2023-03-10T05:00:00Z,1373922
2023-03-10T04:00:00Z,1373922
2023-03-10T03:00:00Z,1373922
2023-03-10T02:00:00Z,1374236
2023-03-10T01:00:00Z,1374236
2023-03-10T00:00:00Z,1374236
2023-03-09T23:00:00Z,1374236
2023-03-09T22:00:00Z,1374236
2023-03-09T21:00:00Z,1374236
2023-03-09T20:00:00Z,1374236
2023-03-09T19:00:00Z,1374236
2023-03-09T18:00:00Z,1374247
2023-03-09T17:00:00Z,1374247
2023-03-09T16:00:00Z,1374247
2023-03-09T15:00:00Z,1374280
2023-03-09T14:00:00Z,1374283
2023-03-09T13:00:00Z,1374283
2023-03-09T12:00:00Z,1374283
2023-03-09T11:00:00Z,1374287
2023-03-09T10:00:00Z,1374287
2023-03-09T09:00:00Z,1374287
2023-03-09T08:00:00Z,1374287
2023-03-09T07:00:00Z,1374287
2023-03-09T06:00:00Z,1374287
2023-03-09T05:00:00Z,1374287
2023-03-09T04:00:00Z,1374287
2023-03-09T03:00:00Z,1374287
2023-03-09T02:00:00Z,1374287
2023-03-09T01:00:00Z,1374287
2023-03-09T00:00:00Z,1374287
2023-03-08T23:00:00Z,1374287
2023-03-08T22:00:00Z,1374287
2023-03-08T21:00:00Z,1374287
2023-03-08T20:00:00Z,1374293
2023-03-08T19:00:00Z,1374293
2023-03-08T18:00:00Z,1374293
2023-03-08T17:00:00Z,1374293
2023-03-08T16:00:00Z,1374293
2023-03-08T15:00:00Z,1374293
2023-03-08T14:00:00Z,1374293
2023-03-08T13:00:00Z,1374293
2023-03-08T12:00:00Z,1374293
2023-03-08T11:00:00Z,1374293
2023-03-08T10:00:00Z,1374293
2023-03-08T09:00:00Z,1374293
2023-03-08T08:00:00Z,1374293
2023-03-08T07:00:00Z,1374293
2023-03-08T06:00:00Z,1374293
2023-03-08T05:00:00Z,1374293
2023-03-08T04:00:00Z,1374293
2023-03-08T03:00:00Z,1374293
2023-03-08T02:00:00Z,1374293
2023-03-08T01:00:00Z,1374293
2023-03-08T00:00:00Z,1374294
2023-03-07T23:00:00Z,1374294
2023-03-07T22:00:00Z,1374294
2023-03-07T21:00:00Z,1374294
2023-03-07T20:00:00Z,1374294
2023-03-07T19:00:00Z,1374294
2023-03-07T18:00:00Z,1374294
2023-03-07T17:00:00Z,1374294
2023-03-07T16:00:00Z,1374294
2023-03-07T15:00:00Z,1374294
2023-03-07T14:00:00Z,1374294
2023-03-07T13:00:00Z,1374294
2023-03-07T12:00:00Z,1374294
2023-03-07T11:00:00Z,1374294
2023-03-07T10:00:00Z,1374294
2023-03-07T09:00:00Z,1374294
2023-03-07T08:00:00Z,1374294
2023-03-07T07:00:00Z,1374294
2023-03-07T06:00:00Z,1374294
2023-03-07T05:00:00Z,1374294
2023-03-07T04:00:00Z,1374294
2023-03-07T03:00:00Z,1374294
2023-03-07T02:00:00Z,1374298
2023-03-07T01:00:00Z,1374298
2023-03-07T00:00:00Z,1374298
2023-03-06T23:00:00Z,1374304
2023-03-06T22:00:00Z,1374304
2023-03-06T21:00:00Z,1374304
2023-03-06T20:00:00Z,1374304
2023-03-06T19:00:00Z,1374308
2023-03-06T18:00:00Z,1374308
2023-03-06T17:00:00Z,1374308
2023-03-06T16:00:00Z,1374308
2023-03-06T15:00:00Z,1374308
2023-03-06T14:00:00Z,1374308
2023-03-06T13:00:00Z,1374308
2023-03-06T12:00:00Z,1374308
2023-03-06T11:00:00Z,1374308
2023-03-06T10:00:00Z,1374308
2023-03-06T09:00:00Z,1374308
2023-03-06T08:00:00Z,1374308
2023-03-06T07:00:00Z,1374312
2023-03-06T06:00:00Z,1374312
2023-03-06T05:00:00Z,1374312
2023-03-06T04:00:00Z,1374312
2023-03-06T03:00:00Z,1374312
2023-03-06T02:00:00Z,1374312
2023-03-06T01:00:00Z,1374323
2023-03-06T00:00:00Z,1374323
2023-03-05T23:00:00Z,1374323
2023-03-05T22:00:00Z,1374323
2023-03-05T21:00:00Z,1374323
2023-03-05T20:00:00Z,1374323
2023-03-05T19:00:00Z,1374323
2023-03-05T18:00:00Z,1374323
2023-03-05T17:00:00Z,1374323
2023-03-05T16:00:00Z,1374323
2023-03-05T15:00:00Z,1374323
2023-03-05T14:00:00Z,1374323
2023-03-05T13:00:00Z,1374323
2023-03-05T12:00:00Z,1374324
2023-03-05T11:00:00Z,1374324
2023-03-05T10:00:00Z,1374324
2023-03-05T09:00:00Z,1374324
2023-03-05T08:00:00Z,1374324
2023-03-05T07:00:00Z,1374324
2023-03-05T06:00:00Z,1374324
2023-03-05T05:00:00Z,1374324
2023-03-05T04:00:00Z,1374324
2023-03-05T03:00:00Z,1374324
2023-03-05T02:00:00Z,1374324
2023-03-05T01:00:00Z,1374324
2023-03-05T00:00:00Z,1374324
2023-03-04T23:00:00Z,1374324
2023-03-04T22:00:00Z,1374324
2023-03-04T21:00:00Z,1374324
2023-03-04T20:00:00Z,1374324
2023-03-04T19:00:00Z,1374324
2023-03-04T18:00:00Z,1374324
2023-03-04T17:00:00Z,1374324
2023-03-04T16:00:00Z,1374324
2023-03-04T15:00:00Z,1374324
2023-03-04T14:00:00Z,1374324
2023-03-04T13:00:00Z,1374324
2023-03-04T12:00:00Z,1374326
2023-03-04T11:00:00Z,1374326
2023-03-04T10:00:00Z,1374326
2023-03-04T09:00:00Z,1374331
2023-03-04T08:00:00Z,1374331
2023-03-04T07:00:00Z,1374331
2023-03-04T06:00:00Z,1374331
2023-03-04T05:00:00Z,1374331
2023-03-04T04:00:00Z,1374331
2023-03-04T03:00:00Z,1374331
2023-03-04T02:00:00Z,1374331
2023-03-04T01:00:00Z,1374331
2023-03-04T00:00:00Z,1374331
2023-03-03T23:00:00Z,1374331
2023-03-03T22:00:00Z,1374331
2023-03-03T21:00:00Z,1374331
2023-03-03T20:00:00Z,1374331
2023-03-03T19:00:00Z,1374331
2023-03-03T18:00:00Z,1374331
2023-03-03T17:00:00Z,1374331
2023-03-03T16:00:00Z,1374334
2023-03-03T15:00:00Z,1374377
2023-03-03T14:00:00Z,1374377
2023-03-03T13:00:00Z,1374398
2023-03-03T12:00:00Z,1374398
2023-03-03T11:00:00Z,1374398
2023-03-03T10:00:00Z,1374398
2023-03-03T09:00:00Z,1374398
2023-03-03T08:00:00Z,1374398
2023-03-03T07:00:00Z,1374398
2023-03-03T06:00:00Z,1374398
2023-03-03T05:00:00Z,1374398
2023-03-03T04:00:00Z,1374400
2023-03-03T03:00:00Z,1374400
2023-03-03T02:00:00Z,1374400
2023-03-03T01:00:00Z,1374400
2023-03-03T00:00:00Z,1374400
2023-03-02T23:00:00Z,1374400
2023-03-02T22:00:00Z,1374400
2023-03-02T21:00:00Z,1374400
2023-03-02T20:00:00Z,1374400
2023-03-02T19:00:00Z,1374400
2023-03-02T18:00:00Z,1374400
2023-03-02T17:00:00Z,1374400
2023-03-02T16:00:00Z,1374400
2023-03-02T15:00:00Z,1374400
2023-03-02T14:00:00Z,1374400
2023-03-02T13:00:00Z,1374400
2023-03-02T12:00:00Z,1374400
2023-03-02T11:00:00Z,1374400
2023-03-02T10:00:00Z,1374400
2023-03-02T09:00:00Z,1374400
2023-03-02T08:00:00Z,1374400
2023-03-02T07:00:00Z,1374406
2023-03-02T06:00:00Z,1374406
2023-03-02T05:00:00Z,1374406
2023-03-02T04:00:00Z,1374406
2023-03-02T03:00:00Z,1374406
2023-03-02T02:00:00Z,1374406
2023-03-02T01:00:00Z,1374464
2023-03-02T00:00:00Z,1374464
2023-03-01T23:00:00Z,1374490
2023-03-01T22:00:00Z,1374490
2023-03-01T21:00:00Z,1374490
2023-03-01T20:00:00Z,1374490
2023-03-01T19:00:00Z,1374491
2023-03-01T18:00:00Z,1374491
2023-03-01T17:00:00Z,1374507
2023-03-01T16:00:00Z,1374507
2023-03-01T15:00:00Z,1374507
2023-03-01T14:00:00Z,1374507
2023-03-01T13:00:00Z,1374507
2023-03-01T12:00:00Z,1374507
2023-03-01T11:00:00Z,1374507
2023-03-01T10:00:00Z,1374507
2023-03-01T09:00:00Z,1374507
2023-03-01T08:00:00Z,1374508
2023-03-01T07:00:00Z,1374508
2023-03-01T06:00:00Z,1374511
2023-03-01T05:00:00Z,1374511
2023-03-01T04:00:00Z,1374511
2023-03-01T03:00:00Z,1374511
2023-03-01T02:00:00Z,1374511
2023-03-01T01:00:00Z,1374511
2023-03-01T00:00:00Z,1374511
2023-02-28T23:00:00Z,1374511
2023-02-28T22:00:00Z,1374511
2023-02-28T21:00:00Z,1374511
2023-02-28T20:00:00Z,1374511
2023-02-28T19:00:00Z,1374511
2023-02-28T18:00:00Z,1374512
2023-02-28T17:00:00Z,1374512
2023-02-28T16:00:00Z,1374513
2023-02-28T15:00:00Z,1374513
2023-02-28T14:00:00Z,1374513
2023-02-28T13:00:00Z,1374514
2023-02-28T12:00:00Z,1374514
2023-02-28T11:00:00Z,1374514
2023-02-28T10:00:00Z,1374514
2023-02-28T09:00:00Z,1374515
2023-02-28T08:00:00Z,1374515
2023-02-28T07:00:00Z,1374515
2023-02-28T06:00:00Z,1374515
2023-02-28T05:00:00Z,1374515
2023-02-28T04:00:00Z,1374515
2023-02-28T03:00:00Z,1374515
2023-02-28T02:00:00Z,1374522
2023-02-28T01:00:00Z,1374522
2023-02-28T00:00:00Z,1374522
2023-02-27T23:00:00Z,1374522
2023-02-27T22:00:00Z,1374522
2023-02-27T21:00:00Z,1374522
2023-02-27T20:00:00Z,1374522
2023-02-27T19:00:00Z,1374522
2023-02-27T18:00:00Z,1374522
2023-02-27T17:00:00Z,1374522
2023-02-27T16:00:00Z,1374522
2023-02-27T15:00:00Z,1374522
2023-02-27T14:00:00Z,1374522
2023-02-27T13:00:00Z,null
2023-02-27T12:00:00Z,1374522
2023-02-27T11:00:00Z,1374525
2023-02-27T10:00:00Z,1374525
2023-02-27T09:00:00Z,1374525
2023-02-27T08:00:00Z,1374525
2023-02-27T07:00:00Z,1374525
2023-02-27T06:00:00Z,1374525
2023-02-27T05:00:00Z,1374525
2023-02-27T04:00:00Z,1374525
2023-02-27T03:00:00Z,1374554
2023-02-27T02:00:00Z,1374554
2023-02-27T01:00:00Z,1374554
2023-02-27T00:00:00Z,1374554
2023-02-26T23:00:00Z,1374554
2023-02-26T22:00:00Z,1374554
2023-02-26T21:00:00Z,1374554
2023-02-26T20:00:00Z,1374554
2023-02-26T19:00:00Z,1374554
2023-02-26T18:00:00Z,1374554
2023-02-26T17:00:00Z,1374580
2023-02-26T16:00:00Z,1374580
2023-02-26T15:00:00Z,1374588
2023-02-26T14:00:00Z,1374588
2023-02-26T13:00:00Z,1374588
2023-02-26T12:00:00Z,1374588
2023-02-26T11:00:00Z,1374588
2023-02-26T10:00:00Z,1374589
2023-02-26T09:00:00Z,1374589
2023-02-26T08:00:00Z,1374589
2023-02-26T07:00:00Z,1374589
2023-02-26T06:00:00Z,1374589
2023-02-26T05:00:00Z,1374589
2023-02-26T04:00:00Z,1374589
2023-02-26T03:00:00Z,1374589
2023-02-26T02:00:00Z,1374589
2023-02-26T01:00:00Z,1374589
2023-02-26T00:00:00Z,1374589
2023-02-25T23:00:00Z,1374589
2023-02-25T22:00:00Z,1374589
2023-02-25T21:00:00Z,1374589
2023-02-25T20:00:00Z,1374592
2023-02-25T19:00:00Z,1374592
2023-02-25T18:00:00Z,1374592
2023-02-25T17:00:00Z,1374597
2023-02-25T16:00:00Z,1374597
2023-02-25T15:00:00Z,1374597
2023-02-25T14:00:00Z,1374597
2023-02-25T13:00:00Z,1374597
2023-02-25T12:00:00Z,1374597
2023-02-25T11:00:00Z,1374597
2023-02-25T10:00:00Z,1374597
2023-02-25T09:00:00Z,1374597
2023-02-25T08:00:00Z,1374597
2023-02-25T07:00:00Z,1374597
2023-02-25T06:00:00Z,1374597
2023-02-25T05:00:00Z,1374597
2023-02-25T04:00:00Z,1374597
2023-02-25T03:00:00Z,1374597
2023-02-25T02:00:00Z,1374597
2023-02-25T01:00:00Z,1374597
2023-02-25T00:00:00Z,1374597
2023-02-24T23:00:00Z,1374598
2023-02-24T22:00:00Z,1374640
2023-02-24T21:00:00Z,1374640
2023-02-24T20:00:00Z,1374640
2023-02-24T19:00:00Z,1374640
2023-02-24T18:00:00Z,1374640
2023-02-24T17:00:00Z,1374640
2023-02-24T16:00:00Z,1374640
2023-02-24T15:00:00Z,1374640
2023-02-24T14:00:00Z,1374640
2023-02-24T13:00:00Z,1374640
2023-02-24T12:00:00Z,1374652
2023-02-24T11:00:00Z,1374652
2023-02-24T10:00:00Z,1374652
2023-02-24T09:00:00Z,1374652
2023-02-24T08:00:00Z,1374652
2023-02-24T07:00:00Z,1374652
2023-02-24T06:00:00Z,null
2023-02-24T05:00:00Z,1374652
2023-02-24T04:00:00Z,1374652
2023-02-24T03:00:00Z,1374652
2023-02-24T02:00:00Z,1374652
2023-02-24T01:00:00Z,1374652
2023-02-24T00:00:00Z,1374652
2023-02-23T23:00:00Z,1374652
2023-02-23T22:00:00Z,1374652
2023-02-23T21:00:00Z,1374652
2023-02-23T20:00:00Z,1374652
2023-02-23T19:00:00Z,1374652
2023-02-23T18:00:00Z,1374686
2023-02-23T17:00:00Z,1374686
2023-02-23T16:00:00Z,1374687
2023-02-23T15:00:00Z,1374691
2023-02-23T14:00:00Z,1374691
2023-02-23T13:00:00Z,1374720
2023-02-23T12:00:00Z,1374720
2023-02-23T11:00:00Z,1374720
2023-02-23T10:00:00Z,1374720
2023-02-23T09:00:00Z,1374720
2023-02-23T08:00:00Z,1374720
2023-02-23T07:00:00Z,1374720
2023-02-23T06:00:00Z,1374720
2023-02-23T05:00:00Z,1374720
2023-02-23T04:00:00Z,1374720
2023-02-23T03:00:00Z,1374720
2023-02-23T02:00:00Z,1374720
2023-02-23T01:00:00Z,1374726
2023-02-23T00:00:00Z,1374726
2023-02-22T23:00:00Z,1374726
2023-02-22T22:00:00Z,1374726
2023-02-22T21:00:00Z,1374726
2023-02-22T20:00:00Z,1374726
2023-02-22T19:00:00Z,1374731
2023-02-22T18:00:00Z,1374731
2023-02-22T17:00:00Z,1374731
2023-02-22T16:00:00Z,1374731
2023-02-22T15:00:00Z,1374731
2023-02-22T14:00:00Z,1374731
2023-02-22T13:00:00Z,1374731
2023-02-22T12:00:00Z,1374731
2023-02-22T11:00:00Z,1374731
2023-02-22T10:00:00Z,1374731
2023-02-22T09:00:00Z,1374731
2023-02-22T08:00:00Z,1374731
2023-02-22T07:00:00Z,1374731
2023-02-22T06:00:00Z,1374731
2023-02-22T05:00:00Z,1374731
2023-02-22T04:00:00Z,1374731
2023-02-22T03:00:00Z,1374731
2023-02-22T02:00:00Z,1374731
2023-02-22T01:00:00Z,1374731
2023-02-22T00:00:00Z,1374731
2023-02-21T23:00:00Z,1374731
2023-02-21T22:00:00Z,1374731
2023-02-21T21:00:00Z,1374733
2023-02-21T20:00:00Z,1374764
2023-02-21T19:00:00Z,1374764
2023-02-21T18:00:00Z,1374764
2023-02-21T17:00:00Z,1374768
2023-02-21T16:00:00Z,1374768
2023-02-21T15:00:00Z,1374768
2023-02-21T14:00:00Z,1374768
2023-02-21T13:00:00Z,1374768
2023-02-21T12:00:00Z,1374773
2023-02-21T11:00:00Z,1374773
2023-02-21T10:00:00Z,1374773
2023-02-21T09:00:00Z,1374773
2023-02-21T08:00:00Z,1374773
2023-02-21T07:00:00Z,1374773
2023-02-21T06:00:00Z,1374773
2023-02-21T05:00:00Z,1374776
2023-02-21T04:00:00Z,1374776
2023-02-21T03:00:00Z,1374776
2023-02-21T02:00:00Z,1374825
2023-02-21T01:00:00Z,1374825
2023-02-21T00:00:00Z,1374841
2023-02-20T23:00:00Z,1374841
2023-02-20T22:00:00Z,1374842
2023-02-20T21:00:00Z,1374842
2023-02-20T20:00:00Z,1374842
2023-02-20T19:00:00Z,1374842
2023-02-20T18:00:00Z,1374842
2023-02-20T17:00:00Z,1374860
2023-02-20T16:00:00Z,1374860
2023-02-20T15:00:00Z,1374860
2023-02-20T14:00:00Z,1374860
2023-02-20T13:00:00Z,1374862
2023-02-20T12:00:00Z,1374867
2023-02-20T11:00:00Z,1374867
2023-02-20T10:00:00Z,1374867
2023-02-20T09:00:00Z,1374867
2023-02-20T08:00:00Z,1374867
2023-02-20T07:00:00Z,1374867
2023-02-20T06:00:00Z,1374867
2023-02-20T05:00:00Z,1374867
2023-02-20T04:00:00Z,1374867
2023-02-20T03:00:00Z,1374867
2023-02-20T02:00:00Z,1374867
2023-02-20T01:00:00Z,1374867
2023-02-20T00:00:00Z,1374867
2023-02-19T23:00:00Z,1374867
2023-02-19T22:00:00Z,1374867
2023-02-19T21:00:00Z,1374872
2023-02-19T20:00:00Z,1374872
2023-02-19T19:00:00Z,1374872
2023-02-19T18:00:00Z,1374872
2023-02-19T17:00:00Z,1374875
2023-02-19T16:00:00Z,1374875
2023-02-19T15:00:00Z,1374881
2023-02-19T14:00:00Z,1374881
2023-02-19T13:00:00Z,1374884
2023-02-19T12:00:00Z,1374884
2023-02-19T11:00:00Z,1374885
2023-02-19T10:00:00Z,1374885
2023-02-19T09:00:00Z,1374887
2023-02-19T08:00:00Z,1374887
2023-02-19T07:00:00Z,1374887
2023-02-19T06:00:00Z,1374887
2023-02-19T05:00:00Z,1374887
2023-02-19T04:00:00Z,1374887
2023-02-19T03:00:00Z,1374887
2023-02-19T02:00:00Z,1374887
2023-02-19T01:00:00Z,1374887
2023-02-19T00:00:00Z,1374887
2023-02-18T23:00:00Z,1374887
2023-02-18T22:00:00Z,1374887
2023-02-18T21:00:00Z,1374887
2023-02-18T20:00:00Z,1374887
2023-02-18T19:00:00Z,1374887
2023-02-18T18:00:00Z,1374888
2023-02-18T17:00:00Z,1374889
2023-02-18T16:00:00Z,1374889
2023-02-18T15:00:00Z,1374890
2023-02-18T14:00:00Z,1374890
2023-02-18T13:00:00Z,1374890
2023-02-18T12:00:00Z,1374890
2023-02-18T11:00:00Z,1374890
2023-02-18T10:00:00Z,1374890
2023-02-18T09:00:00Z,1374892
2023-02-18T08:00:00Z,1374892
2023-02-18T07:00:00Z,1374892
2023-02-18T06:00:00Z,1374892
2023-02-18T05:00:00Z,1374892
2023-02-18T04:00:00Z,1374895
2023-02-18T03:00:00Z,1374913
2023-02-18T02:00:00Z,1374913
2023-02-18T01:00:00Z,1374913
2023-02-18T00:00:00Z,1374913
2023-02-17T23:00:00Z,1374913
2023-02-17T22:00:00Z,1374913
2023-02-17T21:00:00Z,1374913
2023-02-17T20:00:00Z,1374913
2023-02-17T19:00:00Z,1374923
2023-02-17T18:00:00Z,1374935
2023-02-17T17:00:00Z,1374938
2023-02-17T16:00:00Z,1374939
2023-02-17T15:00:00Z,1374939
2023-02-17T14:00:00Z,1374939
2023-02-17T13:00:00Z,1374939
2023-02-17T12:00:00Z,1374939
2023-02-17T11:00:00Z,1374939
2023-02-17T10:00:00Z,1374939
2023-02-17T09:00:00Z,1374939
2023-02-17T08:00:00Z,1374940
2023-02-17T07:00:00Z,1374940
2023-02-17T06:00:00Z,1374940
2023-02-17T05:00:00Z,1374940
2023-02-17T04:00:00Z,1374940
2023-02-17T03:00:00Z,1374940
2023-02-17T02:00:00Z,1374940
2023-02-17T01:00:00Z,1374945
2023-02-17T00:00:00Z,1374945
2023-02-16T23:00:00Z,1374945
2023-02-16T22:00:00Z,1374945
2023-02-16T21:00:00Z,1374945
2023-02-16T20:00:00Z,1374945
2023-02-16T19:00:00Z,1374945
2023-02-16T18:00:00Z,1374953
2023-02-16T17:00:00Z,1374976
2023-02-16T16:00:00Z,1374976
2023-02-16T15:00:00Z,1374976
2023-02-16T14:00:00Z,1374976
2023-02-16T13:00:00Z,1374976
2023-02-16T12:00:00Z,1374976
2023-02-16T11:00:00Z,1374976
2023-02-16T10:00:00Z,1374976
2023-02-16T09:00:00Z,1374976
2023-02-16T08:00:00Z,1374976
2023-02-16T07:00:00Z,1374976
2023-02-16T06:00:00Z,1374976
2023-02-16T05:00:00Z,1374976
2023-02-16T04:00:00Z,1374976
2023-02-16T03:00:00Z,1374976
2023-02-16T02:00:00Z,1374976
2023-02-16T01:00:00Z,1374976
2023-02-16T00:00:00Z,1374976
2023-02-15T23:00:00Z,1374976
2023-02-15T22:00:00Z,1375463
2023-02-15T21:00:00Z,1375463
2023-02-15T20:00:00Z,1375463
2023-02-15T19:00:00Z,1375463
2023-02-15T18:00:00Z,1375463
2023-02-15T17:00:00Z,1375465
2023-02-15T16:00:00Z,1375465
2023-02-15T15:00:00Z,1375467
2023-02-15T14:00:00Z,1375467
2023-02-15T13:00:00Z,1375467
2023-02-15T12:00:00Z,1375470
2023-02-15T11:00:00Z,1375471
2023-02-15T10:00:00Z,1375471
2023-02-15T09:00:00Z,1375471
2023-02-15T08:00:00Z,1375471
2023-02-15T07:00:00Z,1375473
2023-02-15T06:00:00Z,1375473
2023-02-15T05:00:00Z,1375473
2023-02-15T04:00:00Z,1375473
2023-02-15T03:00:00Z,1375473
2023-02-15T02:00:00Z,1375473
2023-02-15T01:00:00Z,1375473
2023-02-15T00:00:00Z,1375476
2023-02-14T23:00:00Z,1375476
2023-02-14T22:00:00Z,1375476
2023-02-14T21:00:00Z,1375476
2023-02-14T20:00:00Z,1375476
2023-02-14T19:00:00Z,1375476
2023-02-14T18:00:00Z,1375486
2023-02-14T17:00:00Z,1375486
2023-02-14T16:00:00Z,1375486
2023-02-14T15:00:00Z,1375486
2023-02-14T14:00:00Z,1375486
2023-02-14T13:00:00Z,1375486
2023-02-14T12:00:00Z,1375486
2023-02-14T11:00:00Z,1375486
2023-02-14T10:00:00Z,1375486
2023-02-14T09:00:00Z,1375486
2023-02-14T08:00:00Z,1375486
2023-02-14T07:00:00Z,1375486
2023-02-14T06:00:00Z,1375486
2023-02-14T05:00:00Z,1375486
2023-02-14T04:00:00Z,1375486
2023-02-14T03:00:00Z,1375486
2023-02-14T02:00:00Z,1375486
2023-02-14T01:00:00Z,1375486
2023-02-14T00:00:00Z,1375486
2023-02-13T23:00:00Z,1375487
2023-02-13T22:00:00Z,1375488
2023-02-13T21:00:00Z,1375488
2023-02-13T20:00:00Z,1375488
2023-02-13T19:00:00Z,1375495
2023-02-13T18:00:00Z,1375495
2023-02-13T17:00:00Z,1375495
2023-02-13T16:00:00Z,1375495
2023-02-13T15:00:00Z,1375495
2023-02-13T14:00:00Z,1375495
2023-02-13T13:00:00Z,1375495
2023-02-13T12:00:00Z,1375495
2023-02-13T11:00:00Z,1375495
2023-02-13T10:00:00Z,1375495
2023-02-13T09:00:00Z,1375495
2023-02-13T08:00:00Z,1375495
2023-02-13T07:00:00Z,1375495
2023-02-13T06:00:00Z,1375495
2023-02-13T05:00:00Z,1375495
2023-02-13T04:00:00Z,1375495
2023-02-13T03:00:00Z,1375495
2023-02-13T02:00:00Z,1375495
2023-02-13T01:00:00Z,1375495
2023-02-13T00:00:00Z,1375495
2023-02-12T23:00:00Z,1375495
2023-02-12T22:00:00Z,1375495
2023-02-12T21:00:00Z,1375495
2023-02-12T20:00:00Z,1375495
2023-02-12T19:00:00Z,1375495
2023-02-12T18:00:00Z,1375506
2023-02-12T17:00:00Z,1375506
2023-02-12T16:00:00Z,1375506
2023-02-12T15:00:00Z,1375509
2023-02-12T14:00:00Z,1375510
2023-02-12T13:00:00Z,1375658
2023-02-12T12:00:00Z,1375658
2023-02-12T11:00:00Z,1375658
2023-02-12T10:00:00Z,1375658
2023-02-12T09:00:00Z,1375659
2023-02-12T08:00:00Z,1375661
2023-02-12T07:00:00Z,1376285
2023-02-12T06:00:00Z,1376285
2023-02-12T05:00:00Z,1376285
2023-02-12T04:00:00Z,1376285
2023-02-12T03:00:00Z,1376342
2023-02-12T02:00:00Z,1376342
2023-02-12T01:00:00Z,1376342
2023-02-12T00:00:00Z,1376342
2023-02-11T23:00:00Z,1376342
2023-02-11T22:00:00Z,1376342
2023-02-11T21:00:00Z,1376342
2023-02-11T20:00:00Z,1376342
2023-02-11T19:00:00Z,1376342
2023-02-11T18:00:00Z,1376343
2023-02-11T17:00:00Z,1376343
2023-02-11T16:00:00Z,1376343
2023-02-11T15:00:00Z,1376343
2023-02-11T14:00:00Z,1376346
2023-02-11T13:00:00Z,1376346
2023-02-11T12:00:00Z,1376346
2023-02-11T11:00:00Z,1376346
2023-02-11T10:00:00Z,1376346
2023-02-11T09:00:00Z,1376346
2023-02-11T08:00:00Z,1376346
2023-02-11T07:00:00Z,1376346
2023-02-11T06:00:00Z,1376346
2023-02-11T05:00:00Z,1376346
2023-02-11T04:00:00Z,1376346
2023-02-11T03:00:00Z,1376346
2023-02-11T02:00:00Z,1376346
2023-02-11T01:00:00Z,1376346
2023-02-11T00:00:00Z,1376349
2023-02-10T23:00:00Z,1376349
2023-02-10T22:00:00Z,1376349
2023-02-10T21:00:00Z,1376349
2023-02-10T20:00:00Z,1376349
2023-02-10T19:00:00Z,1376349
2023-02-10T18:00:00Z,1376350
2023-02-10T17:00:00Z,1376366
2023-02-10T16:00:00Z,1376366
2023-02-10T15:00:00Z,1378072
2023-02-10T14:00:00Z,1379398
2023-02-10T13:00:00Z,1379398
2023-02-10T12:00:00Z,1379398
2023-02-10T11:00:00Z,1379398
2023-02-10T10:00:00Z,1379398
2023-02-10T09:00:00Z,1379398
2023-02-10T08:00:00Z,1379404
2023-02-10T07:00:00Z,1379404
2023-02-10T06:00:00Z,1379404
2023-02-10T05:00:00Z,1379404
2023-02-10T04:00:00Z,1379404
2023-02-10T03:00:00Z,1379404
2023-02-10T02:00:00Z,1379404
2023-02-10T01:00:00Z,1379404
2023-02-10T00:00:00Z,1379404
2023-02-09T23:00:00Z,1379404
2023-02-09T22:00:00Z,1379404
2023-02-09T21:00:00Z,1379404
2023-02-09T20:00:00Z,1379404
2023-02-09T19:00:00Z,1379412
2023-02-09T18:00:00Z,1379413
2023-02-09T17:00:00Z,1379413
2023-02-09T16:00:00Z,1379413
2023-02-09T15:00:00Z,1379413
2023-02-09T14:00:00Z,1379414
2023-02-09T13:00:00Z,1379414
2023-02-09T12:00:00Z,1379414
2023-02-09T11:00:00Z,1379414
2023-02-09T10:00:00Z,1379414
2023-02-09T09:00:00Z,1379414
2023-02-09T08:00:00Z,1379414
2023-02-09T07:00:00Z,1379414
2023-02-09T06:00:00Z,1379415
2023-02-09T05:00:00Z,1379415
2023-02-09T04:00:00Z,1379415
2023-02-09T03:00:00Z,1379415
2023-02-09T02:00:00Z,1379420
2023-02-09T01:00:00Z,1379429
2023-02-09T00:00:00Z,1379429
2023-02-08T23:00:00Z,1379429
2023-02-08T22:00:00Z,1379429
2023-02-08T21:00:00Z,1379429
2023-02-08T20:00:00Z,1379429
2023-02-08T19:00:00Z,1379431
2023-02-08T18:00:00Z,1379431
2023-02-08T17:00:00Z,1379431
2023-02-08T16:00:00Z,1379436
2023-02-08T15:00:00Z,1379444
2023-02-08T14:00:00Z,1379444
2023-02-08T13:00:00Z,1379446
2023-02-08T12:00:00Z,1379446
2023-02-08T11:00:00Z,1379446
2023-02-08T10:00:00Z,1379446
2023-02-08T09:00:00Z,1379446
2023-02-08T08:00:00Z,1379446
2023-02-08T07:00:00Z,1379446
2023-02-08T06:00:00Z,1379446
2023-02-08T05:00:00Z,1379446
2023-02-08T04:00:00Z,1379448
2023-02-08T03:00:00Z,1379448
2023-02-08T02:00:00Z,1379470
2023-02-08T01:00:00Z,1379470
2023-02-08T00:00:00Z,1379470
2023-02-07T23:00:00Z,1379470
2023-02-07T22:00:00Z,1379470
2023-02-07T21:00:00Z,1379470
2023-02-07T20:00:00Z,1379471
2023-02-07T19:00:00Z,1379471
2023-02-07T18:00:00Z,1379471
2023-02-07T17:00:00Z,1379474
2023-02-07T16:00:00Z,1379495
2023-02-07T15:00:00Z,1379495
2023-02-07T14:00:00Z,1379495
2023-02-07T13:00:00Z,1379495
2023-02-07T12:00:00Z,1379495
2023-02-07T11:00:00Z,1379495
2023-02-07T10:00:00Z,1379497
2023-02-07T09:00:00Z,1379498
2023-02-07T08:00:00Z,1379498
2023-02-07T07:00:00Z,1379498
2023-02-07T06:00:00Z,1379498
2023-02-07T05:00:00Z,1379498
2023-02-07T04:00:00Z,1379498
2023-02-07T03:00:00Z,1379498
2023-02-07T02:00:00Z,1379498
2023-02-07T01:00:00Z,1379498
2023-02-07T00:00:00Z,1379536
2023-02-06T23:00:00Z,1379536
2023-02-06T22:00:00Z,1379537
2023-02-06T21:00:00Z,1379537
2023-02-06T20:00:00Z,1379537
2023-02-06T19:00:00Z,1379537
2023-02-06T18:00:00Z,1379537
2023-02-06T17:00:00Z,1379537
2023-02-06T16:00:00Z,1379537
2023-02-06T15:00:00Z,1379537
2023-02-06T14:00:00Z,1379537
2023-02-06T13:00:00Z,1379538
2023-02-06T12:00:00Z,1379543
2023-02-06T11:00:00Z,1379543
2023-02-06T10:00:00Z,1379543
2023-02-06T09:00:00Z,1379543
2023-02-06T08:00:00Z,1379543
2023-02-06T07:00:00Z,1379543
2023-02-06T06:00:00Z,1379543
2023-02-06T05:00:00Z,1379543
2023-02-06T04:00:00Z,1379543
2023-02-06T03:00:00Z,1379543
2023-02-06T02:00:00Z,1379563
2023-02-06T01:00:00Z,1379564
2023-02-06T00:00:00Z,1379564
2023-02-05T23:00:00Z,1379565
2023-02-05T22:00:00Z,1379567
2023-02-05T21:00:00Z,1379567
2023-02-05T20:00:00Z,1379568
2023-02-05T19:00:00Z,1379568
2023-02-05T18:00:00Z,1379568
2023-02-05T17:00:00Z,1379571
2023-02-05T16:00:00Z,1379571
2023-02-05T15:00:00Z,1379571
2023-02-05T14:00:00Z,1379578
2023-02-05T13:00:00Z,1379589
2023-02-05T12:00:00Z,1379589
2023-02-05T11:00:00Z,1379601
2023-02-05T10:00:00Z,1379601
2023-02-05T09:00:00Z,1379601
2023-02-05T08:00:00Z,1379601
2023-02-05T07:00:00Z,1379601
2023-02-05T06:00:00Z,1379601
2023-02-05T05:00:00Z,1379606
2023-02-05T04:00:00Z,1379606
2023-02-05T03:00:00Z,1379606
2023-02-05T02:00:00Z,1379606
2023-02-05T01:00:00Z,1379606
2023-02-05T00:00:00Z,1379606
2023-02-04T23:00:00Z,1379606
2023-02-04T22:00:00Z,1379607
2023-02-04T21:00:00Z,1379607
2023-02-04T20:00:00Z,1379622
2023-02-04T19:00:00Z,1379637
2023-02-04T18:00:00Z,1379637
2023-02-04T17:00:00Z,1379637
2023-02-04T16:00:00Z,1379637
2023-02-04T15:00:00Z,1379641
2023-02-04T14:00:00Z,1379642
2023-02-04T13:00:00Z,1379647
2023-02-04T12:00:00Z,1379647
2023-02-04T11:00:00Z,null
2023-02-04T10:00:00Z,null
2023-02-04T09:00:00Z,null
2023-02-04T08:00:00Z,null
2023-02-04T07:00:00Z,null
2023-02-04T06:00:00Z,null
2023-02-04T05:00:00Z,null
2023-02-04T04:00:00Z,null
2023-02-04T03:00:00Z,null
2023-02-04T02:00:00Z,null
2023-02-04T01:00:00Z,null
2023-02-04T00:00:00Z,null
2023-02-03T23:00:00Z,null
2023-02-03T22:00:00Z,null
2023-02-03T21:00:00Z,null
2023-02-03T20:00:00Z,null
2023-02-03T19:00:00Z,null
2023-02-03T18:00:00Z,null
2023-02-03T17:00:00Z,null
2023-02-03T16:00:00Z,null
2023-02-03T15:00:00Z,null
2023-02-03T14:00:00Z,null
2023-02-03T13:00:00Z,null
2023-02-03T12:00:00Z,1379792
2023-02-03T11:00:00Z,1379792
2023-02-03T10:00:00Z,1379794
2023-02-03T09:00:00Z,1379825
2023-02-03T08:00:00Z,1379825
2023-02-03T07:00:00Z,1379825
2023-02-03T06:00:00Z,1379825
2023-02-03T05:00:00Z,1379825
2023-02-03T04:00:00Z,1379825
2023-02-03T03:00:00Z,1379825
2023-02-03T02:00:00Z,1379826
2023-02-03T01:00:00Z,1379826
2023-02-03T00:00:00Z,1379830
2023-02-02T23:00:00Z,1379830
2023-02-02T22:00:00Z,1379830
2023-02-02T21:00:00Z,1379830
2023-02-02T20:00:00Z,1379830
2023-02-02T19:00:00Z,1379830
2023-02-02T18:00:00Z,1379860
2023-02-02T17:00:00Z,1379897
2023-02-02T16:00:00Z,1379897
2023-02-02T15:00:00Z,1379897
2023-02-02T14:00:00Z,1379897
2023-02-02T13:00:00Z,1379897
2023-02-02T12:00:00Z,1379920
2023-02-02T11:00:00Z,1379920
2023-02-02T10:00:00Z,1379920
2023-02-02T09:00:00Z,1379920
2023-02-02T08:00:00Z,1380114
2023-02-02T07:00:00Z,1380117
2023-02-02T06:00:00Z,1380117
2023-02-02T05:00:00Z,1380117
2023-02-02T04:00:00Z,1380117
2023-02-02T03:00:00Z,1380117
2023-02-02T02:00:00Z,1380117
2023-02-02T01:00:00Z,1380117
2023-02-02T00:00:00Z,1380117
2023-02-01T23:00:00Z,1380117
2023-02-01T22:00:00Z,1380121
2023-02-01T21:00:00Z,1380121
2023-02-01T20:00:00Z,1380121
2023-02-01T19:00:00Z,1380121
2023-02-01T18:00:00Z,1380121
2023-02-01T17:00:00Z,1380121
2023-02-01T16:00:00Z,1380121
2023-02-01T15:00:00Z,1380121
2023-02-01T14:00:00Z,1380122
2023-02-01T13:00:00Z,1380128
2023-02-01T12:00:00Z,1380130
2023-02-01T11:00:00Z,1380130
2023-02-01T10:00:00Z,1380130
2023-02-01T09:00:00Z,1380130
2023-02-01T08:00:00Z,1380130
2023-02-01T07:00:00Z,1380130
2023-02-01T06:00:00Z,1380130
2023-02-01T05:00:00Z,1380130
2023-02-01T04:00:00Z,1380130
2023-02-01T03:00:00Z,1380130
2023-02-01T02:00:00Z,1380130
2023-02-01T01:00:00Z,1380136
2023-02-01T00:00:00Z,1380136
2023-01-31T23:00:00Z,1380138
2023-01-31T22:00:00Z,1380138
2023-01-31T21:00:00Z,1380140
2023-01-31T20:00:00Z,1380140
2023-01-31T19:00:00Z,1380140
2023-01-31T18:00:00Z,1380140
2023-01-31T17:00:00Z,1380140
2023-01-31T16:00:00Z,1380166
2023-01-31T15:00:00Z,1380166
2023-01-31T14:00:00Z,1380168
2023-01-31T13:00:00Z,1380168
2023-01-31T12:00:00Z,1380168
2023-01-31T11:00:00Z,1380168
2023-01-31T10:00:00Z,1380168
2023-01-31T09:00:00Z,1380168
2023-01-31T08:00:00Z,1380168
2023-01-31T07:00:00Z,1380168
2023-01-31T06:00:00Z,1380168
2023-01-31T05:00:00Z,1380168
2023-01-31T04:00:00Z,1380168
2023-01-31T03:00:00Z,1380168
2023-01-31T02:00:00Z,1380168
2023-01-31T01:00:00Z,1380180
2023-01-31T00:00:00Z,1380180
2023-01-30T23:00:00Z,1380180
2023-01-30T22:00:00Z,1380186
2023-01-30T21:00:00Z,1380186
2023-01-30T20:00:00Z,1380186
2023-01-30T19:00:00Z,1380186
2023-01-30T18:00:00Z,1380186
2023-01-30T17:00:00Z,1380186
2023-01-30T16:00:00Z,1380186
2023-01-30T15:00:00Z,1380186
2023-01-30T14:00:00Z,1380189
2023-01-30T13:00:00Z,1380189
2023-01-30T12:00:00Z,1380201
2023-01-30T11:00:00Z,1380202
2023-01-30T10:00:00Z,1380202
2023-01-30T09:00:00Z,1380202
2023-01-30T08:00:00Z,1380202
2023-01-30T07:00:00Z,1380202
2023-01-30T06:00:00Z,1380202
2023-01-30T05:00:00Z,1380202
2023-01-30T04:00:00Z,1380202
2023-01-30T03:00:00Z,1380202
2023-01-30T02:00:00Z,1380202
2023-01-30T01:00:00Z,1380202
2023-01-30T00:00:00Z,1380205
2023-01-29T23:00:00Z,1380205
2023-01-29T22:00:00Z,1380205
2023-01-29T21:00:00Z,1380208
2023-01-29T20:00:00Z,1380208
2023-01-29T19:00:00Z,1380211
2023-01-29T18:00:00Z,1380212
2023-01-29T17:00:00Z,1380216
2023-01-29T16:00:00Z,1380227
2023-01-29T15:00:00Z,1380227
2023-01-29T14:00:00Z,1380236
2023-01-29T13:00:00Z,1380237
2023-01-29T12:00:00Z,1380237
2023-01-29T11:00:00Z,1380240
2023-01-29T10:00:00Z,1380249
2023-01-29T09:00:00Z,1380249
2023-01-29T08:00:00Z,1380249
2023-01-29T07:00:00Z,1380249
2023-01-29T06:00:00Z,1380249
2023-01-29T05:00:00Z,1380249
2023-01-29T04:00:00Z,1380249
2023-01-29T03:00:00Z,1380249
2023-01-29T02:00:00Z,1380249
2023-01-29T01:00:00Z,1380249
2023-01-29T00:00:00Z,1380249
2023-01-28T23:00:00Z,1380249
2023-01-28T22:00:00Z,1380249
2023-01-28T21:00:00Z,1380249
2023-01-28T20:00:00Z,1380249
2023-01-28T19:00:00Z,1380249
2023-01-28T18:00:00Z,1380249
2023-01-28T17:00:00Z,1380249
2023-01-28T16:00:00Z,1380249
2023-01-28T15:00:00Z,1380249
2023-01-28T14:00:00Z,1380249
2023-01-28T13:00:00Z,1380249
2023-01-28T12:00:00Z,1380257
2023-01-28T11:00:00Z,1380257
2023-01-28T10:00:00Z,1380257
2023-01-28T09:00:00Z,1380258
2023-01-28T08:00:00Z,1380258
2023-01-28T07:00:00Z,1380259
2023-01-28T06:00:00Z,1380259
2023-01-28T05:00:00Z,1380259
2023-01-28T04:00:00Z,1380259
2023-01-28T03:00:00Z,1380454
2023-01-28T02:00:00Z,1380454
2023-01-28T01:00:00Z,1380454
2023-01-28T00:00:00Z,1380454
2023-01-27T23:00:00Z,1380454
2023-01-27T22:00:00Z,1380805
2023-01-27T21:00:00Z,1380810
2023-01-27T20:00:00Z,1380810
2023-01-27T19:00:00Z,1380830
2023-01-27T18:00:00Z,1380830
2023-01-27T17:00:00Z,1380830
2023-01-27T16:00:00Z,1380830
2023-01-27T15:00:00Z,1380830
2023-01-27T14:00:00Z,1380831
2023-01-27T13:00:00Z,1380831
2023-01-27T12:00:00Z,1380831
2023-01-27T11:00:00Z,1380831
2023-01-27T10:00:00Z,1380831
2023-01-27T09:00:00Z,1380831
2023-01-27T08:00:00Z,null
2023-01-27T07:00:00Z,null
2023-01-27T06:00:00Z,null
2023-01-27T05:00:00Z,null
2023-01-27T04:00:00Z,null
2023-01-27T03:00:00Z,null
2023-01-27T02:00:00Z,null
2023-01-27T01:00:00Z,null
2023-01-27T00:00:00Z,null
2023-01-26T23:00:00Z,null
2023-01-26T22:00:00Z,null
2023-01-26T21:00:00Z,null
2023-01-26T20:00:00Z,null
2023-01-26T19:00:00Z,null
2023-01-26T18:00:00Z,null
2023-01-26T17:00:00Z,null
2023-01-26T16:00:00Z,null
2023-01-26T15:00:00Z,null
2023-01-26T14:00:00Z,null
2023-01-26T13:00:00Z,null
2023-01-26T12:00:00Z,null
2023-01-26T11:00:00Z,null
2023-01-26T10:00:00Z,null
2023-01-26T09:00:00Z,null
2023-01-26T08:00:00Z,null
2023-01-26T07:00:00Z,null
2023-01-26T06:00:00Z,null
2023-01-26T05:00:00Z,null
2023-01-26T04:00:00Z,null
2023-01-26T03:00:00Z,null
2023-01-26T02:00:00Z,null
2023-01-26T01:00:00Z,1380910
2023-01-26T00:00:00Z,1380910
2023-01-25T23:00:00Z,1380910
2023-01-25T22:00:00Z,1380916
2023-01-25T21:00:00Z,1380920
2023-01-25T20:00:00Z,1380942
2023-01-25T19:00:00Z,1380942
2023-01-25T18:00:00Z,1380942
2023-01-25T17:00:00Z,1380942
2023-01-25T16:00:00Z,1380942
2023-01-25T15:00:00Z,1380942
2023-01-25T14:00:00Z,1380942
2023-01-25T13:00:00Z,1380943
2023-01-25T12:00:00Z,1380944
2023-01-25T11:00:00Z,1380944
2023-01-25T10:00:00Z,1380944
2023-01-25T09:00:00Z,1380944
2023-01-25T08:00:00Z,1380944
2023-01-25T07:00:00Z,1380944
2023-01-25T06:00:00Z,1380944
2023-01-25T05:00:00Z,1380944
2023-01-25T04:00:00Z,1380944
2023-01-25T03:00:00Z,1380944
2023-01-25T02:00:00Z,1380944
2023-01-25T01:00:00Z,1380944
2023-01-25T00:00:00Z,1380944
2023-01-24T23:00:00Z,1380949
2023-01-24T22:00:00Z,1381298
2023-01-24T21:00:00Z,1381437
2023-01-24T20:00:00Z,1381437
2023-01-24T19:00:00Z,1381437
2023-01-24T18:00:00Z,1381441
2023-01-24T17:00:00Z,1381442
2023-01-24T16:00:00Z,1381442
2023-01-24T15:00:00Z,1381442
2023-01-24T14:00:00Z,1381442
2023-01-24T13:00:00Z,1381442
2023-01-24T12:00:00Z,1381476
2023-01-24T11:00:00Z,1381476
2023-01-24T10:00:00Z,1381476
2023-01-24T09:00:00Z,1381476
2023-01-24T08:00:00Z,1381485
2023-01-24T07:00:00Z,1381485
2023-01-24T06:00:00Z,1381506
2023-01-24T05:00:00Z,1381506
2023-01-24T04:00:00Z,1381506
2023-01-24T03:00:00Z,1381506
2023-01-24T02:00:00Z,1381506
2023-01-24T01:00:00Z,1381506
2023-01-24T00:00:00Z,1381506
2023-01-23T23:00:00Z,1381506
2023-01-23T22:00:00Z,1381506
2023-01-23T21:00:00Z,1381591
2023-01-23T20:00:00Z,1381591
2023-01-23T19:00:00Z,1381619
2023-01-23T18:00:00Z,1381619
2023-01-23T17:00:00Z,1381620
2023-01-23T16:00:00Z,1381620
2023-01-23T15:00:00Z,1381620
2023-01-23T14:00:00Z,1382595
2023-01-23T13:00:00Z,1382595
2023-01-23T12:00:00Z,1382715
2023-01-23T11:00:00Z,1382716
2023-01-23T10:00:00Z,1382716
2023-01-23T09:00:00Z,1382716
2023-01-23T08:00:00Z,1382716
2023-01-23T07:00:00Z,1382768
2023-01-23T06:00:00Z,1382768
2023-01-23T05:00:00Z,1382768
2023-01-23T04:00:00Z,1382768
2023-01-23T03:00:00Z,1382768
2023-01-23T02:00:00Z,1382768
2023-01-23T01:00:00Z,1382857
2023-01-23T00:00:00Z,1382857
2023-01-22T23:00:00Z,1382857
2023-01-22T22:00:00Z,1382947
2023-01-22T21:00:00Z,1382947
2023-01-22T20:00:00Z,1382947
2023-01-22T19:00:00Z,1382947
2023-01-22T18:00:00Z,1382947
2023-01-22T17:00:00Z,1382965
2023-01-22T16:00:00Z,1382965
2023-01-22T15:00:00Z,1382974
2023-01-22T14:00:00Z,1383142
2023-01-22T13:00:00Z,1383142
2023-01-22T12:00:00Z,1383152
2023-01-22T11:00:00Z,1383152
2023-01-22T10:00:00Z,1383152
2023-01-22T09:00:00Z,1383152
2023-01-22T08:00:00Z,1383157
2023-01-22T07:00:00Z,1383157
2023-01-22T06:00:00Z,1383158
2023-01-22T05:00:00Z,1383158
2023-01-22T04:00:00Z,1383158
2023-01-22T03:00:00Z,1383158
2023-01-22T02:00:00Z,1383163
2023-01-22T01:00:00Z,1383163
2023-01-22T00:00:00Z,1383163
2023-01-21T23:00:00Z,1383163
2023-01-21T22:00:00Z,1383163
2023-01-21T21:00:00Z,1383165
2023-01-21T20:00:00Z,1383165
2023-01-21T19:00:00Z,1383165
