timestamp,amounts,uatom
2023-05-08T02:00:00Z,157837564018
2023-05-08T01:00:00Z,157835064718
2023-05-08T00:00:00Z,157835064718
2023-05-07T23:00:00Z,157835064718
2023-05-07T22:00:00Z,157835064718
2023-05-07T21:00:00Z,157835064718
2023-05-07T20:00:00Z,157835064718
2023-05-07T19:00:00Z,158095067718
2023-05-07T18:00:00Z,158095067718
2023-05-07T17:00:00Z,158095067718
2023-05-07T16:00:00Z,158095067718
2023-05-07T15:00:00Z,158095067718
2023-05-07T14:00:00Z,158095067718
2023-05-07T13:00:00Z,157810068418
2023-05-07T12:00:00Z,157810068418
2023-05-07T11:00:00Z,157810068418
2023-05-07T10:00:00Z,157810068418
2023-05-07T09:00:00Z,157810068418
2023-05-07T08:00:00Z,157810068418
2023-05-07T07:00:00Z,157810068418
2023-05-07T06:00:00Z,157810068418
2023-05-07T05:00:00Z,157810068418
2023-05-07T04:00:00Z,157810068418
2023-05-07T03:00:00Z,157796069118
2023-05-07T02:00:00Z,158936072118
2023-05-07T01:00:00Z,158936072118
2023-05-07T00:00:00Z,158935556133
2023-05-06T23:00:00Z,158935556133
2023-05-06T22:00:00Z,158935556133
2023-05-06T21:00:00Z,158935556133
2023-05-06T20:00:00Z,158935556133
2023-05-06T19:00:00Z,158935556133
2023-05-06T18:00:00Z,153919780447
2023-05-06T17:00:00Z,153919780447
2023-05-06T16:00:00Z,153919780447
2023-05-06T15:00:00Z,153919780447
2023-05-06T14:00:00Z,153919780447
2023-05-06T13:00:00Z,154157484047
2023-05-06T12:00:00Z,154157484047
2023-05-06T11:00:00Z,154157484047
2023-05-06T10:00:00Z,154157484047
2023-05-06T09:00:00Z,154157484047
2023-05-06T08:00:00Z,154157484047
2023-05-06T07:00:00Z,152673088747
2023-05-06T06:00:00Z,152673088747
2023-05-06T05:00:00Z,152673088747
2023-05-06T04:00:00Z,152673088747
2023-05-06T03:00:00Z,152673088747
2023-05-06T02:00:00Z,152673088747
2023-05-06T01:00:00Z,152673088747
2023-05-06T00:00:00Z,152673088747
2023-05-05T23:00:00Z,152673088747
2023-05-05T22:00:00Z,152673088747
2023-05-05T21:00:00Z,152673088747
2023-05-05T20:00:00Z,152673088747
2023-05-05T19:00:00Z,152673088747
2023-05-05T18:00:00Z,152673088747
2023-05-05T17:00:00Z,152673088747
2023-05-05T16:00:00Z,152653089447
2023-05-05T15:00:00Z,152652022788
2023-05-05T14:00:00Z,153002025788
2023-05-05T13:00:00Z,153675716381
2023-05-05T12:00:00Z,153675716381
2023-05-05T11:00:00Z,153675716381
2023-05-05T10:00:00Z,153681707681
2023-05-05T09:00:00Z,153681707681
2023-05-05T08:00:00Z,153681707681
2023-05-05T07:00:00Z,153681707681
2023-05-05T06:00:00Z,153681707681
2023-05-05T05:00:00Z,153681707681
2023-05-05T04:00:00Z,153681707681
2023-05-05T03:00:00Z,153681707681
2023-05-05T02:00:00Z,153679409299
2023-05-05T01:00:00Z,153679409299
2023-05-05T00:00:00Z,153678843573
2023-05-04T23:00:00Z,153678843573
2023-05-04T22:00:00Z,153678843573
2023-05-04T21:00:00Z,153678843573
2023-05-04T20:00:00Z,153678843573
2023-05-04T19:00:00Z,153678843573
2023-05-04T18:00:00Z,153678843573
2023-05-04T17:00:00Z,153678843573
2023-05-04T16:00:00Z,153678843573
2023-05-04T15:00:00Z,153702689273
2023-05-04T14:00:00Z,153702689273
2023-05-04T13:00:00Z,153702689273
2023-05-04T12:00:00Z,154107845973
2023-05-04T11:00:00Z,154107845973
2023-05-04T10:00:00Z,154107845973
2023-05-04T09:00:00Z,154107246865
2023-05-04T08:00:00Z,154107246865
2023-05-04T07:00:00Z,154107246865
2023-05-04T06:00:00Z,154107246865
2023-05-04T05:00:00Z,154107246865
2023-05-04T04:00:00Z,154107246865
2023-05-04T03:00:00Z,154107246865
2023-05-04T02:00:00Z,154103747565
2023-05-04T01:00:00Z,154040751265
2023-05-04T00:00:00Z,154040751265
2023-05-03T23:00:00Z,154309855883
2023-05-03T22:00:00Z,154309855883
2023-05-03T21:00:00Z,163415800817
2023-05-03T20:00:00Z,163415800817
2023-05-03T19:00:00Z,163415800817
2023-05-03T18:00:00Z,163415800817
2023-05-03T17:00:00Z,163415800817
2023-05-03T16:00:00Z,163415800817
2023-05-03T15:00:00Z,163415800817
2023-05-03T14:00:00Z,163415800817
2023-05-03T13:00:00Z,163415800817
2023-05-03T12:00:00Z,163415800817
2023-05-03T11:00:00Z,163415800817
2023-05-03T10:00:00Z,163415800817
2023-05-03T09:00:00Z,163279301517
2023-05-03T08:00:00Z,163279301517
2023-05-03T07:00:00Z,163369198817
2023-05-03T06:00:00Z,163369198817
2023-05-03T05:00:00Z,163369198817
2023-05-03T04:00:00Z,163369198817
2023-05-03T03:00:00Z,163348199517
2023-05-03T02:00:00Z,158339157769
2023-05-03T01:00:00Z,158339157769
2023-05-03T00:00:00Z,158339157769
2023-05-02T23:00:00Z,158330158469
2023-05-02T22:00:00Z,159033629315
2023-05-02T21:00:00Z,159033629315
2023-05-02T20:00:00Z,159033629315
2023-05-02T19:00:00Z,159033629315
2023-05-02T18:00:00Z,159033629315
2023-05-02T17:00:00Z,159033629315
2023-05-02T16:00:00Z,159033629315
2023-05-02T15:00:00Z,159033629315
2023-05-02T14:00:00Z,159033629315
2023-05-02T13:00:00Z,159033629315
2023-05-02T12:00:00Z,159033629315
2023-05-02T11:00:00Z,159033629315
2023-05-02T10:00:00Z,159033629315
2023-05-02T09:00:00Z,159033629315
2023-05-02T08:00:00Z,159032330015
2023-05-02T07:00:00Z,159321333015
2023-05-02T06:00:00Z,159565293615
2023-05-02T05:00:00Z,159565293615
2023-05-02T04:00:00Z,159565293615
2023-05-02T03:00:00Z,159562794315
2023-05-02T02:00:00Z,159566409210
2023-05-02T01:00:00Z,159566409210
2023-05-02T00:00:00Z,159566409210
2023-05-01T23:00:00Z,159566409210
2023-05-01T22:00:00Z,159566409210
2023-05-01T21:00:00Z,159566409210
2023-05-01T20:00:00Z,159566409210
2023-05-01T19:00:00Z,159566409210
2023-05-01T18:00:00Z,159566409210
2023-05-01T17:00:00Z,163601102210
2023-05-01T16:00:00Z,163601102210
2023-05-01T15:00:00Z,163601102210
2023-05-01T14:00:00Z,163601102210
2023-05-01T13:00:00Z,163601102210
2023-05-01T12:00:00Z,163601102210
2023-05-01T11:00:00Z,163591803828
2023-05-01T10:00:00Z,163591803828
2023-05-01T09:00:00Z,163591803828
2023-05-01T08:00:00Z,163591803828
2023-05-01T07:00:00Z,163591803828
2023-05-01T06:00:00Z,163591803828
2023-05-01T05:00:00Z,162131004528
2023-05-01T04:00:00Z,162122725228
2023-05-01T03:00:00Z,162122725228
2023-05-01T02:00:00Z,162122725228
2023-05-01T01:00:00Z,162122725228
2023-05-01T00:00:00Z,162122725228
2023-04-30T23:00:00Z,162122725228
2023-04-30T22:00:00Z,162122725228
2023-04-30T21:00:00Z,162365623328
2023-04-30T20:00:00Z,162365623328
2023-04-30T19:00:00Z,162365623328
2023-04-30T18:00:00Z,162365623328
2023-04-30T17:00:00Z,162365623328
2023-04-30T16:00:00Z,162365623328
2023-04-30T15:00:00Z,162365623328
2023-04-30T14:00:00Z,162365623328
2023-04-30T13:00:00Z,162365623328
2023-04-30T12:00:00Z,162322385139
2023-04-30T11:00:00Z,162322385139
2023-04-30T10:00:00Z,162322385139
2023-04-30T09:00:00Z,162322385139
2023-04-30T08:00:00Z,168576084022
2023-04-30T07:00:00Z,168576084022
2023-04-30T06:00:00Z,168576084022
2023-04-30T05:00:00Z,168576084022
2023-04-30T04:00:00Z,168576084022
2023-04-30T03:00:00Z,168576084022
2023-04-30T02:00:00Z,168576084022
2023-04-30T01:00:00Z,168576084022
2023-04-30T00:00:00Z,168576084022
2023-04-29T23:00:00Z,168576084022
2023-04-29T22:00:00Z,168576084022
2023-04-29T21:00:00Z,168576084022
2023-04-29T20:00:00Z,168576084022
2023-04-29T19:00:00Z,168576084022
2023-04-29T18:00:00Z,168576084022
2023-04-29T17:00:00Z,168576084022
2023-04-29T16:00:00Z,168576084022
2023-04-29T15:00:00Z,168076084722
2023-04-29T14:00:00Z,168076084722
2023-04-29T13:00:00Z,168076084722
2023-04-29T12:00:00Z,168076084722
2023-04-29T11:00:00Z,168895116922
2023-04-29T10:00:00Z,168895116922
2023-04-29T09:00:00Z,168895116922
2023-04-29T08:00:00Z,168895116922
2023-04-29T07:00:00Z,168895116922
2023-04-29T06:00:00Z,168895116922
2023-04-29T05:00:00Z,168895116922
2023-04-29T04:00:00Z,168895116922
2023-04-29T03:00:00Z,168895116922
2023-04-29T02:00:00Z,168895116922
2023-04-29T01:00:00Z,168895116922
2023-04-29T00:00:00Z,173210332158
2023-04-28T23:00:00Z,173209712246
2023-04-28T22:00:00Z,173209712246
2023-04-28T21:00:00Z,173209712246
2023-04-28T20:00:00Z,173209712246
2023-04-28T19:00:00Z,173209712246
2023-04-28T18:00:00Z,173209712246
2023-04-28T17:00:00Z,173209712246
2023-04-28T16:00:00Z,173209712246
2023-04-28T15:00:00Z,173209712246
2023-04-28T14:00:00Z,173208312946
2023-04-28T13:00:00Z,173208312946
2023-04-28T12:00:00Z,173208312946
2023-04-28T11:00:00Z,173208312946
2023-04-28T10:00:00Z,173208312946
2023-04-28T09:00:00Z,173208312946
2023-04-28T08:00:00Z,173253342746
2023-04-28T07:00:00Z,173253342746
2023-04-28T06:00:00Z,173253342746
2023-04-28T05:00:00Z,173233343446
2023-04-28T04:00:00Z,173233343446
2023-04-28T03:00:00Z,173033344146
2023-04-28T02:00:00Z,173033344146
2023-04-28T01:00:00Z,173012344846
2023-04-28T00:00:00Z,174152347846
2023-04-27T23:00:00Z,177452350846
2023-04-27T22:00:00Z,177452350846
2023-04-27T21:00:00Z,177452350846
2023-04-27T20:00:00Z,177452350846
2023-04-27T19:00:00Z,177761353846
2023-04-27T18:00:00Z,177761353846
2023-04-27T17:00:00Z,177761353846
2023-04-27T16:00:00Z,177761353846
2023-04-27T15:00:00Z,177761353846
2023-04-27T14:00:00Z,179343801067
2023-04-27T13:00:00Z,180853046291
2023-04-27T12:00:00Z,185817520902
2023-04-27T11:00:00Z,184594924602
2023-04-27T10:00:00Z,183660728302
2023-04-27T09:00:00Z,183660728302
2023-04-27T08:00:00Z,183655729920
2023-04-27T07:00:00Z,183655729920
2023-04-27T06:00:00Z,183655729920
2023-04-27T05:00:00Z,185823732920
2023-04-27T04:00:00Z,185823732920
2023-04-27T03:00:00Z,185823732920
2023-04-27T02:00:00Z,185823732920
2023-04-27T01:00:00Z,185823732920
2023-04-27T00:00:00Z,185974852220
2023-04-26T23:00:00Z,185974852220
2023-04-26T22:00:00Z,185974852220
2023-04-26T21:00:00Z,185974852220
2023-04-26T20:00:00Z,182155052920
2023-04-26T19:00:00Z,182155052920
2023-04-26T18:00:00Z,182155052920
2023-04-26T17:00:00Z,178671975620
2023-04-26T16:00:00Z,175026796320
2023-04-26T15:00:00Z,175026796320
2023-04-26T14:00:00Z,175026796320
2023-04-26T13:00:00Z,175026796320
2023-04-26T12:00:00Z,175026796320
2023-04-26T11:00:00Z,175026796320
2023-04-26T10:00:00Z,175026796320
2023-04-26T09:00:00Z,175026796320
2023-04-26T08:00:00Z,175026796320
2023-04-26T07:00:00Z,174947076609
2023-04-26T06:00:00Z,174947076609
2023-04-26T05:00:00Z,174548677009
2023-04-26T04:00:00Z,174548677009
2023-04-26T03:00:00Z,174548677009
2023-04-26T02:00:00Z,174648483709
2023-04-26T01:00:00Z,174648483709
2023-04-26T00:00:00Z,174648483709
2023-04-25T23:00:00Z,174648483709
2023-04-25T22:00:00Z,174648483709
2023-04-25T21:00:00Z,177873515141
2023-04-25T20:00:00Z,177873515141
2023-04-25T19:00:00Z,177873515141
2023-04-25T18:00:00Z,177873515141
2023-04-25T17:00:00Z,173484817841
2023-04-25T16:00:00Z,173484817841
2023-04-25T15:00:00Z,173484817841
2023-04-25T14:00:00Z,173484817841
2023-04-25T13:00:00Z,173484817841
2023-04-25T12:00:00Z,173479721541
2023-04-25T11:00:00Z,172199484070
2023-04-25T10:00:00Z,172199484070
2023-04-25T09:00:00Z,172199484070
2023-04-25T08:00:00Z,172199484070
2023-04-25T07:00:00Z,172199484070
2023-04-25T06:00:00Z,172189485688
2023-04-25T05:00:00Z,172189485688
2023-04-25T04:00:00Z,172189485688
2023-04-25T03:00:00Z,172189485688
2023-04-25T02:00:00Z,172137686388
2023-04-25T01:00:00Z,172137686388
2023-04-25T00:00:00Z,172137686388
2023-04-24T23:00:00Z,172238279188
2023-04-24T22:00:00Z,172238279188
2023-04-24T21:00:00Z,172238279188
2023-04-24T20:00:00Z,172238279188
2023-04-24T19:00:00Z,172238279188
2023-04-24T18:00:00Z,172238279188
2023-04-24T17:00:00Z,172238279188
2023-04-24T16:00:00Z,172238279188
2023-04-24T15:00:00Z,172238279188
2023-04-24T14:00:00Z,175845282188
2023-04-24T13:00:00Z,175845282188
2023-04-24T12:00:00Z,175845282188
2023-04-24T11:00:00Z,175845282188
2023-04-24T10:00:00Z,175845282188
2023-04-24T09:00:00Z,175771919470
2023-04-24T08:00:00Z,175716920170
2023-04-24T07:00:00Z,175716920170
2023-04-24T06:00:00Z,175726823170
2023-04-24T05:00:00Z,175610604570
2023-04-24T04:00:00Z,175610604570
2023-04-24T03:00:00Z,175644313070
2023-04-24T02:00:00Z,175237765637
2023-04-24T01:00:00Z,175237765637
2023-04-24T00:00:00Z,175237765637
2023-04-23T23:00:00Z,178023504868
2023-04-23T22:00:00Z,178023504868
2023-04-23T21:00:00Z,178023504868
2023-04-23T20:00:00Z,178023504868
2023-04-23T19:00:00Z,178023504868
2023-04-23T18:00:00Z,178023504868
2023-04-23T17:00:00Z,178023504868
2023-04-23T16:00:00Z,178023504868
2023-04-23T15:00:00Z,178023504868
2023-04-23T14:00:00Z,178023504868
2023-04-23T13:00:00Z,178023504868
2023-04-23T12:00:00Z,178023504868
2023-04-23T11:00:00Z,178023504868
2023-04-23T10:00:00Z,178021705568
2023-04-23T09:00:00Z,178021705568
2023-04-23T08:00:00Z,178021705568
2023-04-23T07:00:00Z,178008606268
2023-04-23T06:00:00Z,178008606268
2023-04-23T05:00:00Z,178008606268
2023-04-23T04:00:00Z,178053715685
2023-04-23T03:00:00Z,178053715685
2023-04-23T02:00:00Z,178053715685
2023-04-23T01:00:00Z,178033716385
2023-04-23T00:00:00Z,178033716385
2023-04-22T23:00:00Z,177988510668
2023-04-22T22:00:00Z,177988510668
2023-04-22T21:00:00Z,177988510668
2023-04-22T20:00:00Z,177988510668
2023-04-22T19:00:00Z,177988510668
2023-04-22T18:00:00Z,177988510668
2023-04-22T17:00:00Z,177988510668
2023-04-22T16:00:00Z,177988510668
2023-04-22T15:00:00Z,177988510668
2023-04-22T14:00:00Z,177988510668
2023-04-22T13:00:00Z,177988510668
2023-04-22T12:00:00Z,177988510668
2023-04-22T11:00:00Z,177988510668
2023-04-22T10:00:00Z,175123140968
2023-04-22T09:00:00Z,175123140968
2023-04-22T08:00:00Z,175124419768
2023-04-22T07:00:00Z,175124419768
2023-04-22T06:00:00Z,175124419768
2023-04-22T05:00:00Z,178101322768
2023-04-22T04:00:00Z,178193147768
2023-04-22T03:00:00Z,178193147768
2023-04-22T02:00:00Z,178193147768
2023-04-22T01:00:00Z,178322360468
2023-04-22T00:00:00Z,178473703468
2023-04-21T23:00:00Z,178964706468
2023-04-21T22:00:00Z,174012211185
2023-04-21T21:00:00Z,177518121346
2023-04-21T20:00:00Z,177518121346
2023-04-21T19:00:00Z,177518121346
2023-04-21T18:00:00Z,177518121346
2023-04-21T17:00:00Z,177518121346
2023-04-21T16:00:00Z,177518121346
2023-04-21T15:00:00Z,177464123446
2023-04-21T14:00:00Z,177372124846
2023-04-21T13:00:00Z,178372127846
2023-04-21T12:00:00Z,174853628546
2023-04-21T11:00:00Z,174853628546
2023-04-21T10:00:00Z,174853628546
2023-04-21T09:00:00Z,174853628546
2023-04-21T08:00:00Z,174853628546
2023-04-21T07:00:00Z,174853628546
2023-04-21T06:00:00Z,169819335501
2023-04-21T05:00:00Z,170480276401
2023-04-21T04:00:00Z,170480276401
2023-04-21T03:00:00Z,170480276401
2023-04-21T02:00:00Z,170480276401
2023-04-21T01:00:00Z,176400592997
2023-04-21T00:00:00Z,176400592997
2023-04-20T23:00:00Z,176400592997
2023-04-20T22:00:00Z,176400592997
2023-04-20T21:00:00Z,176400592997
2023-04-20T20:00:00Z,176400592997
2023-04-20T19:00:00Z,176400592997
2023-04-20T18:00:00Z,176400592997
2023-04-20T17:00:00Z,172603497697
2023-04-20T16:00:00Z,174956437528
2023-04-20T15:00:00Z,174956437528
2023-04-20T14:00:00Z,174956437528
2023-04-20T13:00:00Z,175151340528
2023-04-20T12:00:00Z,175151340528
2023-04-20T11:00:00Z,175151340528
2023-04-20T10:00:00Z,175151340528
2023-04-20T09:00:00Z,175398228628
2023-04-20T08:00:00Z,175385847328
2023-04-20T07:00:00Z,171686628028
2023-04-20T06:00:00Z,171686628028
2023-04-20T05:00:00Z,171686628028
2023-04-20T04:00:00Z,173753607570
2023-04-20T03:00:00Z,173753607570
2023-04-20T02:00:00Z,173588350286
2023-04-20T01:00:00Z,164306722949
2023-04-20T00:00:00Z,164306722949
2023-04-19T23:00:00Z,164301434567
2023-04-19T22:00:00Z,164301434567
2023-04-19T21:00:00Z,164301434567
2023-04-19T20:00:00Z,164301434567
2023-04-19T19:00:00Z,null
2023-04-19T18:00:00Z,165967747567
2023-04-19T17:00:00Z,165967747567
2023-04-19T16:00:00Z,165967747567
2023-04-19T15:00:00Z,165967747567
2023-04-19T14:00:00Z,165967747567
2023-04-19T13:00:00Z,165967747567
2023-04-19T12:00:00Z,164108221267
2023-04-19T11:00:00Z,161635214733
2023-04-19T10:00:00Z,161635214733
2023-04-19T09:00:00Z,161351153433
2023-04-19T08:00:00Z,161664156433
2023-04-19T07:00:00Z,161664156433
2023-04-19T06:00:00Z,161664156433
2023-04-19T05:00:00Z,161663468934
2023-04-19T04:00:00Z,163327707700
2023-04-19T03:00:00Z,163327707700
2023-04-19T02:00:00Z,163244708400
2023-04-19T01:00:00Z,163204709100
2023-04-19T00:00:00Z,163528712100
2023-04-18T23:00:00Z,163528712100
2023-04-18T22:00:00Z,163528712100
2023-04-18T21:00:00Z,163528712100
2023-04-18T20:00:00Z,163528712100
2023-04-18T19:00:00Z,163528712100
2023-04-18T18:00:00Z,163528712100
2023-04-18T17:00:00Z,163528712100
2023-04-18T16:00:00Z,163528712100
2023-04-18T15:00:00Z,163528712100
2023-04-18T14:00:00Z,163528712100
2023-04-18T13:00:00Z,165615873518
2023-04-18T12:00:00Z,165222967218
2023-04-18T11:00:00Z,165222967218
2023-04-18T10:00:00Z,165222967218
2023-04-18T09:00:00Z,165222967218
2023-04-18T08:00:00Z,165222967218
2023-04-18T07:00:00Z,165252910218
2023-04-18T06:00:00Z,166639853218
2023-04-18T05:00:00Z,166639853218
2023-04-18T04:00:00Z,166639853218
2023-04-18T03:00:00Z,166639853218
2023-04-18T02:00:00Z,166639853218
2023-04-18T01:00:00Z,166639853218
2023-04-18T00:00:00Z,169993864712
2023-04-17T23:00:00Z,169993864712
2023-04-17T22:00:00Z,170035982312
2023-04-17T21:00:00Z,170035982312
2023-04-17T20:00:00Z,170035982312
2023-04-17T19:00:00Z,170306376597
2023-04-17T18:00:00Z,170306376597
2023-04-17T17:00:00Z,170306376597
2023-04-17T16:00:00Z,168810377297
2023-04-17T15:00:00Z,168539886712
2023-04-17T14:00:00Z,168539886712
2023-04-17T13:00:00Z,168539886712
2023-04-17T12:00:00Z,168539886712
2023-04-17T11:00:00Z,168539886712
2023-04-17T10:00:00Z,167746228164
2023-04-17T09:00:00Z,167730228864
2023-04-17T08:00:00Z,167730228864
2023-04-17T07:00:00Z,167700549564
2023-04-17T06:00:00Z,167700549564
2023-04-17T05:00:00Z,167696550264
2023-04-17T04:00:00Z,167507310964
2023-04-17T03:00:00Z,166962312364
2023-04-17T02:00:00Z,166585313064
2023-04-17T01:00:00Z,166585313064
2023-04-17T00:00:00Z,170466623132
2023-04-16T23:00:00Z,170452723832
2023-04-16T22:00:00Z,170452723832
2023-04-16T21:00:00Z,170452723832
2023-04-16T20:00:00Z,170452723832
2023-04-16T19:00:00Z,170452723832
2023-04-16T18:00:00Z,170452723832
2023-04-16T17:00:00Z,170452723832
2023-04-16T16:00:00Z,171091726832
2023-04-16T15:00:00Z,171091726832
2023-04-16T14:00:00Z,171091726832
2023-04-16T13:00:00Z,171091726832
2023-04-16T12:00:00Z,171958679832
2023-04-16T11:00:00Z,171958679832
2023-04-16T10:00:00Z,172131883532
2023-04-16T09:00:00Z,172131883532
2023-04-16T08:00:00Z,172131883532
2023-04-16T07:00:00Z,172339890232
2023-04-16T06:00:00Z,172339890232
2023-04-16T05:00:00Z,172339890232
2023-04-16T04:00:00Z,172339890232
2023-04-16T03:00:00Z,176518929060
2023-04-16T02:00:00Z,176518929060
2023-04-16T01:00:00Z,177835432060
2023-04-16T00:00:00Z,177835432060
2023-04-15T23:00:00Z,177835432060
2023-04-15T22:00:00Z,177835432060
2023-04-15T21:00:00Z,177835432060
2023-04-15T20:00:00Z,177835432060
2023-04-15T19:00:00Z,177835432060
2023-04-15T18:00:00Z,177835432060
2023-04-15T17:00:00Z,177835432060
2023-04-15T16:00:00Z,178019343705
2023-04-15T15:00:00Z,178019343705
2023-04-15T14:00:00Z,178019343705
2023-04-15T13:00:00Z,176651244405
2023-04-15T12:00:00Z,176630245105
2023-04-15T11:00:00Z,177058856660
2023-04-15T10:00:00Z,177058856660
2023-04-15T09:00:00Z,177058856660
2023-04-15T08:00:00Z,183113798619
2023-04-15T07:00:00Z,183113798619
2023-04-15T06:00:00Z,183113798619
2023-04-15T05:00:00Z,183113798619
2023-04-15T04:00:00Z,183113798619
2023-04-15T03:00:00Z,183132682919
2023-04-15T02:00:00Z,183401828419
2023-04-15T01:00:00Z,183401828419
2023-04-15T00:00:00Z,183401828419
2023-04-14T23:00:00Z,182029429119
2023-04-14T22:00:00Z,182029429119
2023-04-14T21:00:00Z,182029429119
2023-04-14T20:00:00Z,182029429119
2023-04-14T19:00:00Z,182029429119
2023-04-14T18:00:00Z,182029429119
2023-04-14T17:00:00Z,182029429119
2023-04-14T16:00:00Z,182029429119
2023-04-14T15:00:00Z,180672329819
2023-04-14T14:00:00Z,180672329819
2023-04-14T13:00:00Z,180672329819
2023-04-14T12:00:00Z,180672329819
2023-04-14T11:00:00Z,184728773737
2023-04-14T10:00:00Z,184755146737
2023-04-14T09:00:00Z,184755146737
2023-04-14T08:00:00Z,186624895614
2023-04-14T07:00:00Z,186624895614
2023-04-14T06:00:00Z,186624895614
2023-04-14T05:00:00Z,191455362365
2023-04-14T04:00:00Z,191769896795
2023-04-14T03:00:00Z,191769896795
2023-04-14T02:00:00Z,191769896795
2023-04-14T01:00:00Z,190363176356
2023-04-14T00:00:00Z,190363176356
2023-04-13T23:00:00Z,190363176356
2023-04-13T22:00:00Z,190913179356
2023-04-13T21:00:00Z,190913179356
2023-04-13T20:00:00Z,190913179356
2023-04-13T19:00:00Z,190913179356
2023-04-13T18:00:00Z,190913179356
2023-04-13T17:00:00Z,190913179356
2023-04-13T16:00:00Z,193068185394
2023-04-13T15:00:00Z,193068185394
2023-04-13T14:00:00Z,193068185394
2023-04-13T13:00:00Z,202439437032
2023-04-13T12:00:00Z,202439437032
2023-04-13T11:00:00Z,202439437032
2023-04-13T10:00:00Z,202439437032
2023-04-13T09:00:00Z,202439437032
2023-04-13T08:00:00Z,200974737732
2023-04-13T07:00:00Z,201108231732
2023-04-13T06:00:00Z,201108231732
2023-04-13T05:00:00Z,201108231732
2023-04-13T04:00:00Z,201233131132
2023-04-13T03:00:00Z,201314932350
2023-04-13T02:00:00Z,199963507330
2023-04-13T01:00:00Z,199882526194
2023-04-13T00:00:00Z,199859526894
2023-04-12T23:00:00Z,199759527594
2023-04-12T22:00:00Z,199759527594
2023-04-12T21:00:00Z,199759527594
2023-04-12T20:00:00Z,199759527594
2023-04-12T19:00:00Z,202861354717
2023-04-12T18:00:00Z,202861354717
2023-04-12T17:00:00Z,202861354717
2023-04-12T16:00:00Z,202861354717
2023-04-12T15:00:00Z,202861354717
2023-04-12T14:00:00Z,202584655417
2023-04-12T13:00:00Z,202903659117
2023-04-12T12:00:00Z,204380162117
2023-04-12T11:00:00Z,207431574045
2023-04-12T10:00:00Z,207431574045
2023-04-12T09:00:00Z,205431574745
2023-04-12T08:00:00Z,205411463908
2023-04-12T07:00:00Z,205411463908
2023-04-12T06:00:00Z,205411463908
2023-04-12T05:00:00Z,205541366908
2023-04-12T04:00:00Z,205541366908
2023-04-12T03:00:00Z,205541366908
2023-04-12T02:00:00Z,205541366908
2023-04-12T01:00:00Z,205538417608
2023-04-12T00:00:00Z,205538417608
2023-04-11T23:00:00Z,205538417608
2023-04-11T22:00:00Z,205373418308
2023-04-11T21:00:00Z,205373418308
2023-04-11T20:00:00Z,205373418308
2023-04-11T19:00:00Z,205373418308
2023-04-11T18:00:00Z,205373418308
2023-04-11T17:00:00Z,205373418308
2023-04-11T16:00:00Z,205373418308
2023-04-11T15:00:00Z,205373418308
2023-04-11T14:00:00Z,205941519060
2023-04-11T13:00:00Z,206053522060
2023-04-11T12:00:00Z,206053522060
2023-04-11T11:00:00Z,204585922760
2023-04-11T10:00:00Z,204512891986
2023-04-11T09:00:00Z,204512891986
2023-04-11T08:00:00Z,204514792986
2023-04-11T07:00:00Z,204514792986
2023-04-11T06:00:00Z,204514792986
2023-04-11T05:00:00Z,204514792986
2023-04-11T04:00:00Z,204514792986
2023-04-11T03:00:00Z,204459793686
2023-04-11T02:00:00Z,204459793686
2023-04-11T01:00:00Z,202963195086
2023-04-11T00:00:00Z,203113098086
2023-04-10T23:00:00Z,203110349704
2023-04-10T22:00:00Z,203110349704
2023-04-10T21:00:00Z,203110349704
2023-04-10T20:00:00Z,203110349704
2023-04-10T19:00:00Z,203110349704
2023-04-10T18:00:00Z,203110349704
2023-04-10T17:00:00Z,203110349704
2023-04-10T16:00:00Z,203110349704
2023-04-10T15:00:00Z,203110349704
2023-04-10T14:00:00Z,202918351804
2023-04-10T13:00:00Z,202952749704
2023-04-10T12:00:00Z,203170652704
2023-04-10T11:00:00Z,203170652704
2023-04-10T10:00:00Z,203170652704
2023-04-10T09:00:00Z,202302388104
2023-04-10T08:00:00Z,202302388104
2023-04-10T07:00:00Z,202302388104
2023-04-10T06:00:00Z,202271490422
2023-04-10T05:00:00Z,201784491822
2023-04-10T04:00:00Z,201784491822
2023-04-10T03:00:00Z,201781992522
2023-04-10T02:00:00Z,201854264122
2023-04-10T01:00:00Z,201854264122
2023-04-10T00:00:00Z,201939974622
2023-04-09T23:00:00Z,201939974622
2023-04-09T22:00:00Z,201939974622
2023-04-09T21:00:00Z,201939974622
2023-04-09T20:00:00Z,201939974622
2023-04-09T19:00:00Z,201939974622
2023-04-09T18:00:00Z,201939974622
2023-04-09T17:00:00Z,201939974622
2023-04-09T16:00:00Z,201939974622
2023-04-09T15:00:00Z,201937920841
2023-04-09T14:00:00Z,201937920841
2023-04-09T13:00:00Z,201937920841
2023-04-09T12:00:00Z,201937920841
2023-04-09T11:00:00Z,202680254941
2023-04-09T10:00:00Z,202680254941
2023-04-09T09:00:00Z,205318871616
2023-04-09T08:00:00Z,205318871616
2023-04-09T07:00:00Z,203797472316
2023-04-09T06:00:00Z,203797472316
2023-04-09T05:00:00Z,203797472316
2023-04-09T04:00:00Z,203797472316
2023-04-09T03:00:00Z,203675703016
2023-04-09T02:00:00Z,203675703016
2023-04-09T01:00:00Z,203677929216
2023-04-09T00:00:00Z,203677929216
2023-04-08T23:00:00Z,203677929216
2023-04-08T22:00:00Z,203691615716
2023-04-08T21:00:00Z,203691615716
2023-04-08T20:00:00Z,203691615716
2023-04-08T19:00:00Z,203691615716
2023-04-08T18:00:00Z,203691615716
2023-04-08T17:00:00Z,203691615716
2023-04-08T16:00:00Z,203691615716
2023-04-08T15:00:00Z,203329230416
2023-04-08T14:00:00Z,203329230416
2023-04-08T13:00:00Z,204458136916
2023-04-08T12:00:00Z,204458136916
2023-04-08T11:00:00Z,204458136916
2023-04-08T10:00:00Z,204458136916
2023-04-08T09:00:00Z,204458136916
2023-04-08T08:00:00Z,204458136916
2023-04-08T07:00:00Z,204458136916
2023-04-08T06:00:00Z,204458136916
2023-04-08T05:00:00Z,204458136916
2023-04-08T04:00:00Z,205448139916
2023-04-08T03:00:00Z,205448139916
2023-04-08T02:00:00Z,205448139916
2023-04-08T01:00:00Z,205197140616
2023-04-08T00:00:00Z,205197140616
2023-04-07T23:00:00Z,205197140616
2023-04-07T22:00:00Z,205197140616
2023-04-07T21:00:00Z,205197140616
2023-04-07T20:00:00Z,205197140616
2023-04-07T19:00:00Z,205197140616
2023-04-07T18:00:00Z,205197140616
2023-04-07T17:00:00Z,205197140616
2023-04-07T16:00:00Z,205197140616
2023-04-07T15:00:00Z,205627143616
2023-04-07T14:00:00Z,204126548316
2023-04-07T13:00:00Z,201767561016
2023-04-07T12:00:00Z,201767561016
2023-04-07T11:00:00Z,204658929379
2023-04-07T10:00:00Z,204658929379
2023-04-07T09:00:00Z,200382074079
2023-04-07T08:00:00Z,200382074079
2023-04-07T07:00:00Z,199704200337
2023-04-07T06:00:00Z,199017470545
2023-04-07T05:00:00Z,199018473545
2023-04-07T04:00:00Z,199018473545
2023-04-07T03:00:00Z,196806044245
2023-04-07T02:00:00Z,195324648945
2023-04-07T01:00:00Z,195324648945
2023-04-07T00:00:00Z,194451804745
2023-04-06T23:00:00Z,193353666220
2023-04-06T22:00:00Z,193353666220
2023-04-06T21:00:00Z,193353666220
2023-04-06T20:00:00Z,193353666220
2023-04-06T19:00:00Z,193353666220
2023-04-06T18:00:00Z,193353666220
2023-04-06T17:00:00Z,193353666220
2023-04-06T16:00:00Z,193354669220
2023-04-06T15:00:00Z,193354669220
2023-04-06T14:00:00Z,191907369920
2023-04-06T13:00:00Z,191907369920
2023-04-06T12:00:00Z,191807370620
2023-04-06T11:00:00Z,191819773620
2023-04-06T10:00:00Z,191819773620
2023-04-06T09:00:00Z,191819773620
2023-04-06T08:00:00Z,191819773620
2023-04-06T07:00:00Z,191828943593
2023-04-06T06:00:00Z,191828943593
2023-04-06T05:00:00Z,191828943593
2023-04-06T04:00:00Z,191828943593
2023-04-06T03:00:00Z,198291499537
2023-04-06T02:00:00Z,199188854155
2023-04-06T01:00:00Z,199188854155
2023-04-06T00:00:00Z,199188854155
2023-04-05T23:00:00Z,199489857155
2023-04-05T22:00:00Z,199489857155
2023-04-05T21:00:00Z,199489857155
2023-04-05T20:00:00Z,199489857155
2023-04-05T19:00:00Z,199489857155
2023-04-05T18:00:00Z,199489857155
2023-04-05T17:00:00Z,199489857155
2023-04-05T16:00:00Z,199489857155
2023-04-05T15:00:00Z,198002457855
2023-04-05T14:00:00Z,197336582103
2023-04-05T13:00:00Z,197336582103
2023-04-05T12:00:00Z,195880682803
2023-04-05T11:00:00Z,195880682803
2023-04-05T10:00:00Z,195880682803
2023-04-05T09:00:00Z,199176204266
2023-04-05T08:00:00Z,199176204266
2023-04-05T07:00:00Z,199176204266
2023-04-05T06:00:00Z,198876204966
2023-04-05T05:00:00Z,205107131221
2023-04-05T04:00:00Z,205107131221
2023-04-05T03:00:00Z,205174137221
2023-04-05T02:00:00Z,206635824921
2023-04-05T01:00:00Z,206616617239
2023-04-05T00:00:00Z,206616617239
2023-04-04T23:00:00Z,206593617939
2023-04-04T22:00:00Z,205918732639
2023-04-04T21:00:00Z,205918732639
2023-04-04T20:00:00Z,205918732639
2023-04-04T19:00:00Z,205918732639
2023-04-04T18:00:00Z,205983743139
2023-04-04T17:00:00Z,206284746139
2023-04-04T16:00:00Z,206312897839
2023-04-04T15:00:00Z,205638122539
2023-04-04T14:00:00Z,205692325539
2023-04-04T13:00:00Z,205692325539
2023-04-04T12:00:00Z,208695021939
2023-04-04T11:00:00Z,208385022639
2023-04-04T10:00:00Z,208385022639
2023-04-04T09:00:00Z,212598353265
2023-04-04T08:00:00Z,212598353265
2023-04-04T07:00:00Z,212598353265
2023-04-04T06:00:00Z,212616256265
2023-04-04T05:00:00Z,212616256265
2023-04-04T04:00:00Z,212617259265
2023-04-04T03:00:00Z,212617259265
2023-04-04T02:00:00Z,212617259265
2023-04-04T01:00:00Z,212612759965
2023-04-04T00:00:00Z,212612759965
2023-04-03T23:00:00Z,212612759965
2023-04-03T22:00:00Z,212595760665
2023-04-03T21:00:00Z,214733685295
2023-04-03T20:00:00Z,214733685295
2023-04-03T19:00:00Z,214733685295
2023-04-03T18:00:00Z,214733685295
2023-04-03T17:00:00Z,213933689995
2023-04-03T16:00:00Z,213933689995
2023-04-03T15:00:00Z,213933689995
2023-04-03T14:00:00Z,213933689995
2023-04-03T13:00:00Z,213967341197
2023-04-03T12:00:00Z,213967341197
2023-04-03T11:00:00Z,213967341197
2023-04-03T10:00:00Z,213967341197
2023-04-03T09:00:00Z,212772844897
2023-04-03T08:00:00Z,222298508681
2023-04-03T07:00:00Z,222298508681
2023-04-03T06:00:00Z,222298508681
2023-04-03T05:00:00Z,222304525581
2023-04-03T04:00:00Z,222304525581
2023-04-03T03:00:00Z,222804528581
2023-04-03T02:00:00Z,215009589081
2023-04-03T01:00:00Z,216986555800
2023-04-03T00:00:00Z,216931556500
2023-04-02T23:00:00Z,216932559500
2023-04-02T22:00:00Z,216932559500
2023-04-02T21:00:00Z,216932559500
2023-04-02T20:00:00Z,215433964200
2023-04-02T19:00:00Z,215433964200
2023-04-02T18:00:00Z,215433964200
2023-04-02T17:00:00Z,215433964200
2023-04-02T16:00:00Z,215433964200
2023-04-02T15:00:00Z,214055014600
2023-04-02T14:00:00Z,214055014600
2023-04-02T13:00:00Z,214021974198
2023-04-02T12:00:00Z,214190270513
2023-04-02T11:00:00Z,214190270513
2023-04-02T10:00:00Z,215651073513
2023-04-02T09:00:00Z,215651073513
2023-04-02T08:00:00Z,215943077213
2023-04-02T07:00:00Z,215943077213
2023-04-02T06:00:00Z,215743077913
2023-04-02T05:00:00Z,215743077913
2023-04-02T04:00:00Z,215743077913
2023-04-02T03:00:00Z,215743077913
2023-04-02T02:00:00Z,215743077913
2023-04-02T01:00:00Z,215743077913
2023-04-02T00:00:00Z,215743077913
2023-04-01T23:00:00Z,216243080913
2023-04-01T22:00:00Z,214781381613
2023-04-01T21:00:00Z,214781381613
2023-04-01T20:00:00Z,219565088332
2023-04-01T19:00:00Z,219565088332
2023-04-01T18:00:00Z,224890602634
2023-04-01T17:00:00Z,224890602634
2023-04-01T16:00:00Z,213017039320
2023-04-01T15:00:00Z,213017039320
2023-04-01T14:00:00Z,213017039320
2023-04-01T13:00:00Z,213017039320
2023-04-01T12:00:00Z,213017039320
2023-04-01T11:00:00Z,213017039320
2023-04-01T10:00:00Z,216626042320
2023-04-01T09:00:00Z,216626042320
2023-04-01T08:00:00Z,216626042320
2023-04-01T07:00:00Z,216626042320
2023-04-01T06:00:00Z,216626042320
2023-04-01T05:00:00Z,216652245320
2023-04-01T04:00:00Z,216652245320
2023-04-01T03:00:00Z,216652245320
2023-04-01T02:00:00Z,216652245320
2023-04-01T01:00:00Z,217002248320
2023-04-01T00:00:00Z,214502079720
2023-03-31T23:00:00Z,213517935796
2023-03-31T22:00:00Z,214094938796
2023-03-31T21:00:00Z,209436821156
2023-03-31T20:00:00Z,209436821156
2023-03-31T19:00:00Z,209007821856
2023-03-31T18:00:00Z,209007821856
2023-03-31T17:00:00Z,209007821856
2023-03-31T16:00:00Z,209007821856
2023-03-31T15:00:00Z,209007821856
2023-03-31T14:00:00Z,209007821856
2023-03-31T13:00:00Z,209007821856
2023-03-31T12:00:00Z,209007821856
2023-03-31T11:00:00Z,209007821856
2023-03-31T10:00:00Z,209007821856
2023-03-31T09:00:00Z,216882398623
2023-03-31T08:00:00Z,216884729925
2023-03-31T07:00:00Z,216884729925
2023-03-31T06:00:00Z,218210433959
2023-03-31T05:00:00Z,218210433959
2023-03-31T04:00:00Z,217930878557
2023-03-31T03:00:00Z,216442479257
2023-03-31T02:00:00Z,204204248766
2023-03-31T01:00:00Z,204204248766
2023-03-31T00:00:00Z,203452250166
2023-03-30T23:00:00Z,203452250166
2023-03-30T22:00:00Z,203336110866
2023-03-30T21:00:00Z,203336110866
2023-03-30T20:00:00Z,203336110866
2023-03-30T19:00:00Z,203336110866
2023-03-30T18:00:00Z,203336110866
2023-03-30T17:00:00Z,202320111566
2023-03-30T16:00:00Z,197290538504
2023-03-30T15:00:00Z,197290538504
2023-03-30T14:00:00Z,197290538504
2023-03-30T13:00:00Z,197966452424
2023-03-30T12:00:00Z,197988359024
2023-03-30T11:00:00Z,197988359024
2023-03-30T10:00:00Z,197988359024
2023-03-30T09:00:00Z,197988359024
2023-03-30T08:00:00Z,197988359024
2023-03-30T07:00:00Z,197988359024
2023-03-30T06:00:00Z,196499959724
2023-03-30T05:00:00Z,196183200446
2023-03-30T04:00:00Z,198721223446
2023-03-30T03:00:00Z,196842479246
2023-03-30T02:00:00Z,196839760864
2023-03-30T01:00:00Z,null
2023-03-30T00:00:00Z,null
2023-03-29T23:00:00Z,null
2023-03-29T22:00:00Z,null
2023-03-29T21:00:00Z,null
2023-03-29T20:00:00Z,null
2023-03-29T19:00:00Z,null
2023-03-29T18:00:00Z,201841407960
2023-03-29T17:00:00Z,201846410960
2023-03-29T16:00:00Z,202121194960
2023-03-29T15:00:00Z,197308569205
2023-03-29T14:00:00Z,196809569905
2023-03-29T13:00:00Z,200681308514
2023-03-29T12:00:00Z,193522168201
2023-03-29T11:00:00Z,194325171201
2023-03-29T10:00:00Z,187219395121
2023-03-29T09:00:00Z,186086060843
2023-03-29T08:00:00Z,190263837443
2023-03-29T07:00:00Z,182242280936
2023-03-29T06:00:00Z,null
2023-03-29T05:00:00Z,176733159079
2023-03-29T04:00:00Z,176857165079
2023-03-29T03:00:00Z,178676281279
2023-03-29T02:00:00Z,178676281279
2023-03-29T01:00:00Z,178828953679
2023-03-29T00:00:00Z,178828953679
2023-03-28T23:00:00Z,178812215997
2023-03-28T22:00:00Z,178812215997
2023-03-28T21:00:00Z,180780621997
2023-03-28T20:00:00Z,180780621997
2023-03-28T19:00:00Z,179314022697
2023-03-28T18:00:00Z,179314022697
2023-03-28T17:00:00Z,179314022697
2023-03-28T16:00:00Z,182647815697
2023-03-28T15:00:00Z,182647815697
2023-03-28T14:00:00Z,177462016588
2023-03-28T13:00:00Z,175969517288
2023-03-28T12:00:00Z,175969517288
2023-03-28T11:00:00Z,175969517288
2023-03-28T10:00:00Z,176839420288
2023-03-28T09:00:00Z,176839420288
2023-03-28T08:00:00Z,176734420988
2023-03-28T07:00:00Z,179851391197
2023-03-28T06:00:00Z,179851391197
2023-03-28T05:00:00Z,179851391197
2023-03-28T04:00:00Z,179851391197
2023-03-28T03:00:00Z,179851391197
2023-03-28T02:00:00Z,181295567197
2023-03-28T01:00:00Z,181295567197
2023-03-28T00:00:00Z,181295567197
2023-03-27T23:00:00Z,181280567897
2023-03-27T22:00:00Z,181428167997
2023-03-27T21:00:00Z,181428167997
2023-03-27T20:00:00Z,181428167997
2023-03-27T19:00:00Z,181428167997
2023-03-27T18:00:00Z,181428167997
2023-03-27T17:00:00Z,181428167997
2023-03-27T16:00:00Z,181428167997
2023-03-27T15:00:00Z,181063038197
2023-03-27T14:00:00Z,181063038197
2023-03-27T13:00:00Z,181034323463
2023-03-27T12:00:00Z,179548924163
2023-03-27T11:00:00Z,179555727163
2023-03-27T10:00:00Z,179555727163
2023-03-27T09:00:00Z,176864684267
2023-03-27T08:00:00Z,176864684267
2023-03-27T07:00:00Z,176874687267
2023-03-27T06:00:00Z,176874687267
2023-03-27T05:00:00Z,175171627239
2023-03-27T04:00:00Z,175171627239
2023-03-27T03:00:00Z,175169627939
2023-03-27T02:00:00Z,175169627939
2023-03-27T01:00:00Z,175161628639
2023-03-27T00:00:00Z,175161628639
2023-03-26T23:00:00Z,175161628639
2023-03-26T22:00:00Z,175161628639
2023-03-26T21:00:00Z,175161628639
2023-03-26T20:00:00Z,177523424274
2023-03-26T19:00:00Z,177523424274
2023-03-26T18:00:00Z,177523424274
2023-03-26T17:00:00Z,177523424274
2023-03-26T16:00:00Z,177523424274
2023-03-26T15:00:00Z,177523424274
2023-03-26T14:00:00Z,177523424274
2023-03-26T13:00:00Z,179156638674
2023-03-26T12:00:00Z,179156638674
2023-03-26T11:00:00Z,179156638674
2023-03-26T10:00:00Z,179156638674
2023-03-26T09:00:00Z,179156638674
2023-03-26T08:00:00Z,179156638674
2023-03-26T07:00:00Z,179156638674
2023-03-26T06:00:00Z,179156638674
2023-03-26T05:00:00Z,179540772374
2023-03-26T04:00:00Z,179540772374
2023-03-26T03:00:00Z,184529659559
2023-03-26T02:00:00Z,184529659559
2023-03-26T01:00:00Z,184529659559
2023-03-26T00:00:00Z,184732131259
2023-03-25T23:00:00Z,185617739259
2023-03-25T22:00:00Z,184630246959
2023-03-25T21:00:00Z,184589747659
2023-03-25T20:00:00Z,175398227600
2023-03-25T19:00:00Z,175398227600
2023-03-25T18:00:00Z,175398227600
2023-03-25T17:00:00Z,175398227600
2023-03-25T16:00:00Z,175398227600
2023-03-25T15:00:00Z,175398227600
2023-03-25T14:00:00Z,175418230600
2023-03-25T13:00:00Z,176088016475
2023-03-25T12:00:00Z,176088016475
2023-03-25T11:00:00Z,176088016475
2023-03-25T10:00:00Z,177163020175
2023-03-25T09:00:00Z,174671120752
2023-03-25T08:00:00Z,178563459394
2023-03-25T07:00:00Z,176600303924
2023-03-25T06:00:00Z,177997638542
2023-03-25T05:00:00Z,176730079643
2023-03-25T04:00:00Z,175753202203
2023-03-25T03:00:00Z,175753202203
2023-03-25T02:00:00Z,170735976903
2023-03-25T01:00:00Z,170735976903
2023-03-25T00:00:00Z,170535977603
2023-03-24T23:00:00Z,170535977603
2023-03-24T22:00:00Z,171155980603
2023-03-24T21:00:00Z,171643983603
2023-03-24T20:00:00Z,171643983603
2023-03-24T19:00:00Z,171643983603
2023-03-24T18:00:00Z,171643983603
2023-03-24T17:00:00Z,null
2023-03-24T16:00:00Z,172315470403
2023-03-24T15:00:00Z,178325169696
2023-03-24T14:00:00Z,178528172696
2023-03-24T13:00:00Z,178530898096
2023-03-24T12:00:00Z,178068640015
2023-03-24T11:00:00Z,170252340623
2023-03-24T10:00:00Z,170190036023
2023-03-24T09:00:00Z,168187567951
2023-03-24T08:00:00Z,175505912736
2023-03-24T07:00:00Z,165932204041
2023-03-24T06:00:00Z,162349261359
2023-03-24T05:00:00Z,166370662359
2023-03-24T04:00:00Z,166474058359
2023-03-24T03:00:00Z,166474058359
2023-03-24T02:00:00Z,168267325915
2023-03-24T01:00:00Z,168267325915
2023-03-24T00:00:00Z,168267325915
2023-03-23T23:00:00Z,168254326615
2023-03-23T22:00:00Z,168254326615
2023-03-23T21:00:00Z,168254326615
2023-03-23T20:00:00Z,168738329615
2023-03-23T19:00:00Z,168738329615
2023-03-23T18:00:00Z,168738329615
2023-03-23T17:00:00Z,167309834315
2023-03-23T16:00:00Z,168941961315
2023-03-23T15:00:00Z,182656725690
2023-03-23T14:00:00Z,182656725690
2023-03-23T13:00:00Z,182752540439
2023-03-23T12:00:00Z,182679929675
2023-03-23T11:00:00Z,182679929675
2023-03-23T10:00:00Z,182440648353
2023-03-23T09:00:00Z,182440648353
2023-03-23T08:00:00Z,182440648353
2023-03-23T07:00:00Z,182440648353
2023-03-23T06:00:00Z,182440648353
2023-03-23T05:00:00Z,182440648353
2023-03-23T04:00:00Z,182437949971
2023-03-23T03:00:00Z,182437949971
2023-03-23T02:00:00Z,177413195959
2023-03-23T01:00:00Z,178553198959
2023-03-23T00:00:00Z,178553198959
2023-03-22T23:00:00Z,178951805659
2023-03-22T22:00:00Z,178784322359
2023-03-22T21:00:00Z,180164328359
2023-03-22T20:00:00Z,182391531948
2023-03-22T19:00:00Z,179684015311
2023-03-22T18:00:00Z,179684015311
2023-03-22T17:00:00Z,183418158179
2023-03-22T16:00:00Z,183418158179
2023-03-22T15:00:00Z,186573701679
2023-03-22T14:00:00Z,185181806079
2023-03-22T13:00:00Z,185851711477
2023-03-22T12:00:00Z,185851711477
2023-03-22T11:00:00Z,185851711477
2023-03-22T10:00:00Z,185851711477
2023-03-22T09:00:00Z,184437012177
2023-03-22T08:00:00Z,184437012177
2023-03-22T07:00:00Z,184613432177
2023-03-22T06:00:00Z,null
2023-03-22T05:00:00Z,186037524177
2023-03-22T04:00:00Z,186037524177
2023-03-22T03:00:00Z,185861577196
2023-03-22T02:00:00Z,185778252945
2023-03-22T01:00:00Z,183445799245
2023-03-22T00:00:00Z,175796897824
2023-03-21T23:00:00Z,175796897824
2023-03-21T22:00:00Z,175796897824
2023-03-21T21:00:00Z,175796897824
2023-03-21T20:00:00Z,175796897824
2023-03-21T19:00:00Z,175796897824
2023-03-21T18:00:00Z,175796897824
2023-03-21T17:00:00Z,175796897824
2023-03-21T16:00:00Z,175796897824
2023-03-21T15:00:00Z,175796897824
2023-03-21T14:00:00Z,175796897824
2023-03-21T13:00:00Z,175796897824
2023-03-21T12:00:00Z,175796897824
2023-03-21T11:00:00Z,175796897824
2023-03-21T10:00:00Z,175796897824
2023-03-21T09:00:00Z,175796897824
2023-03-21T08:00:00Z,175796897824
2023-03-21T07:00:00Z,175796897824
2023-03-21T06:00:00Z,175796897824
2023-03-21T05:00:00Z,175796897824
2023-03-21T04:00:00Z,175796897824
2023-03-21T03:00:00Z,175796897824
2023-03-21T02:00:00Z,175796897824
2023-03-21T01:00:00Z,175796897824
2023-03-21T00:00:00Z,175796897824
2023-03-20T23:00:00Z,175796897824
2023-03-20T22:00:00Z,175758898524
2023-03-20T21:00:00Z,175758898524
2023-03-20T20:00:00Z,175758898524
2023-03-20T19:00:00Z,175758898524
2023-03-20T18:00:00Z,175758898524
2023-03-20T17:00:00Z,175758898524
2023-03-20T16:00:00Z,175758898524
2023-03-20T15:00:00Z,175758898524
2023-03-20T14:00:00Z,175758898524
2023-03-20T13:00:00Z,175758898524
2023-03-20T12:00:00Z,175758898524
2023-03-20T11:00:00Z,175758898524
2023-03-20T10:00:00Z,175758898524
2023-03-20T09:00:00Z,175758898524
2023-03-20T08:00:00Z,175758898524
2023-03-20T07:00:00Z,175758898524
2023-03-20T06:00:00Z,175758898524
2023-03-20T05:00:00Z,175758898524
2023-03-20T04:00:00Z,175758898524
2023-03-20T03:00:00Z,175758898524
2023-03-20T02:00:00Z,175758898524
2023-03-20T01:00:00Z,175758898524
2023-03-20T00:00:00Z,175758898524
2023-03-19T23:00:00Z,175758898524
2023-03-19T22:00:00Z,175758898524
2023-03-19T21:00:00Z,175758898524
2023-03-19T20:00:00Z,175758898524
2023-03-19T19:00:00Z,175758898524
2023-03-19T18:00:00Z,175758898524
2023-03-19T17:00:00Z,175758898524
2023-03-19T16:00:00Z,175758898524
2023-03-19T15:00:00Z,175758898524
2023-03-19T14:00:00Z,175758898524
2023-03-19T13:00:00Z,175758898524
2023-03-19T12:00:00Z,175758898524
2023-03-19T11:00:00Z,175758898524
2023-03-19T10:00:00Z,175758898524
2023-03-19T09:00:00Z,175758898524
2023-03-19T08:00:00Z,175758898524
2023-03-19T07:00:00Z,175758898524
2023-03-19T06:00:00Z,175758898524
2023-03-19T05:00:00Z,175758898524
2023-03-19T04:00:00Z,175758898524
2023-03-19T03:00:00Z,175758898524
2023-03-19T02:00:00Z,175758898524
2023-03-19T01:00:00Z,175758898524
2023-03-19T00:00:00Z,175758898524
2023-03-18T23:00:00Z,175758898524
2023-03-18T22:00:00Z,175758898524
2023-03-18T21:00:00Z,175758898524
2023-03-18T20:00:00Z,175758898524
2023-03-18T19:00:00Z,175758898524
2023-03-18T18:00:00Z,175758898524
2023-03-18T17:00:00Z,175758898524
2023-03-18T16:00:00Z,175758898524
2023-03-18T15:00:00Z,175758898524
2023-03-18T14:00:00Z,175758898524
2023-03-18T13:00:00Z,175758898524
2023-03-18T12:00:00Z,175758898524
2023-03-18T11:00:00Z,175758898524
2023-03-18T10:00:00Z,175758898524
2023-03-18T09:00:00Z,175758898524
2023-03-18T08:00:00Z,175758898524
2023-03-18T07:00:00Z,175758898524
2023-03-18T06:00:00Z,175758898524
2023-03-18T05:00:00Z,175758898524
2023-03-18T04:00:00Z,175758898524
2023-03-18T03:00:00Z,175758898524
2023-03-18T02:00:00Z,175758898524
2023-03-18T01:00:00Z,175758898524
2023-03-18T00:00:00Z,175758898524
2023-03-17T23:00:00Z,175758898524
2023-03-17T22:00:00Z,175758898524
2023-03-17T21:00:00Z,175758898524
2023-03-17T20:00:00Z,175758898524
2023-03-17T19:00:00Z,175758898524
2023-03-17T18:00:00Z,175758898524
2023-03-17T17:00:00Z,175758898524
2023-03-17T16:00:00Z,175758898524
2023-03-17T15:00:00Z,175758898524
2023-03-17T14:00:00Z,175758898524
2023-03-17T13:00:00Z,175758898524
2023-03-17T12:00:00Z,175758898524
2023-03-17T11:00:00Z,175758898524
2023-03-17T10:00:00Z,175758898524
2023-03-17T09:00:00Z,175758898524
2023-03-17T08:00:00Z,175758898524
2023-03-17T07:00:00Z,175758898524
2023-03-17T06:00:00Z,175758898524
2023-03-17T05:00:00Z,175758898524
2023-03-17T04:00:00Z,175758898524
2023-03-17T03:00:00Z,175758898524
2023-03-17T02:00:00Z,175758898524
2023-03-17T01:00:00Z,175758898524
2023-03-17T00:00:00Z,175758898524
2023-03-16T23:00:00Z,175758898524
2023-03-16T22:00:00Z,175758898524
2023-03-16T21:00:00Z,175758898524
2023-03-16T20:00:00Z,175758898524
2023-03-16T19:00:00Z,175758898524
2023-03-16T18:00:00Z,175758898524
2023-03-16T17:00:00Z,175758898524
2023-03-16T16:00:00Z,175758898524
2023-03-16T15:00:00Z,175758898524
2023-03-16T14:00:00Z,175758898524
2023-03-16T13:00:00Z,175758898524
2023-03-16T12:00:00Z,175758898524
2023-03-16T11:00:00Z,175758898524
2023-03-16T10:00:00Z,175758898524
2023-03-16T09:00:00Z,175758898524
2023-03-16T08:00:00Z,175758898524
2023-03-16T07:00:00Z,175758898524
2023-03-16T06:00:00Z,175758898524
2023-03-16T05:00:00Z,175758898524
2023-03-16T04:00:00Z,175758898524
2023-03-16T03:00:00Z,175758898524
2023-03-16T02:00:00Z,175758898524
2023-03-16T01:00:00Z,175753899224
2023-03-16T00:00:00Z,175753899224
2023-03-15T23:00:00Z,175753899224
2023-03-15T22:00:00Z,175753899224
2023-03-15T21:00:00Z,175753899224
2023-03-15T20:00:00Z,175753899224
2023-03-15T19:00:00Z,175753899224
2023-03-15T18:00:00Z,175753899224
2023-03-15T17:00:00Z,175753899224
2023-03-15T16:00:00Z,175753899224
2023-03-15T15:00:00Z,175753899224
2023-03-15T14:00:00Z,175753899224
2023-03-15T13:00:00Z,175753899224
2023-03-15T12:00:00Z,175753899224
2023-03-15T11:00:00Z,175754002224
2023-03-15T10:00:00Z,175754002224
2023-03-15T09:00:00Z,175754002224
2023-03-15T08:00:00Z,175754105224
2023-03-15T07:00:00Z,175754105224
2023-03-15T06:00:00Z,null
2023-03-15T05:00:00Z,175754105224
2023-03-15T04:00:00Z,175754105224
2023-03-15T03:00:00Z,175754105224
2023-03-15T02:00:00Z,175754105224
2023-03-15T01:00:00Z,175754105224
2023-03-15T00:00:00Z,158496024720
2023-03-14T23:00:00Z,158470025420
2023-03-14T22:00:00Z,158470025420
2023-03-14T21:00:00Z,159841706020
2023-03-14T20:00:00Z,161143409020
2023-03-14T19:00:00Z,162387012020
2023-03-14T18:00:00Z,162387012020
2023-03-14T17:00:00Z,161066633420
2023-03-14T16:00:00Z,163834685520
2023-03-14T15:00:00Z,165154388520
2023-03-14T14:00:00Z,172757435953
2023-03-14T13:00:00Z,173874741951
2023-03-14T12:00:00Z,175218644951
2023-03-14T11:00:00Z,174877545651
2023-03-14T10:00:00Z,175116549351
2023-03-14T09:00:00Z,170224256629
2023-03-14T08:00:00Z,170224256629
2023-03-14T07:00:00Z,170224256629
2023-03-14T06:00:00Z,168844957329
2023-03-14T05:00:00Z,166359014743
2023-03-14T04:00:00Z,167499017743
2023-03-14T03:00:00Z,171456133662
2023-03-14T02:00:00Z,171456133662
2023-03-14T01:00:00Z,166423930053
2023-03-14T00:00:00Z,172124826053
2023-03-13T23:00:00Z,173007152027
2023-03-13T22:00:00Z,173007152027
2023-03-13T21:00:00Z,167978096427
2023-03-13T20:00:00Z,167978096427
2023-03-13T19:00:00Z,167978096427
2023-03-13T18:00:00Z,168811629427
2023-03-13T17:00:00Z,168811629427
2023-03-13T16:00:00Z,168811629427
2023-03-13T15:00:00Z,160409892192
2023-03-13T14:00:00Z,158982797592
2023-03-13T13:00:00Z,158982797592
2023-03-13T12:00:00Z,161656044592
2023-03-13T11:00:00Z,161514693696
2023-03-13T10:00:00Z,161514693696
2023-03-13T09:00:00Z,161514693696
2023-03-13T08:00:00Z,161514693696
2023-03-13T07:00:00Z,161514693696
2023-03-13T06:00:00Z,161514693696
2023-03-13T05:00:00Z,161514693696
2023-03-13T04:00:00Z,161506895314
2023-03-13T03:00:00Z,161506895314
2023-03-13T02:00:00Z,161868465114
2023-03-13T01:00:00Z,161868465114
2023-03-13T00:00:00Z,161868465114
2023-03-12T23:00:00Z,161858999114
2023-03-12T22:00:00Z,161858999114
2023-03-12T21:00:00Z,161858999114
2023-03-12T20:00:00Z,161858999114
2023-03-12T19:00:00Z,161858999114
2023-03-12T18:00:00Z,161858999114
2023-03-12T17:00:00Z,161858999114
2023-03-12T16:00:00Z,161858999114
2023-03-12T15:00:00Z,161858999114
2023-03-12T14:00:00Z,161799199814
2023-03-12T13:00:00Z,162265703514
2023-03-12T12:00:00Z,163718530431
2023-03-12T11:00:00Z,163718530431
2023-03-12T10:00:00Z,163909061031
2023-03-12T09:00:00Z,163909061031
2023-03-12T08:00:00Z,163909061031
2023-03-12T07:00:00Z,163890061731
2023-03-12T06:00:00Z,163890061731
2023-03-12T05:00:00Z,163890061731
2023-03-12T04:00:00Z,163890061731
2023-03-12T03:00:00Z,163870062431
2023-03-12T02:00:00Z,163870062431
2023-03-12T01:00:00Z,165010065431
2023-03-12T00:00:00Z,165010065431
2023-03-11T23:00:00Z,164924066131
2023-03-11T22:00:00Z,164924066131
2023-03-11T21:00:00Z,164924066131
2023-03-11T20:00:00Z,164924066131
2023-03-11T19:00:00Z,163423470831
2023-03-11T18:00:00Z,163423470831
2023-03-11T17:00:00Z,163423470831
2023-03-11T16:00:00Z,163423470831
2023-03-11T15:00:00Z,160961109771
2023-03-11T14:00:00Z,160961109771
2023-03-11T13:00:00Z,160961109771
2023-03-11T12:00:00Z,160961109771
2023-03-11T11:00:00Z,160961109771
2023-03-11T10:00:00Z,162101112771
2023-03-11T09:00:00Z,164845046801
2023-03-11T08:00:00Z,161771349981
2023-03-11T07:00:00Z,161770350681
2023-03-11T06:00:00Z,161770350681
2023-03-11T05:00:00Z,160971155381
2023-03-11T04:00:00Z,160171960081
2023-03-11T03:00:00Z,160171960081
2023-03-11T02:00:00Z,161349940281
2023-03-11T01:00:00Z,161349940281
2023-03-11T00:00:00Z,161349940281
2023-03-10T23:00:00Z,161349940281
2023-03-10T22:00:00Z,161349940281
2023-03-10T21:00:00Z,161349940281
2023-03-10T20:00:00Z,161349940281
2023-03-10T19:00:00Z,161349940281
2023-03-10T18:00:00Z,161349940281
2023-03-10T17:00:00Z,161376443467
2023-03-10T16:00:00Z,164806867417
2023-03-10T15:00:00Z,164111807877
2023-03-10T14:00:00Z,163033400277
2023-03-10T13:00:00Z,163033400277
2023-03-10T12:00:00Z,162244194977
2023-03-10T11:00:00Z,161560017137
2023-03-10T10:00:00Z,161560017137
2023-03-10T09:00:00Z,161128306900
2023-03-10T08:00:00Z,161128306900
2023-03-10T07:00:00Z,161128306900
2023-03-10T06:00:00Z,162817396325
2023-03-10T05:00:00Z,162817396325
2023-03-10T04:00:00Z,162743208639
2023-03-10T03:00:00Z,162740530257
2023-03-10T02:00:00Z,162740530257
2023-03-10T01:00:00Z,162393133957
2023-03-10T00:00:00Z,162993136957
2023-03-09T23:00:00Z,165874342957
2023-03-09T22:00:00Z,164378843657
2023-03-09T21:00:00Z,163888844357
2023-03-09T20:00:00Z,162838448057
2023-03-09T19:00:00Z,164457901057
2023-03-09T18:00:00Z,164457901057
2023-03-09T17:00:00Z,164457901057
2023-03-09T16:00:00Z,164457901057
2023-03-09T15:00:00Z,161395830157
2023-03-09T14:00:00Z,158851677074
2023-03-09T13:00:00Z,159589888474
2023-03-09T12:00:00Z,157503979542
2023-03-09T11:00:00Z,155053318114
2023-03-09T10:00:00Z,154130925814
2023-03-09T09:00:00Z,157110973114
2023-03-09T08:00:00Z,156674102814
2023-03-09T07:00:00Z,158186150214
2023-03-09T06:00:00Z,158658153214
2023-03-09T05:00:00Z,155956712891
2023-03-09T04:00:00Z,155951324509
2023-03-09T03:00:00Z,155849325209
2023-03-09T02:00:00Z,155638825909
2023-03-09T01:00:00Z,156744029609
2023-03-09T00:00:00Z,156744029609
2023-03-08T23:00:00Z,157212381909
2023-03-08T22:00:00Z,157212381909
2023-03-08T21:00:00Z,157212381909
2023-03-08T20:00:00Z,157212381909
2023-03-08T19:00:00Z,157212381909
2023-03-08T18:00:00Z,157211712609
2023-03-08T17:00:00Z,157386556009
2023-03-08T16:00:00Z,157309289709
2023-03-08T15:00:00Z,155281343409
2023-03-08T14:00:00Z,154959431109
2023-03-08T13:00:00Z,154959431109
2023-03-08T12:00:00Z,154959431109
2023-03-08T11:00:00Z,154959431109
2023-03-08T10:00:00Z,154946431809
2023-03-08T09:00:00Z,154947971309
2023-03-08T08:00:00Z,154947971309
2023-03-08T07:00:00Z,154947971309
2023-03-08T06:00:00Z,null
2023-03-08T05:00:00Z,156087974309
2023-03-08T04:00:00Z,156087974309
2023-03-08T03:00:00Z,156087974309
2023-03-08T02:00:00Z,156087974309
2023-03-08T01:00:00Z,156087974309
2023-03-08T00:00:00Z,156087974309
2023-03-07T23:00:00Z,156087974309
2023-03-07T22:00:00Z,156087974309
2023-03-07T21:00:00Z,156087974309
2023-03-07T20:00:00Z,156087974309
2023-03-07T19:00:00Z,156087974309
2023-03-07T18:00:00Z,156087974309
2023-03-07T17:00:00Z,156087974309
2023-03-07T16:00:00Z,156087974309
2023-03-07T15:00:00Z,156087974309
2023-03-07T14:00:00Z,157227977309
2023-03-07T13:00:00Z,158235125909
2023-03-07T12:00:00Z,158235125909
2023-03-07T11:00:00Z,158141126609
2023-03-07T10:00:00Z,158141126609
2023-03-07T09:00:00Z,158141126609
2023-03-07T08:00:00Z,161641449609
2023-03-07T07:00:00Z,161941549268
2023-03-07T06:00:00Z,161941549268
2023-03-07T05:00:00Z,161941549268
2023-03-07T04:00:00Z,161941549268
2023-03-07T03:00:00Z,161941549268
2023-03-07T02:00:00Z,161941549268
2023-03-07T01:00:00Z,161902150668
2023-03-07T00:00:00Z,161902150668
2023-03-06T23:00:00Z,161902150668
2023-03-06T22:00:00Z,161902150668
2023-03-06T21:00:00Z,161902150668
2023-03-06T20:00:00Z,161902150668
2023-03-06T19:00:00Z,161902150668
2023-03-06T18:00:00Z,161902150668
2023-03-06T17:00:00Z,162003905468
2023-03-06T16:00:00Z,162117631468
2023-03-06T15:00:00Z,162117631468
2023-03-06T14:00:00Z,163484034468
2023-03-06T13:00:00Z,164624037468
2023-03-06T12:00:00Z,164624037468
2023-03-06T11:00:00Z,164624037468
2023-03-06T10:00:00Z,164624037468
2023-03-06T09:00:00Z,164624037468
2023-03-06T08:00:00Z,164624037468
2023-03-06T07:00:00Z,164962041168
2023-03-06T06:00:00Z,164962041168
2023-03-06T05:00:00Z,164962041168
2023-03-06T04:00:00Z,164962041168
2023-03-06T03:00:00Z,164962041168
2023-03-06T02:00:00Z,164962041168
2023-03-06T01:00:00Z,164962041168
2023-03-06T00:00:00Z,164962041168
2023-03-05T23:00:00Z,164962041168
2023-03-05T22:00:00Z,164962041168
2023-03-05T21:00:00Z,164966444168
2023-03-05T20:00:00Z,164966444168
2023-03-05T19:00:00Z,164966444168
2023-03-05T18:00:00Z,164966444168
2023-03-05T17:00:00Z,164966444168
2023-03-05T16:00:00Z,164966444168
2023-03-05T15:00:00Z,164966444168
2023-03-05T14:00:00Z,164966444168
2023-03-05T13:00:00Z,164928844868
2023-03-05T12:00:00Z,164928844868
2023-03-05T11:00:00Z,164928844868
2023-03-05T10:00:00Z,164928844868
2023-03-05T09:00:00Z,164928844868
2023-03-05T08:00:00Z,164928844868
2023-03-05T07:00:00Z,164928844868
2023-03-05T06:00:00Z,164928844868
2023-03-05T05:00:00Z,164928844868
2023-03-05T04:00:00Z,164928844868
2023-03-05T03:00:00Z,164787837968
2023-03-05T02:00:00Z,167046280968
2023-03-05T01:00:00Z,166866073286
2023-03-05T00:00:00Z,166866073286
2023-03-04T23:00:00Z,166866073286
2023-03-04T22:00:00Z,166866073286
2023-03-04T21:00:00Z,166866073286
2023-03-04T20:00:00Z,166866073286
2023-03-04T19:00:00Z,166866073286
2023-03-04T18:00:00Z,166866073286
2023-03-04T17:00:00Z,166866073286
2023-03-04T16:00:00Z,166866073286
2023-03-04T15:00:00Z,167868044286
2023-03-04T14:00:00Z,167934112686
2023-03-04T13:00:00Z,167934112686
2023-03-04T12:00:00Z,167934112686
2023-03-04T11:00:00Z,167934112686
2023-03-04T10:00:00Z,167934112686
2023-03-04T09:00:00Z,167921113386
2023-03-04T08:00:00Z,167921113386
2023-03-04T07:00:00Z,167921113386
2023-03-04T06:00:00Z,167921113386
2023-03-04T05:00:00Z,167921113386
2023-03-04T04:00:00Z,167921113386
2023-03-04T03:00:00Z,167921113386
2023-03-04T02:00:00Z,167921113386
2023-03-04T01:00:00Z,167921113386
2023-03-04T00:00:00Z,167921113386
2023-03-03T23:00:00Z,167921113386
2023-03-03T22:00:00Z,167921113386
2023-03-03T21:00:00Z,167921113386
2023-03-03T20:00:00Z,167921113386
2023-03-03T19:00:00Z,167921113386
2023-03-03T18:00:00Z,167921113386
2023-03-03T17:00:00Z,167921113386
2023-03-03T16:00:00Z,167921113386
2023-03-03T15:00:00Z,167703118086
2023-03-03T14:00:00Z,167703118086
2023-03-03T13:00:00Z,170340092458
2023-03-03T12:00:00Z,170340092458
2023-03-03T11:00:00Z,170340092458
2023-03-03T10:00:00Z,170340092458
2023-03-03T09:00:00Z,170340092458
2023-03-03T08:00:00Z,170340092458
2023-03-03T07:00:00Z,170340092458
2023-03-03T06:00:00Z,170278093158
2023-03-03T05:00:00Z,170110833616
2023-03-03T04:00:00Z,171504036616
2023-03-03T03:00:00Z,171503940316
2023-03-03T02:00:00Z,171828596916
2023-03-03T01:00:00Z,170418397616
2023-03-03T00:00:00Z,170400649934
2023-03-02T23:00:00Z,170400649934
2023-03-02T22:00:00Z,170400649934
2023-03-02T21:00:00Z,170400649934
2023-03-02T20:00:00Z,170400649934
2023-03-02T19:00:00Z,170400649934
2023-03-02T18:00:00Z,170400649934
2023-03-02T17:00:00Z,170400649934
2023-03-02T16:00:00Z,170400649934
2023-03-02T15:00:00Z,170400649934
2023-03-02T14:00:00Z,171759452934
2023-03-02T13:00:00Z,171792243434
2023-03-02T12:00:00Z,179228644252
2023-03-02T11:00:00Z,180580747252
2023-03-02T10:00:00Z,180612824752
2023-03-02T09:00:00Z,180612824752
2023-03-02T08:00:00Z,180612824752
2023-03-02T07:00:00Z,181792830752
2023-03-02T06:00:00Z,177919955152
2023-03-02T05:00:00Z,172410648117
2023-03-02T04:00:00Z,172410648117
2023-03-02T03:00:00Z,172410648117
2023-03-02T02:00:00Z,172350086792
2023-03-02T01:00:00Z,172350086792
2023-03-02T00:00:00Z,164374330156
2023-03-01T23:00:00Z,166221873356
2023-03-01T22:00:00Z,166221873356
2023-03-01T21:00:00Z,166221873356
2023-03-01T20:00:00Z,166221873356
2023-03-01T19:00:00Z,166221873356
2023-03-01T18:00:00Z,166221873356
2023-03-01T17:00:00Z,166221873356
2023-03-01T16:00:00Z,166221873356
2023-03-01T15:00:00Z,166221873356
2023-03-01T14:00:00Z,166221873356
2023-03-01T13:00:00Z,173474103138
2023-03-01T12:00:00Z,175069567938
2023-03-01T11:00:00Z,173768568638
2023-03-01T10:00:00Z,174908571638
2023-03-01T09:00:00Z,163589741681
2023-03-01T08:00:00Z,163722596491
2023-03-01T07:00:00Z,163272597191
2023-03-01T06:00:00Z,null
2023-03-01T05:00:00Z,161629099291
2023-03-01T04:00:00Z,161629099291
2023-03-01T03:00:00Z,161629099291
2023-03-01T02:00:00Z,161629099291
2023-03-01T01:00:00Z,161629099291
2023-03-01T00:00:00Z,161692102991
2023-02-28T23:00:00Z,161337103691
2023-02-28T22:00:00Z,161277104391
2023-02-28T21:00:00Z,161277104391
2023-02-28T20:00:00Z,161277104391
2023-02-28T19:00:00Z,161277104391
2023-02-28T18:00:00Z,160908105091
2023-02-28T17:00:00Z,160908105091
2023-02-28T16:00:00Z,160891605791
2023-02-28T15:00:00Z,155470467191
2023-02-28T14:00:00Z,155470467191
2023-02-28T13:00:00Z,154835468591
2023-02-28T12:00:00Z,154569469291
2023-02-28T11:00:00Z,153768470691
2023-02-28T10:00:00Z,153768470691
2023-02-28T09:00:00Z,154530474391
2023-02-28T08:00:00Z,153514998436
2023-02-28T07:00:00Z,153514998436
2023-02-28T06:00:00Z,153071999136
2023-02-28T05:00:00Z,152610999836
2023-02-28T04:00:00Z,152605001454
2023-02-28T03:00:00Z,154577356471
2023-02-28T02:00:00Z,154577356471
2023-02-28T01:00:00Z,154577356471
2023-02-28T00:00:00Z,154577356471
2023-02-27T23:00:00Z,154577356471
2023-02-27T22:00:00Z,154556295921
2023-02-27T21:00:00Z,154556295921
2023-02-27T20:00:00Z,154556295921
2023-02-27T19:00:00Z,154556295921
2023-02-27T18:00:00Z,154556295921
2023-02-27T17:00:00Z,154408297321
2023-02-27T16:00:00Z,154408297321
2023-02-27T15:00:00Z,153108279103
2023-02-27T14:00:00Z,152804279803
2023-02-27T13:00:00Z,153064963003
2023-02-27T12:00:00Z,153064963003
2023-02-27T11:00:00Z,153064963003
2023-02-27T10:00:00Z,151770167703
2023-02-27T09:00:00Z,151995108963
2023-02-27T08:00:00Z,149223774763
2023-02-27T07:00:00Z,148818559958
2023-02-27T06:00:00Z,148394560658
2023-02-27T05:00:00Z,149732625358
2023-02-27T04:00:00Z,149342626058
2023-02-27T03:00:00Z,149342626058
2023-02-27T02:00:00Z,149342626058
2023-02-27T01:00:00Z,149342626058
2023-02-27T00:00:00Z,148056130758
2023-02-26T23:00:00Z,148056130758
2023-02-26T22:00:00Z,148056130758
2023-02-26T21:00:00Z,148056130758
2023-02-26T20:00:00Z,148056130758
2023-02-26T19:00:00Z,148056130758
2023-02-26T18:00:00Z,148056130758
2023-02-26T17:00:00Z,148056130758
2023-02-26T16:00:00Z,148056130758
2023-02-26T15:00:00Z,148056130758
2023-02-26T14:00:00Z,148056130758
2023-02-26T13:00:00Z,148056130758
2023-02-26T12:00:00Z,148056130758
2023-02-26T11:00:00Z,148056130758
2023-02-26T10:00:00Z,148056130758
2023-02-26T09:00:00Z,148056130758
2023-02-26T08:00:00Z,148056130758
2023-02-26T07:00:00Z,148056130758
2023-02-26T06:00:00Z,148038131458
2023-02-26T05:00:00Z,148038131458
2023-02-26T04:00:00Z,148038131458
2023-02-26T03:00:00Z,149141135158
2023-02-26T02:00:00Z,150631224776
2023-02-26T01:00:00Z,150631224776
2023-02-26T00:00:00Z,149599531476
2023-02-25T23:00:00Z,149338055176
2023-02-25T22:00:00Z,149338055176
2023-02-25T21:00:00Z,149338055176
2023-02-25T20:00:00Z,149115409576
2023-02-25T19:00:00Z,147827414276
2023-02-25T18:00:00Z,147827414276
2023-02-25T17:00:00Z,147827414276
2023-02-25T16:00:00Z,147827414276
2023-02-25T15:00:00Z,147827414276
2023-02-25T14:00:00Z,147724245867
2023-02-25T13:00:00Z,147724245867
2023-02-25T12:00:00Z,147724245867
2023-02-25T11:00:00Z,147860248867
2023-02-25T10:00:00Z,149000251867
2023-02-25T09:00:00Z,149000251867
2023-02-25T08:00:00Z,148997253485
2023-02-25T07:00:00Z,148997253485
2023-02-25T06:00:00Z,148997253485
2023-02-25T05:00:00Z,148997253485
2023-02-25T04:00:00Z,148997253485
2023-02-25T03:00:00Z,150326108385
2023-02-25T02:00:00Z,149047109085
2023-02-25T01:00:00Z,149047109085
2023-02-25T00:00:00Z,149055873185
2023-02-24T23:00:00Z,149035273885
2023-02-24T22:00:00Z,150153277585
2023-02-24T21:00:00Z,150153277585
2023-02-24T20:00:00Z,150153277585
2023-02-24T19:00:00Z,148884582285
2023-02-24T18:00:00Z,148884582285
2023-02-24T17:00:00Z,148884582285
2023-02-24T16:00:00Z,148884582285
2023-02-24T15:00:00Z,148871782985
2023-02-24T14:00:00Z,148871782985
2023-02-24T13:00:00Z,148991571685
2023-02-24T12:00:00Z,148941582385
2023-02-24T11:00:00Z,148941582385
2023-02-24T10:00:00Z,148941582385
2023-02-24T09:00:00Z,148663083085
2023-02-24T08:00:00Z,148663083085
2023-02-24T07:00:00Z,148663083085
2023-02-24T06:00:00Z,150970660404
2023-02-24T05:00:00Z,150970660404
2023-02-24T04:00:00Z,150970660404
2023-02-24T03:00:00Z,150970660404
2023-02-24T02:00:00Z,150964661104
2023-02-24T01:00:00Z,150969521040
2023-02-24T00:00:00Z,150969521040
2023-02-23T23:00:00Z,150959521740
2023-02-23T22:00:00Z,150959521740
2023-02-23T21:00:00Z,150959521740
2023-02-23T20:00:00Z,150959521740
2023-02-23T19:00:00Z,150959521740
2023-02-23T18:00:00Z,150959521740
2023-02-23T17:00:00Z,150959521740
2023-02-23T16:00:00Z,150959521740
2023-02-23T15:00:00Z,150959521740
2023-02-23T14:00:00Z,150959521740
2023-02-23T13:00:00Z,150959521740
2023-02-23T12:00:00Z,150815522440
2023-02-23T11:00:00Z,153284525440
2023-02-23T10:00:00Z,153284525440
2023-02-23T09:00:00Z,153284525440
2023-02-23T08:00:00Z,153638433140
2023-02-23T07:00:00Z,155378436140
2023-02-23T06:00:00Z,155378436140
2023-02-23T05:00:00Z,155378436140
2023-02-23T04:00:00Z,155378436140
2023-02-23T03:00:00Z,155378436140
2023-02-23T02:00:00Z,155349316610
2023-02-23T01:00:00Z,155349316610
2023-02-23T00:00:00Z,155349316610
2023-02-22T23:00:00Z,155349316610
2023-02-22T22:00:00Z,155349316610
2023-02-22T21:00:00Z,155349316610
2023-02-22T20:00:00Z,155349316610
2023-02-22T19:00:00Z,155349316610
2023-02-22T18:00:00Z,155349316610
2023-02-22T17:00:00Z,155349316610
2023-02-22T16:00:00Z,155349316610
2023-02-22T15:00:00Z,155349316610
2023-02-22T14:00:00Z,155349316610
2023-02-22T13:00:00Z,155349316610
2023-02-22T12:00:00Z,155649319610
2023-02-22T11:00:00Z,155649319610
2023-02-22T10:00:00Z,154402924310
2023-02-22T09:00:00Z,154402924310
2023-02-22T08:00:00Z,154402924310
2023-02-22T07:00:00Z,154399875928
2023-02-22T06:00:00Z,155666483628
2023-02-22T05:00:00Z,155666483628
2023-02-22T04:00:00Z,155666483628
2023-02-22T03:00:00Z,160166486628
2023-02-22T02:00:00Z,163014498628
2023-02-22T01:00:00Z,159838394185
2023-02-22T00:00:00Z,159824394885
2023-02-21T23:00:00Z,159824394885
2023-02-21T22:00:00Z,159824394885
2023-02-21T21:00:00Z,159824394885
2023-02-21T20:00:00Z,159824394885
2023-02-21T19:00:00Z,159824394885
2023-02-21T18:00:00Z,159824394885
2023-02-21T17:00:00Z,159824394885
2023-02-21T16:00:00Z,159824394885
2023-02-21T15:00:00Z,159924297885
2023-02-21T14:00:00Z,159944403192
2023-02-21T13:00:00Z,159939448992
2023-02-21T12:00:00Z,157206050392
2023-02-21T11:00:00Z,157206050392
2023-02-21T10:00:00Z,157206050392
2023-02-21T09:00:00Z,158156053392
2023-02-21T08:00:00Z,157873822121
2023-02-21T07:00:00Z,157873822121
2023-02-21T06:00:00Z,157873822121
2023-02-21T05:00:00Z,156679126821
2023-02-21T04:00:00Z,156279127521
2023-02-21T03:00:00Z,156279127521
2023-02-21T02:00:00Z,156426132139
2023-02-21T01:00:00Z,156404766382
2023-02-21T00:00:00Z,156404766382
2023-02-20T23:00:00Z,156404766382
2023-02-20T22:00:00Z,157544769382
2023-02-20T21:00:00Z,157544769382
2023-02-20T20:00:00Z,157544769382
2023-02-20T19:00:00Z,157544769382
2023-02-20T18:00:00Z,165154442382
2023-02-20T17:00:00Z,165154442382
2023-02-20T16:00:00Z,165154442382
2023-02-20T15:00:00Z,165154442382
2023-02-20T14:00:00Z,165054443082
2023-02-20T13:00:00Z,165618355082
2023-02-20T12:00:00Z,165618355082
2023-02-20T11:00:00Z,167262847582
2023-02-20T10:00:00Z,167252848282
2023-02-20T09:00:00Z,167354096482
2023-02-20T08:00:00Z,167354096482
2023-02-20T07:00:00Z,168574199482
2023-02-20T06:00:00Z,168791443082
2023-02-20T05:00:00Z,168791443082
2023-02-20T04:00:00Z,169391446082
2023-02-20T03:00:00Z,197139990882
2023-02-20T02:00:00Z,197139990882
2023-02-20T01:00:00Z,197139990882
2023-02-20T00:00:00Z,197139990882
2023-02-19T23:00:00Z,197139990882
2023-02-19T22:00:00Z,197139990882
2023-02-19T21:00:00Z,197139990882
2023-02-19T20:00:00Z,197139990882
2023-02-19T19:00:00Z,197139990882
2023-02-19T18:00:00Z,197139990882
2023-02-19T17:00:00Z,197139990882
2023-02-19T16:00:00Z,197139990882
2023-02-19T15:00:00Z,197139990882
2023-02-19T14:00:00Z,197139990882
2023-02-19T13:00:00Z,197139990882
2023-02-19T12:00:00Z,197139990882
2023-02-19T11:00:00Z,197139990882
2023-02-19T10:00:00Z,197139990882
2023-02-19T09:00:00Z,197139990882
2023-02-19T08:00:00Z,197139990882
2023-02-19T07:00:00Z,197139990882
2023-02-19T06:00:00Z,197139990882
2023-02-19T05:00:00Z,197139990882
2023-02-19T04:00:00Z,197139990882
2023-02-19T03:00:00Z,197139990882
2023-02-19T02:00:00Z,197102991582
2023-02-19T01:00:00Z,197102991582
2023-02-19T00:00:00Z,197102991582
2023-02-18T23:00:00Z,197102991582
2023-02-18T22:00:00Z,197102991582
2023-02-18T21:00:00Z,197102991582
2023-02-18T20:00:00Z,197102991582
2023-02-18T19:00:00Z,197102991582
2023-02-18T18:00:00Z,197102991582
2023-02-18T17:00:00Z,197102991582
2023-02-18T16:00:00Z,197102991582
2023-02-18T15:00:00Z,197102991582
2023-02-18T14:00:00Z,197102991582
2023-02-18T13:00:00Z,197102991582
2023-02-18T12:00:00Z,196934592982
2023-02-18T11:00:00Z,196934592982
2023-02-18T10:00:00Z,196934592982
2023-02-18T09:00:00Z,196934592982
2023-02-18T08:00:00Z,196934592982
2023-02-18T07:00:00Z,196934592982
2023-02-18T06:00:00Z,196934592982
2023-02-18T05:00:00Z,196934592982
2023-02-18T04:00:00Z,196934592982
2023-02-18T03:00:00Z,196934592982
2023-02-18T02:00:00Z,196934592982
2023-02-18T01:00:00Z,196934592982
2023-02-18T00:00:00Z,196934592982
2023-02-17T23:00:00Z,196934592982
2023-02-17T22:00:00Z,196934592982
2023-02-17T21:00:00Z,196934592982
2023-02-17T20:00:00Z,196934592982
2023-02-17T19:00:00Z,196934592982
2023-02-17T18:00:00Z,196934592982
2023-02-17T17:00:00Z,196934592982
2023-02-17T16:00:00Z,196934592982
2023-02-17T15:00:00Z,196934592982
2023-02-17T14:00:00Z,196934592982
2023-02-17T13:00:00Z,196934592982
2023-02-17T12:00:00Z,196934592982
2023-02-17T11:00:00Z,196934592982
2023-02-17T10:00:00Z,196934592982
2023-02-17T09:00:00Z,196934592982
2023-02-17T08:00:00Z,196934592982
2023-02-17T07:00:00Z,196934592982
2023-02-17T06:00:00Z,196934592982
2023-02-17T05:00:00Z,196934592982
2023-02-17T04:00:00Z,196934592982
2023-02-17T03:00:00Z,196934592982
2023-02-17T02:00:00Z,196934592982
2023-02-17T01:00:00Z,196934592982
2023-02-17T00:00:00Z,196934592982
2023-02-16T23:00:00Z,196934592982
2023-02-16T22:00:00Z,196934592982
2023-02-16T21:00:00Z,196934592982
2023-02-16T20:00:00Z,196934592982
2023-02-16T19:00:00Z,196934592982
2023-02-16T18:00:00Z,196934592982
2023-02-16T17:00:00Z,196934592982
2023-02-16T16:00:00Z,196934592982
2023-02-16T15:00:00Z,196934592982
2023-02-16T14:00:00Z,196934592982
2023-02-16T13:00:00Z,196934592982
2023-02-16T12:00:00Z,196934592982
2023-02-16T11:00:00Z,196934592982
2023-02-16T10:00:00Z,196934592982
2023-02-16T09:00:00Z,196934592982
2023-02-16T08:00:00Z,196934592982
2023-02-16T07:00:00Z,196934592982
2023-02-16T06:00:00Z,196934592982
2023-02-16T05:00:00Z,196934592982
2023-02-16T04:00:00Z,196934695982
2023-02-16T03:00:00Z,196934695982
2023-02-16T02:00:00Z,196725022113
2023-02-16T01:00:00Z,196725022113
2023-02-16T00:00:00Z,196725022113
2023-02-15T23:00:00Z,196725022113
2023-02-15T22:00:00Z,196725022113
2023-02-15T21:00:00Z,196725022113
2023-02-15T20:00:00Z,196725022113
2023-02-15T19:00:00Z,196725022113
2023-02-15T18:00:00Z,196725022113
2023-02-15T17:00:00Z,196725022113
2023-02-15T16:00:00Z,196725022113
2023-02-15T15:00:00Z,193463592813
2023-02-15T14:00:00Z,190950802213
2023-02-15T13:00:00Z,188024612313
2023-02-15T12:00:00Z,188981608113
2023-02-15T11:00:00Z,178800324675
2023-02-15T10:00:00Z,162370929567
2023-02-15T09:00:00Z,153987562521
2023-02-15T08:00:00Z,153987562521
2023-02-15T07:00:00Z,153977563221
2023-02-15T06:00:00Z,148377789924
2023-02-15T05:00:00Z,148377789924
2023-02-15T04:00:00Z,148377789924
2023-02-15T03:00:00Z,148943113124
2023-02-15T02:00:00Z,148933113824
2023-02-15T01:00:00Z,148933113824
2023-02-15T00:00:00Z,148930185389
2023-02-14T23:00:00Z,148930185389
2023-02-14T22:00:00Z,146225378308
2023-02-14T21:00:00Z,146225378308
2023-02-14T20:00:00Z,146225378308
2023-02-14T19:00:00Z,146225378308
2023-02-14T18:00:00Z,152564320875
2023-02-14T17:00:00Z,152564320875
2023-02-14T16:00:00Z,142127843847
2023-02-14T15:00:00Z,142127843847
2023-02-14T14:00:00Z,141827844547
2023-02-14T13:00:00Z,141827844547
2023-02-14T12:00:00Z,141787895147
2023-02-14T11:00:00Z,141787895147
2023-02-14T10:00:00Z,142927898147
2023-02-14T09:00:00Z,142927898147
2023-02-14T08:00:00Z,142927898147
2023-02-14T07:00:00Z,142927898147
2023-02-14T06:00:00Z,144436842712
2023-02-14T05:00:00Z,144436842712
2023-02-14T04:00:00Z,144436842712
2023-02-14T03:00:00Z,144436842712
2023-02-14T02:00:00Z,144436842712
2023-02-14T01:00:00Z,144436842712
2023-02-14T00:00:00Z,144436842712
2023-02-13T23:00:00Z,144436842712
2023-02-13T22:00:00Z,144436842712
2023-02-13T21:00:00Z,144436842712
2023-02-13T20:00:00Z,144436842712
2023-02-13T19:00:00Z,144436842712
2023-02-13T18:00:00Z,144436842712
2023-02-13T17:00:00Z,144436842712
2023-02-13T16:00:00Z,144436842712
2023-02-13T15:00:00Z,144436842712
2023-02-13T14:00:00Z,144436842712
2023-02-13T13:00:00Z,144426843412
2023-02-13T12:00:00Z,145375596512
2023-02-13T11:00:00Z,145375596512
2023-02-13T10:00:00Z,145375596512
2023-02-13T09:00:00Z,145375596512
2023-02-13T08:00:00Z,144077697212
2023-02-13T07:00:00Z,144077697212
2023-02-13T06:00:00Z,144077697212
2023-02-13T05:00:00Z,144077697212
2023-02-13T04:00:00Z,144077697212
2023-02-13T03:00:00Z,144077697212
2023-02-13T02:00:00Z,143483670912
2023-02-13T01:00:00Z,143852593477
2023-02-13T00:00:00Z,143674594177
2023-02-12T23:00:00Z,143674594177
2023-02-12T22:00:00Z,143674594177
2023-02-12T21:00:00Z,143674594177
2023-02-12T20:00:00Z,143674594177
2023-02-12T19:00:00Z,143674594177
2023-02-12T18:00:00Z,143674594177
2023-02-12T17:00:00Z,143860098477
2023-02-12T16:00:00Z,144796272677
2023-02-12T15:00:00Z,144786773377
2023-02-12T14:00:00Z,144716778077
2023-02-12T13:00:00Z,144716778077
2023-02-12T12:00:00Z,144715743958
2023-02-12T11:00:00Z,144715743958
2023-02-12T10:00:00Z,144715743958
2023-02-12T09:00:00Z,144715743958
2023-02-12T08:00:00Z,144705744658
2023-02-12T07:00:00Z,144705744658
2023-02-12T06:00:00Z,144905747658
2023-02-12T05:00:00Z,144908763658
2023-02-12T04:00:00Z,144902865223
2023-02-12T03:00:00Z,144902865223
2023-02-12T02:00:00Z,144902865223
2023-02-12T01:00:00Z,144902865223
2023-02-12T00:00:00Z,145302868223
2023-02-11T23:00:00Z,145302868223
2023-02-11T22:00:00Z,144161839720
2023-02-11T21:00:00Z,144161839720
2023-02-11T20:00:00Z,144161839720
2023-02-11T19:00:00Z,144161839720
2023-02-11T18:00:00Z,144161839720
2023-02-11T17:00:00Z,144161839720
2023-02-11T16:00:00Z,144331742720
2023-02-11T15:00:00Z,144331742720
2023-02-11T14:00:00Z,144331742720
2023-02-11T13:00:00Z,144331742720
2023-02-11T12:00:00Z,144329843420
2023-02-11T11:00:00Z,144329843420
2023-02-11T10:00:00Z,144329843420
2023-02-11T09:00:00Z,144329843420
2023-02-11T08:00:00Z,144329843420
2023-02-11T07:00:00Z,142907748120
2023-02-11T06:00:00Z,142907748120
2023-02-11T05:00:00Z,142907748120
2023-02-11T04:00:00Z,142907748120
2023-02-11T03:00:00Z,142897748820
2023-02-11T02:00:00Z,142897748820
2023-02-11T01:00:00Z,137839007369
2023-02-11T00:00:00Z,137839007369
2023-02-10T23:00:00Z,137839007369
2023-02-10T22:00:00Z,137839007369
2023-02-10T21:00:00Z,137839007369
2023-02-10T20:00:00Z,137839007369
2023-02-10T19:00:00Z,137839007369
2023-02-10T18:00:00Z,137839007369
2023-02-10T17:00:00Z,137839007369
2023-02-10T16:00:00Z,137839007369
2023-02-10T15:00:00Z,145397897319
2023-02-10T14:00:00Z,145397897319
2023-02-10T13:00:00Z,155906657319
2023-02-10T12:00:00Z,155902658019
2023-02-10T11:00:00Z,155891658719
2023-02-10T10:00:00Z,155800262419
2023-02-10T09:00:00Z,156456817819
2023-02-10T08:00:00Z,138009209918
2023-02-10T07:00:00Z,140015222618
2023-02-10T06:00:00Z,140015222618
2023-02-10T05:00:00Z,142428346096
2023-02-10T04:00:00Z,139031210007
2023-02-10T03:00:00Z,137783414707
2023-02-10T02:00:00Z,136417626007
2023-02-10T01:00:00Z,136415126707
2023-02-10T00:00:00Z,136412128272
2023-02-09T23:00:00Z,139772745135
2023-02-09T22:00:00Z,139772745135
2023-02-09T21:00:00Z,139772745135
2023-02-09T20:00:00Z,136026412735
2023-02-09T19:00:00Z,134793017435
2023-02-09T18:00:00Z,129762175438
2023-02-09T17:00:00Z,128528780138
2023-02-09T16:00:00Z,129865481138
2023-02-09T15:00:00Z,129865481138
2023-02-09T14:00:00Z,133979863938
2023-02-09T13:00:00Z,129222464638
2023-02-09T12:00:00Z,129122475338
2023-02-09T11:00:00Z,129154154771
2023-02-09T10:00:00Z,131409901671
2023-02-09T09:00:00Z,132152487336
2023-02-09T08:00:00Z,133293493336
2023-02-09T07:00:00Z,135975543197
2023-02-09T06:00:00Z,135975543197
2023-02-09T05:00:00Z,135975543197
2023-02-09T04:00:00Z,135975543197
2023-02-09T03:00:00Z,136232546197
2023-02-09T02:00:00Z,136074546897
2023-02-09T01:00:00Z,136074546897
2023-02-09T00:00:00Z,136074546897
2023-02-08T23:00:00Z,136074546897
2023-02-08T22:00:00Z,136074546897
2023-02-08T21:00:00Z,136074546897
2023-02-08T20:00:00Z,136074546897
2023-02-08T19:00:00Z,136074546897
2023-02-08T18:00:00Z,136824549897
2023-02-08T17:00:00Z,136824549897
2023-02-08T16:00:00Z,139073070897
2023-02-08T15:00:00Z,137714476297
2023-02-08T14:00:00Z,137706976997
2023-02-08T13:00:00Z,139559075049
2023-02-08T12:00:00Z,144321821831
2023-02-08T11:00:00Z,144371853931
2023-02-08T10:00:00Z,144371853931
2023-02-08T09:00:00Z,144371853931
2023-02-08T08:00:00Z,144371853931
2023-02-08T07:00:00Z,144372856931
2023-02-08T06:00:00Z,144576885898
2023-02-08T05:00:00Z,144576885898
2023-02-08T04:00:00Z,144575684815
2023-02-08T03:00:00Z,144575684815
2023-02-08T02:00:00Z,144575684815
2023-02-08T01:00:00Z,146575687815
2023-02-08T00:00:00Z,146550760080
2023-02-07T23:00:00Z,148711719380
2023-02-07T22:00:00Z,148711719380
2023-02-07T21:00:00Z,148924722380
2023-02-07T20:00:00Z,148924722380
2023-02-07T19:00:00Z,152569028380
2023-02-07T18:00:00Z,152569028380
2023-02-07T17:00:00Z,152569028380
2023-02-07T16:00:00Z,152569028380
2023-02-07T15:00:00Z,152569028380
2023-02-07T14:00:00Z,152569028380
2023-02-07T13:00:00Z,152565029080
2023-02-07T12:00:00Z,152565029080
2023-02-07T11:00:00Z,150661020480
2023-02-07T10:00:00Z,149358021180
2023-02-07T09:00:00Z,149358021180
2023-02-07T08:00:00Z,149249772880
2023-02-07T07:00:00Z,149249772880
2023-02-07T06:00:00Z,149249772880
2023-02-07T05:00:00Z,149239773580
2023-02-07T04:00:00Z,149219774280
2023-02-07T03:00:00Z,149209774980
2023-02-07T02:00:00Z,149209774980
2023-02-07T01:00:00Z,149209774980
2023-02-07T00:00:00Z,151643191472
2023-02-06T23:00:00Z,151643191472
2023-02-06T22:00:00Z,151643191472
2023-02-06T21:00:00Z,151643191472
2023-02-06T20:00:00Z,151643191472
2023-02-06T19:00:00Z,151643191472
2023-02-06T18:00:00Z,151643191472
2023-02-06T17:00:00Z,151643191472
2023-02-06T16:00:00Z,151643191472
2023-02-06T15:00:00Z,151643191472
2023-02-06T14:00:00Z,151643191472
2023-02-06T13:00:00Z,151981094472
2023-02-06T12:00:00Z,151981094472
2023-02-06T11:00:00Z,151981094472
2023-02-06T10:00:00Z,151981094472
2023-02-06T09:00:00Z,151981094472
2023-02-06T08:00:00Z,151981094472
2023-02-06T07:00:00Z,151988317472
2023-02-06T06:00:00Z,150754922172
2023-02-06T05:00:00Z,150754922172
2023-02-06T04:00:00Z,150754922172
2023-02-06T03:00:00Z,150754922172
2023-02-06T02:00:00Z,150754922172
2023-02-06T01:00:00Z,150730123572
2023-02-06T00:00:00Z,151715598837
2023-02-05T23:00:00Z,151715598837
2023-02-05T22:00:00Z,151701193437
2023-02-05T21:00:00Z,152449199437
2023-02-05T20:00:00Z,152449199437
2023-02-05T19:00:00Z,152449199437
2023-02-05T18:00:00Z,152449199437
2023-02-05T17:00:00Z,152449199437
2023-02-05T16:00:00Z,152449199437
2023-02-05T15:00:00Z,152449199437
2023-02-05T14:00:00Z,152449199437
2023-02-05T13:00:00Z,152448428797
2023-02-05T12:00:00Z,152584992597
2023-02-05T11:00:00Z,152584992597
2023-02-05T10:00:00Z,152584992597
2023-02-05T09:00:00Z,152584992597
2023-02-05T08:00:00Z,152552139559
2023-02-05T07:00:00Z,152552139559
2023-02-05T06:00:00Z,152552139559
2023-02-05T05:00:00Z,152552139559
2023-02-05T04:00:00Z,152523240259
2023-02-05T03:00:00Z,152523240259
2023-02-05T02:00:00Z,152523240259
2023-02-05T01:00:00Z,152161240959
2023-02-05T00:00:00Z,152070241659
2023-02-04T23:00:00Z,152070241659
2023-02-04T22:00:00Z,152070241659
2023-02-04T21:00:00Z,152070241659
2023-02-04T20:00:00Z,152070241659
2023-02-04T19:00:00Z,152070241659
2023-02-04T18:00:00Z,152069716926
2023-02-04T17:00:00Z,150832917626
2023-02-04T16:00:00Z,146140885195
2023-02-04T15:00:00Z,146129885895
2023-02-04T14:00:00Z,146129885895
2023-02-04T13:00:00Z,145762702065
2023-02-04T12:00:00Z,145762702065
2023-02-04T11:00:00Z,null
2023-02-04T10:00:00Z,null
2023-02-04T09:00:00Z,null
2023-02-04T08:00:00Z,null
2023-02-04T07:00:00Z,null
2023-02-04T06:00:00Z,null
2023-02-04T05:00:00Z,null
2023-02-04T04:00:00Z,null
2023-02-04T03:00:00Z,null
2023-02-04T02:00:00Z,null
2023-02-04T01:00:00Z,null
2023-02-04T00:00:00Z,null
2023-02-03T23:00:00Z,null
2023-02-03T22:00:00Z,null
2023-02-03T21:00:00Z,null
2023-02-03T20:00:00Z,null
2023-02-03T19:00:00Z,null
2023-02-03T18:00:00Z,null
2023-02-03T17:00:00Z,null
2023-02-03T16:00:00Z,null
2023-02-03T15:00:00Z,null
2023-02-03T14:00:00Z,null
2023-02-03T13:00:00Z,null
2023-02-03T12:00:00Z,145822192063
2023-02-03T11:00:00Z,145822192063
2023-02-03T10:00:00Z,145822192063
2023-02-03T09:00:00Z,146691144363
2023-02-03T08:00:00Z,146639258892
2023-02-03T07:00:00Z,66628259592
2023-02-03T06:00:00Z,67819220842
2023-02-03T05:00:00Z,67819220842
2023-02-03T04:00:00Z,67819220842
2023-02-03T03:00:00Z,67819220842
2023-02-03T02:00:00Z,69605727542
2023-02-03T01:00:00Z,73868154707
2023-02-03T00:00:00Z,72603556107
2023-02-02T23:00:00Z,72603556107
2023-02-02T22:00:00Z,72603556107
2023-02-02T21:00:00Z,72603556107
2023-02-02T20:00:00Z,72603556107
2023-02-02T19:00:00Z,71396560807
2023-02-02T18:00:00Z,71396560807
2023-02-02T17:00:00Z,72462657807
2023-02-02T16:00:00Z,72462657807
2023-02-02T15:00:00Z,72119658507
2023-02-02T14:00:00Z,68368702394
2023-02-02T13:00:00Z,68428926994
2023-02-02T12:00:00Z,69696929994
2023-02-02T11:00:00Z,69696929994
2023-02-02T10:00:00Z,69691301651
2023-02-02T09:00:00Z,70735159251
2023-02-02T08:00:00Z,70763186051
2023-02-02T07:00:00Z,70763186051
2023-02-02T06:00:00Z,70763186051
2023-02-02T05:00:00Z,70763186051
2023-02-02T04:00:00Z,70763186051
2023-02-02T03:00:00Z,70763186051
2023-02-02T02:00:00Z,71010189051
2023-02-02T01:00:00Z,70996189751
2023-02-02T00:00:00Z,72136192751
2023-02-01T23:00:00Z,71982305716
2023-02-01T22:00:00Z,71981742984
2023-02-01T21:00:00Z,70748343684
2023-02-01T20:00:00Z,79871515704
2023-02-01T19:00:00Z,79931418704
2023-02-01T18:00:00Z,82398224704
2023-02-01T17:00:00Z,82387225404
2023-02-01T16:00:00Z,83619328404
2023-02-01T15:00:00Z,77529655042
2023-02-01T14:00:00Z,79505486942
2023-02-01T13:00:00Z,76113723049
2023-02-01T12:00:00Z,86108016638
2023-02-01T11:00:00Z,87738521147
2023-02-01T10:00:00Z,87789527147
2023-02-01T09:00:00Z,89084330147
2023-02-01T08:00:00Z,89440236147
2023-02-01T07:00:00Z,89440236147
2023-02-01T06:00:00Z,85098648097
2023-02-01T05:00:00Z,85098648097
2023-02-01T04:00:00Z,85098648097
2023-02-01T03:00:00Z,85098648097
2023-02-01T02:00:00Z,84875190469
2023-02-01T01:00:00Z,84872262034
2023-02-01T00:00:00Z,84872262034
2023-01-31T23:00:00Z,84872262034
2023-01-31T22:00:00Z,84872262034
2023-01-31T21:00:00Z,84872262034
2023-01-31T20:00:00Z,84872262034
2023-01-31T19:00:00Z,86151585334
2023-01-31T18:00:00Z,86151585334
2023-01-31T17:00:00Z,86151585334
2023-01-31T16:00:00Z,83054858841
2023-01-31T15:00:00Z,83245991841
2023-01-31T14:00:00Z,83235992541
2023-01-31T13:00:00Z,83235469993
2023-01-31T12:00:00Z,84323056193
2023-01-31T11:00:00Z,84323056193
2023-01-31T10:00:00Z,84319056893
2023-01-31T09:00:00Z,84350954458
2023-01-31T08:00:00Z,84410957458
2023-01-31T07:00:00Z,84410957458
2023-01-31T06:00:00Z,84530963458
2023-01-31T05:00:00Z,84475964158
2023-01-31T04:00:00Z,84362964858
2023-01-31T03:00:00Z,84362964858
2023-01-31T02:00:00Z,84362964858
2023-01-31T01:00:00Z,84362964858
2023-01-31T00:00:00Z,84362964858
2023-01-30T23:00:00Z,84362413557
2023-01-30T22:00:00Z,84362413557
2023-01-30T21:00:00Z,84362413557
2023-01-30T20:00:00Z,84362413557
2023-01-30T19:00:00Z,85133016557
2023-01-30T18:00:00Z,85133016557
2023-01-30T17:00:00Z,85133016557
2023-01-30T16:00:00Z,85133016557
2023-01-30T15:00:00Z,85133016557
2023-01-30T14:00:00Z,85133016557
2023-01-30T13:00:00Z,85017017257
2023-01-30T12:00:00Z,92462177250
2023-01-30T11:00:00Z,92453177950
2023-01-30T10:00:00Z,96267740726
2023-01-30T09:00:00Z,97593975291
2023-01-30T08:00:00Z,97583975991
2023-01-30T07:00:00Z,97583652831
2023-01-30T06:00:00Z,97436717739
2023-01-30T05:00:00Z,97436717739
2023-01-30T04:00:00Z,97436717739
2023-01-30T03:00:00Z,96885085439
2023-01-30T02:00:00Z,96885085439
2023-01-30T01:00:00Z,96665086139
2023-01-30T00:00:00Z,96659086839
2023-01-29T23:00:00Z,96659086839
2023-01-29T22:00:00Z,87131534024
2023-01-29T21:00:00Z,87131534024
2023-01-29T20:00:00Z,87131534024
2023-01-29T19:00:00Z,89482120424
2023-01-29T18:00:00Z,89482120424
2023-01-29T17:00:00Z,89482120424
2023-01-29T16:00:00Z,89482120424
2023-01-29T15:00:00Z,89482120424
2023-01-29T14:00:00Z,89482120424
2023-01-29T13:00:00Z,89470363016
2023-01-29T12:00:00Z,89395663716
2023-01-29T11:00:00Z,89238664416
2023-01-29T10:00:00Z,89238664416
2023-01-29T09:00:00Z,89238664416
2023-01-29T08:00:00Z,90546168981
2023-01-29T07:00:00Z,90546168981
2023-01-29T06:00:00Z,90546168981
2023-01-29T05:00:00Z,90546168981
2023-01-29T04:00:00Z,90546168981
2023-01-29T03:00:00Z,90546168981
2023-01-29T02:00:00Z,90546168981
2023-01-29T01:00:00Z,90824171981
2023-01-29T00:00:00Z,90821917089
2023-01-28T23:00:00Z,90821917089
2023-01-28T22:00:00Z,90821917089
2023-01-28T21:00:00Z,90821917089
2023-01-28T20:00:00Z,90821917089
2023-01-28T19:00:00Z,90821917089
2023-01-28T18:00:00Z,90821917089
2023-01-28T17:00:00Z,90821917089
2023-01-28T16:00:00Z,90821917089
2023-01-28T15:00:00Z,90821917089
2023-01-28T14:00:00Z,90821917089
2023-01-28T13:00:00Z,90215213180
2023-01-28T12:00:00Z,90275674680
2023-01-28T11:00:00Z,90275674680
2023-01-28T10:00:00Z,90275674680
2023-01-28T09:00:00Z,90272696245
2023-01-28T08:00:00Z,90262696945
2023-01-28T07:00:00Z,90262696945
2023-01-28T06:00:00Z,90262696945
2023-01-28T05:00:00Z,90262696945
2023-01-28T04:00:00Z,90262696945
2023-01-28T03:00:00Z,90262696945
2023-01-28T02:00:00Z,90260697645
2023-01-28T01:00:00Z,88982398345
2023-01-28T00:00:00Z,88981488255
2023-01-27T23:00:00Z,96434740542
2023-01-27T22:00:00Z,96434740542
2023-01-27T21:00:00Z,96434740542
2023-01-27T20:00:00Z,96434740542
2023-01-27T19:00:00Z,96434740542
2023-01-27T18:00:00Z,96434740542
2023-01-27T17:00:00Z,96434740542
2023-01-27T16:00:00Z,96434740542
2023-01-27T15:00:00Z,96688718683
2023-01-27T14:00:00Z,95686362186
2023-01-27T13:00:00Z,95686362186
2023-01-27T12:00:00Z,95686362186
2023-01-27T11:00:00Z,95686362186
2023-01-27T10:00:00Z,95432287745
2023-01-27T09:00:00Z,95426689367
2023-01-27T08:00:00Z,null
2023-01-27T07:00:00Z,null
2023-01-27T06:00:00Z,null
2023-01-27T05:00:00Z,null
2023-01-27T04:00:00Z,null
2023-01-27T03:00:00Z,null
2023-01-27T02:00:00Z,null
2023-01-27T01:00:00Z,null
2023-01-27T00:00:00Z,null
2023-01-26T23:00:00Z,null
2023-01-26T22:00:00Z,null
2023-01-26T21:00:00Z,null
2023-01-26T20:00:00Z,null
2023-01-26T19:00:00Z,null
2023-01-26T18:00:00Z,null
2023-01-26T17:00:00Z,null
2023-01-26T16:00:00Z,null
2023-01-26T15:00:00Z,null
2023-01-26T14:00:00Z,null
2023-01-26T13:00:00Z,null
2023-01-26T12:00:00Z,null
2023-01-26T11:00:00Z,null
2023-01-26T10:00:00Z,null
2023-01-26T09:00:00Z,null
2023-01-26T08:00:00Z,null
2023-01-26T07:00:00Z,null
2023-01-26T06:00:00Z,null
2023-01-26T05:00:00Z,null
2023-01-26T04:00:00Z,null
2023-01-26T03:00:00Z,null
2023-01-26T02:00:00Z,null
2023-01-26T01:00:00Z,98320482328
2023-01-26T00:00:00Z,98310939101
2023-01-25T23:00:00Z,98239940501
2023-01-25T22:00:00Z,98452943501
2023-01-25T21:00:00Z,98452943501
2023-01-25T20:00:00Z,98452943501
2023-01-25T19:00:00Z,98452943501
2023-01-25T18:00:00Z,98452943501
2023-01-25T17:00:00Z,98405944901
2023-01-25T16:00:00Z,98395945601
2023-01-25T15:00:00Z,98395945601
2023-01-25T14:00:00Z,90563639392
2023-01-25T13:00:00Z,96743966217
2023-01-25T12:00:00Z,96743966217
2023-01-25T11:00:00Z,96743966217
2023-01-25T10:00:00Z,96496966917
2023-01-25T09:00:00Z,96496966917
2023-01-25T08:00:00Z,96496966917
2023-01-25T07:00:00Z,97200245617
2023-01-25T06:00:00Z,96954750086
2023-01-25T05:00:00Z,96954750086
2023-01-25T04:00:00Z,96954750086
2023-01-25T03:00:00Z,97150753086
2023-01-25T02:00:00Z,97167656786
2023-01-25T01:00:00Z,97167656786
2023-01-25T00:00:00Z,96704658186
2023-01-24T23:00:00Z,96704658186
2023-01-24T22:00:00Z,95746618586
2023-01-24T21:00:00Z,95746618586
2023-01-24T20:00:00Z,95746618586
2023-01-24T19:00:00Z,95746618586
2023-01-24T18:00:00Z,95622030476
2023-01-24T17:00:00Z,95622030476
2023-01-24T16:00:00Z,94265331876
2023-01-24T15:00:00Z,94242315322
2023-01-24T14:00:00Z,94242315322
2023-01-24T13:00:00Z,94233696022
2023-01-24T12:00:00Z,94233696022
2023-01-24T11:00:00Z,94233696022
2023-01-24T10:00:00Z,94233696022
2023-01-24T09:00:00Z,94223696722
2023-01-24T08:00:00Z,94223696722
2023-01-24T07:00:00Z,94223696722
2023-01-24T06:00:00Z,94223696722
2023-01-24T05:00:00Z,94223696722
2023-01-24T04:00:00Z,94223696722
2023-01-24T03:00:00Z,94223696722
2023-01-24T02:00:00Z,92822733480
2023-01-24T01:00:00Z,92821720216
2023-01-24T00:00:00Z,92821720216
2023-01-23T23:00:00Z,92821720216
2023-01-23T22:00:00Z,92811720916
2023-01-23T21:00:00Z,92811720916
2023-01-23T20:00:00Z,91091688316
2023-01-23T19:00:00Z,91091688316
2023-01-23T18:00:00Z,91091688316
2023-01-23T17:00:00Z,91091688316
2023-01-23T16:00:00Z,91091688316
2023-01-23T15:00:00Z,91091688316
2023-01-23T14:00:00Z,91088689881
2023-01-23T13:00:00Z,92638476881
2023-01-23T12:00:00Z,92638476881
2023-01-23T11:00:00Z,92638476881
2023-01-23T10:00:00Z,92638476881
2023-01-23T09:00:00Z,92638476881
2023-01-23T08:00:00Z,92638476881
2023-01-23T07:00:00Z,92634477581
2023-01-23T06:00:00Z,92634477581
2023-01-23T05:00:00Z,92322478281
2023-01-23T04:00:00Z,92322478281
2023-01-23T03:00:00Z,92322478281
2023-01-23T02:00:00Z,92309478981
2023-01-23T01:00:00Z,92306979681
2023-01-23T00:00:00Z,92251980381
2023-01-22T23:00:00Z,92251980381
2023-01-22T22:00:00Z,92251980381
2023-01-22T21:00:00Z,95217672974
2023-01-22T20:00:00Z,93332273674
2023-01-22T19:00:00Z,93332273674
2023-01-22T18:00:00Z,93332273674
2023-01-22T17:00:00Z,93332273674
2023-01-22T16:00:00Z,93332273674
2023-01-22T15:00:00Z,93332273674
2023-01-22T14:00:00Z,93332273674
2023-01-22T13:00:00Z,93116798966
2023-01-22T12:00:00Z,91818259466
2023-01-22T11:00:00Z,91818259466
2023-01-22T10:00:00Z,94880836766
2023-01-22T09:00:00Z,92997437466
2023-01-22T08:00:00Z,92992069031
2023-01-22T07:00:00Z,92992069031
2023-01-22T06:00:00Z,92992069031
2023-01-22T05:00:00Z,92969200431
2023-01-22T04:00:00Z,92942457913
2023-01-22T03:00:00Z,92942457913
2023-01-22T02:00:00Z,92942457913
2023-01-22T01:00:00Z,92933058613
2023-01-22T00:00:00Z,92923411576
2023-01-21T23:00:00Z,92923411576
2023-01-21T22:00:00Z,92923411576
2023-01-21T21:00:00Z,92923411576
2023-01-21T20:00:00Z,92923411576
2023-01-21T19:00:00Z,92923411576
