timestamp,value
2023-05-08T02:00:00Z,7687922093155
2023-05-08T01:00:00Z,7688524888116
2023-05-08T00:00:00Z,7691184011453
2023-05-07T23:00:00Z,7695308636798
2023-05-07T22:00:00Z,7695175280869
2023-05-07T21:00:00Z,7698207234011
2023-05-07T20:00:00Z,7939051612884
2023-05-07T19:00:00Z,7954936581580
2023-05-07T18:00:00Z,7957908233012
2023-05-07T17:00:00Z,7958916246944
2023-05-07T16:00:00Z,7960626511807
2023-05-07T15:00:00Z,7961031994185
2023-05-07T14:00:00Z,7958489027891
2023-05-07T13:00:00Z,7960762699792
2023-05-07T12:00:00Z,7959076997881
2023-05-07T11:00:00Z,7962679087750
2023-05-07T10:00:00Z,7975865607316
2023-05-07T09:00:00Z,7977325538460
2023-05-07T08:00:00Z,8034728622774
2023-05-07T07:00:00Z,8042910581088
2023-05-07T06:00:00Z,8044391714000
2023-05-07T05:00:00Z,8045831356877
2023-05-07T04:00:00Z,8046998794131
2023-05-07T03:00:00Z,8049964595323
2023-05-07T02:00:00Z,8039945215547
2023-05-07T01:00:00Z,8041236775129
2023-05-07T00:00:00Z,8038140853170
2023-05-06T23:00:00Z,8038454361605
2023-05-06T22:00:00Z,8040653692616
2023-05-06T21:00:00Z,8040340213976
2023-05-06T20:00:00Z,8041374269642
2023-05-06T19:00:00Z,8041949128916
2023-05-06T18:00:00Z,8043322353339
2023-05-06T17:00:00Z,8058203990877
2023-05-06T16:00:00Z,8058475219911
2023-05-06T15:00:00Z,8058507519686
2023-05-06T14:00:00Z,8058622663080
2023-05-06T13:00:00Z,6474835769851
2023-05-06T12:00:00Z,6475741803155
2023-05-06T11:00:00Z,6475201694282
2023-05-06T10:00:00Z,6475931230712
2023-05-06T09:00:00Z,6464496950820
2023-05-06T08:00:00Z,6462950125848
2023-05-06T07:00:00Z,6465458086425
2023-05-06T06:00:00Z,6464804639406
2023-05-06T05:00:00Z,6458488428985
2023-05-06T04:00:00Z,6454161049379
2023-05-06T03:00:00Z,6455692013080
2023-05-06T02:00:00Z,6460944001676
2023-05-06T01:00:00Z,6460258568200
2023-05-06T00:00:00Z,6459787586178
2023-05-05T23:00:00Z,6460015982650
2023-05-05T22:00:00Z,6468175047636
2023-05-05T21:00:00Z,6469458557869
2023-05-05T20:00:00Z,6472089485139
2023-05-05T19:00:00Z,6474032308498
2023-05-05T18:00:00Z,6474954704208
2023-05-05T17:00:00Z,6484130620823
2023-05-05T16:00:00Z,6510281120585
2023-05-05T15:00:00Z,6502247352862
2023-05-05T14:00:00Z,6504936593434
2023-05-05T13:00:00Z,6521291247321
2023-05-05T12:00:00Z,6486165058536
2023-05-05T11:00:00Z,6491933381649
2023-05-05T10:00:00Z,6499141213973
2023-05-05T09:00:00Z,6523214020154
2023-05-05T08:00:00Z,6525018097532
2023-05-05T07:00:00Z,6532519174634
2023-05-05T06:00:00Z,6535018692042
2023-05-05T05:00:00Z,6535919578434
2023-05-05T04:00:00Z,6515495270252
2023-05-05T03:00:00Z,6528802496847
2023-05-05T02:00:00Z,6679462887790
2023-05-05T01:00:00Z,6713531122858
2023-05-05T00:00:00Z,6708115261731
2023-05-04T23:00:00Z,6716337709702
2023-05-04T22:00:00Z,6717401786008
2023-05-04T21:00:00Z,6743635792505
2023-05-04T20:00:00Z,6742831506994
2023-05-04T19:00:00Z,6736495802965
2023-05-04T18:00:00Z,6734119195118
2023-05-04T17:00:00Z,6737996311093
2023-05-04T16:00:00Z,6737392261648
2023-05-04T15:00:00Z,7079698141603
2023-05-04T14:00:00Z,7105583956772
2023-05-04T13:00:00Z,7108982153845
2023-05-04T12:00:00Z,7110495371898
2023-05-04T11:00:00Z,7143758025962
2023-05-04T10:00:00Z,7166408471645
2023-05-04T09:00:00Z,7166668193302
2023-05-04T08:00:00Z,7173296851544
2023-05-04T07:00:00Z,7178590844077
2023-05-04T06:00:00Z,7180358615805
2023-05-04T05:00:00Z,7183421806577
2023-05-04T04:00:00Z,7184913288998
2023-05-04T03:00:00Z,7144304735070
2023-05-04T02:00:00Z,7153167381125
2023-05-04T01:00:00Z,7153161474843
2023-05-04T00:00:00Z,7165824203885
2023-05-03T23:00:00Z,7090009169486
2023-05-03T22:00:00Z,7083223053506
2023-05-03T21:00:00Z,7079837884137
2023-05-03T20:00:00Z,7026059184729
2023-05-03T19:00:00Z,7050769161512
2023-05-03T18:00:00Z,7050614764347
2023-05-03T17:00:00Z,7053007949617
2023-05-03T16:00:00Z,7058052542648
2023-05-03T15:00:00Z,7068662284380
2023-05-03T14:00:00Z,7069725971025
2023-05-03T13:00:00Z,7022524205027
2023-05-03T12:00:00Z,7026057868369
2023-05-03T11:00:00Z,7026666369860
2023-05-03T10:00:00Z,7038312888376
2023-05-03T09:00:00Z,7038214898690
2023-05-03T08:00:00Z,7036830624758
2023-05-03T07:00:00Z,7036441121545
2023-05-03T06:00:00Z,7040920912095
2023-05-03T05:00:00Z,7044371122765
2023-05-03T04:00:00Z,7046796720407
2023-05-03T03:00:00Z,7047160654904
2023-05-03T02:00:00Z,7048679848157
2023-05-03T01:00:00Z,7048616676690
2023-05-03T00:00:00Z,7061501376815
2023-05-02T23:00:00Z,7061559465260
2023-05-02T22:00:00Z,7053936794996
2023-05-02T21:00:00Z,7058578539618
2023-05-02T20:00:00Z,7060268504805
2023-05-02T19:00:00Z,7152838393337
2023-05-02T18:00:00Z,7158616468931
2023-05-02T17:00:00Z,7158434420158
2023-05-02T16:00:00Z,7157591796553
2023-05-02T15:00:00Z,7161802232468
2023-05-02T14:00:00Z,7163464169021
2023-05-02T13:00:00Z,7166251747328
2023-05-02T12:00:00Z,7165866175525
2023-05-02T11:00:00Z,7164419381054
2023-05-02T10:00:00Z,7164538000567
2023-05-02T09:00:00Z,7162764168330
2023-05-02T08:00:00Z,7163750248622
2023-05-02T07:00:00Z,7165929693079
2023-05-02T06:00:00Z,7222616120898
2023-05-02T05:00:00Z,7229769757837
2023-05-02T04:00:00Z,7235200647827
2023-05-02T03:00:00Z,7273379360422
2023-05-02T02:00:00Z,7151529619215
2023-05-02T01:00:00Z,7153516456412
2023-05-02T00:00:00Z,7156165001217
2023-05-01T23:00:00Z,7157998624056
2023-05-01T22:00:00Z,7169949594135
2023-05-01T21:00:00Z,7172187824868
2023-05-01T20:00:00Z,7176204241122
2023-05-01T19:00:00Z,7177701977707
2023-05-01T18:00:00Z,7178974695511
2023-05-01T17:00:00Z,7176260415415
2023-05-01T16:00:00Z,7177198782143
2023-05-01T15:00:00Z,7182283184423
2023-05-01T14:00:00Z,7181703161658
2023-05-01T13:00:00Z,7174919681798
2023-05-01T12:00:00Z,7175121100066
2023-05-01T11:00:00Z,7174527913579
2023-05-01T10:00:00Z,7174858938824
2023-05-01T09:00:00Z,7173280497657
2023-05-01T08:00:00Z,7172982469484
2023-05-01T07:00:00Z,7178615906510
2023-05-01T06:00:00Z,7177460914441
2023-05-01T05:00:00Z,7176229041832
2023-05-01T04:00:00Z,7177070059504
2023-05-01T03:00:00Z,7170972134241
2023-05-01T02:00:00Z,7169681737308
2023-05-01T01:00:00Z,7166972439218
2023-05-01T00:00:00Z,7169828972012
2023-04-30T23:00:00Z,7170133724689
2023-04-30T22:00:00Z,7168974053402
2023-04-30T21:00:00Z,7167193437819
2023-04-30T20:00:00Z,7162710825218
2023-04-30T19:00:00Z,7162120961383
2023-04-30T18:00:00Z,7163084889913
2023-04-30T17:00:00Z,7162935036262
2023-04-30T16:00:00Z,7161956099490
2023-04-30T15:00:00Z,7162700112195
2023-04-30T14:00:00Z,7164190773284
2023-04-30T13:00:00Z,7190974477418
2023-04-30T12:00:00Z,7190831533312
2023-04-30T11:00:00Z,7189975511788
2023-04-30T10:00:00Z,7196039397721
2023-04-30T09:00:00Z,7198841818595
2023-04-30T08:00:00Z,7198731827367
2023-04-30T07:00:00Z,7197571485275
2023-04-30T06:00:00Z,7197115029678
2023-04-30T05:00:00Z,7197543650764
2023-04-30T04:00:00Z,7196967375945
2023-04-30T03:00:00Z,7197318139145
2023-04-30T02:00:00Z,7203426170824
2023-04-30T01:00:00Z,7203426531779
2023-04-30T00:00:00Z,7216836813469
2023-04-29T23:00:00Z,7218280143143
2023-04-29T22:00:00Z,7218685903776
2023-04-29T21:00:00Z,7220489255987
2023-04-29T20:00:00Z,7220997879332
2023-04-29T19:00:00Z,7222970188074
2023-04-29T18:00:00Z,7224141341420
2023-04-29T17:00:00Z,7222884411795
2023-04-29T16:00:00Z,7222994717373
2023-04-29T15:00:00Z,7223677469806
2023-04-29T14:00:00Z,7237868186310
2023-04-29T13:00:00Z,7238608751184
2023-04-29T12:00:00Z,7238538385202
2023-04-29T11:00:00Z,7238823410992
2023-04-29T10:00:00Z,7243131045318
2023-04-29T09:00:00Z,7241488892037
2023-04-29T08:00:00Z,7241431233776
2023-04-29T07:00:00Z,7236069285145
2023-04-29T06:00:00Z,7240500103528
2023-04-29T05:00:00Z,7239686984115
2023-04-29T04:00:00Z,7239272477488
2023-04-29T03:00:00Z,7238908487779
2023-04-29T02:00:00Z,7241551448309
2023-04-29T01:00:00Z,7246968375415
2023-04-29T00:00:00Z,7245707302934
2023-04-28T23:00:00Z,7246331943844
2023-04-28T22:00:00Z,7246873892418
2023-04-28T21:00:00Z,7246680817721
2023-04-28T20:00:00Z,7252159833031
2023-04-28T19:00:00Z,7296331103712
2023-04-28T18:00:00Z,7293551737157
2023-04-28T17:00:00Z,7298421770575
2023-04-28T16:00:00Z,7296448534084
2023-04-28T15:00:00Z,7297659052187
2023-04-28T14:00:00Z,7124860934956
2023-04-28T13:00:00Z,7126193679603
2023-04-28T12:00:00Z,7133304858177
2023-04-28T11:00:00Z,7133287469510
2023-04-28T10:00:00Z,7127348405019
2023-04-28T09:00:00Z,7126262393489
2023-04-28T08:00:00Z,7093594726592
2023-04-28T07:00:00Z,7091879832719
2023-04-28T06:00:00Z,7122522992193
2023-04-28T05:00:00Z,7123105647869
2023-04-28T04:00:00Z,7122404490697
2023-04-28T03:00:00Z,7122503088364
2023-04-28T02:00:00Z,7114229763204
2023-04-28T01:00:00Z,7118405951035
2023-04-28T00:00:00Z,7123001990780
2023-04-27T23:00:00Z,7121804135919
2023-04-27T22:00:00Z,7117003610704
2023-04-27T21:00:00Z,7115060788960
2023-04-27T20:00:00Z,7131297675268
2023-04-27T19:00:00Z,7113810334956
2023-04-27T18:00:00Z,7112469655591
2023-04-27T17:00:00Z,7099329915655
2023-04-27T16:00:00Z,7117390301047
2023-04-27T15:00:00Z,6259882610986
2023-04-27T14:00:00Z,6257860100707
2023-04-27T13:00:00Z,6246161313537
2023-04-27T12:00:00Z,6277210066410
2023-04-27T11:00:00Z,6277329290599
2023-04-27T10:00:00Z,6774615613307
2023-04-27T09:00:00Z,6771833014334
2023-04-27T08:00:00Z,6783638501081
2023-04-27T07:00:00Z,6706268273703
2023-04-27T06:00:00Z,6704736800778
2023-04-27T05:00:00Z,6679621856388
2023-04-27T04:00:00Z,6680408444800
2023-04-27T03:00:00Z,6683265924660
2023-04-27T02:00:00Z,6645737665544
2023-04-27T01:00:00Z,6646562923966
2023-04-27T00:00:00Z,6650734052991
2023-04-26T23:00:00Z,6686364340944
2023-04-26T22:00:00Z,6685224953300
2023-04-26T21:00:00Z,6684281756191
2023-04-26T20:00:00Z,6679101970987
2023-04-26T19:00:00Z,5479167585161
2023-04-26T18:00:00Z,5479025143910
2023-04-26T17:00:00Z,5530709552751
2023-04-26T16:00:00Z,5529806662464
2023-04-26T15:00:00Z,5523589127685
2023-04-26T14:00:00Z,5589112265626
2023-04-26T13:00:00Z,5587462680096
2023-04-26T12:00:00Z,5587409596067
2023-04-26T11:00:00Z,5641263210440
2023-04-26T10:00:00Z,5644425917594
2023-04-26T09:00:00Z,5709799736493
2023-04-26T08:00:00Z,5709542306122
2023-04-26T07:00:00Z,5709507005184
2023-04-26T06:00:00Z,5728463873686
2023-04-26T05:00:00Z,5737594795477
2023-04-26T04:00:00Z,5736287522840
2023-04-26T03:00:00Z,5738369365996
2023-04-26T02:00:00Z,5736993387936
2023-04-26T01:00:00Z,5731644161507
2023-04-26T00:00:00Z,5748384082842
2023-04-25T23:00:00Z,5749232723282
2023-04-25T22:00:00Z,5806457844255
2023-04-25T21:00:00Z,5810194282287
2023-04-25T20:00:00Z,5812336578031
2023-04-25T19:00:00Z,5817841240478
2023-04-25T18:00:00Z,5863357064526
2023-04-25T17:00:00Z,5928022628426
2023-04-25T16:00:00Z,5878737773204
2023-04-25T15:00:00Z,5878992080442
2023-04-25T14:00:00Z,5873648229129
2023-04-25T13:00:00Z,5877792657799
2023-04-25T12:00:00Z,5867756673103
2023-04-25T11:00:00Z,5870187500202
2023-04-25T10:00:00Z,5868831732557
2023-04-25T09:00:00Z,5865887551636
2023-04-25T08:00:00Z,5866890192602
2023-04-25T07:00:00Z,5868777464062
2023-04-25T06:00:00Z,5863497954992
2023-04-25T05:00:00Z,5862575526938
2023-04-25T04:00:00Z,5868288212380
2023-04-25T03:00:00Z,5866702375249
2023-04-25T02:00:00Z,5865890013726
2023-04-25T01:00:00Z,5865420779964
2023-04-25T00:00:00Z,5866042033037
2023-04-24T23:00:00Z,5865287930377
2023-04-24T22:00:00Z,5865566479706
2023-04-24T21:00:00Z,5870462683511
2023-04-24T20:00:00Z,5871298167943
2023-04-24T19:00:00Z,5871118305319
2023-04-24T18:00:00Z,5872382780424
2023-04-24T17:00:00Z,5872449077749
2023-04-24T16:00:00Z,5873603854277
2023-04-24T15:00:00Z,5849858238316
2023-04-24T14:00:00Z,5864721910970
2023-04-24T13:00:00Z,5864291445919
2023-04-24T12:00:00Z,5852045952259
2023-04-24T11:00:00Z,5851731788965
2023-04-24T10:00:00Z,5859727795986
2023-04-24T09:00:00Z,5859726990781
2023-04-24T08:00:00Z,5717369060977
2023-04-24T07:00:00Z,5710910494230
2023-04-24T06:00:00Z,5708629555976
2023-04-24T05:00:00Z,5706070462564
2023-04-24T04:00:00Z,5706690625505
2023-04-24T03:00:00Z,5705257953880
2023-04-24T02:00:00Z,5723966080434
2023-04-24T01:00:00Z,5726709994347
2023-04-24T00:00:00Z,5726128907279
2023-04-23T23:00:00Z,5720893126961
2023-04-23T22:00:00Z,5719883609592
2023-04-23T21:00:00Z,5718926600161
2023-04-23T20:00:00Z,5720182087592
2023-04-23T19:00:00Z,5720058634161
2023-04-23T18:00:00Z,5721238324208
2023-04-23T17:00:00Z,5718091927835
2023-04-23T16:00:00Z,5712388909708
2023-04-23T15:00:00Z,5728881058837
2023-04-23T14:00:00Z,5731015406016
2023-04-23T13:00:00Z,5779284228119
2023-04-23T12:00:00Z,5777856189942
2023-04-23T11:00:00Z,5791194527754
2023-04-23T10:00:00Z,5790684129919
2023-04-23T09:00:00Z,5788305347394
2023-04-23T08:00:00Z,5786736928014
2023-04-23T07:00:00Z,5791828768459
2023-04-23T06:00:00Z,5792901618401
2023-04-23T05:00:00Z,5792237416206
2023-04-23T04:00:00Z,5793435364783
2023-04-23T03:00:00Z,5794540550518
2023-04-23T02:00:00Z,5794804361158
2023-04-23T01:00:00Z,5794052234376
2023-04-23T00:00:00Z,5795416578420
2023-04-22T23:00:00Z,5795808042556
2023-04-22T22:00:00Z,5787376729217
2023-04-22T21:00:00Z,5787559638505
2023-04-22T20:00:00Z,5787523037213
2023-04-22T19:00:00Z,5786365356587
2023-04-22T18:00:00Z,5787147990802
2023-04-22T17:00:00Z,5787236771559
2023-04-22T16:00:00Z,5786428269499
2023-04-22T15:00:00Z,5781482595178
2023-04-22T14:00:00Z,5781739909113
2023-04-22T13:00:00Z,5786384416384
2023-04-22T12:00:00Z,5788050831882
2023-04-22T11:00:00Z,5787613375755
2023-04-22T10:00:00Z,5786023282268
2023-04-22T09:00:00Z,5786830356559
2023-04-22T08:00:00Z,5795980985011
2023-04-22T07:00:00Z,5857565217485
2023-04-22T06:00:00Z,5859931815771
2023-04-22T05:00:00Z,5880437433547
2023-04-22T04:00:00Z,5864167678243
2023-04-22T03:00:00Z,5861094885301
2023-04-22T02:00:00Z,5859137910490
2023-04-22T01:00:00Z,5850492393178
2023-04-22T00:00:00Z,5850062206791
2023-04-21T23:00:00Z,5864436736083
2023-04-21T22:00:00Z,5863855531709
2023-04-21T21:00:00Z,5851187741209
2023-04-21T20:00:00Z,5848658419709
2023-04-21T19:00:00Z,5900845774962
2023-04-21T18:00:00Z,5864244468364
2023-04-21T17:00:00Z,5872245684833
2023-04-21T16:00:00Z,5874889775176
2023-04-21T15:00:00Z,5876475769854
2023-04-21T14:00:00Z,5882084103349
2023-04-21T13:00:00Z,5866340128273
2023-04-21T12:00:00Z,5929754302696
2023-04-21T11:00:00Z,5930177919012
2023-04-21T10:00:00Z,5928901201356
2023-04-21T09:00:00Z,5927166349390
2023-04-21T08:00:00Z,5924012354046
2023-04-21T07:00:00Z,5922787758629
2023-04-21T06:00:00Z,5915126029448
2023-04-21T05:00:00Z,5917568786959
2023-04-21T04:00:00Z,5918413023543
2023-04-21T03:00:00Z,5820392810395
2023-04-21T02:00:00Z,5815083069878
2023-04-21T01:00:00Z,5815461178919
2023-04-21T00:00:00Z,5816267281786
2023-04-20T23:00:00Z,5816597827794
2023-04-20T22:00:00Z,5821675845653
2023-04-20T21:00:00Z,5821378636746
2023-04-20T20:00:00Z,5817227992479
2023-04-20T19:00:00Z,5816735452597
2023-04-20T18:00:00Z,5957020968470
2023-04-20T17:00:00Z,6079801494692
2023-04-20T16:00:00Z,6076331957567
2023-04-20T15:00:00Z,6098362239671
2023-04-20T14:00:00Z,6066139192107
2023-04-20T13:00:00Z,6083941775619
2023-04-20T12:00:00Z,6088093635157
2023-04-20T11:00:00Z,6093860006900
2023-04-20T10:00:00Z,6086842411299
2023-04-20T09:00:00Z,6042622685710
2023-04-20T08:00:00Z,6046376688771
2023-04-20T07:00:00Z,6046885814931
2023-04-20T06:00:00Z,6047430832778
2023-04-20T05:00:00Z,6053730803572
2023-04-20T04:00:00Z,6057506235778
2023-04-20T03:00:00Z,6056733725629
2023-04-20T02:00:00Z,6054953923432
2023-04-20T01:00:00Z,6057847701991
2023-04-20T00:00:00Z,6058661967818
2023-04-19T23:00:00Z,6059275578833
2023-04-19T22:00:00Z,6026999151149
2023-04-19T21:00:00Z,6070229791952
2023-04-19T20:00:00Z,6077438529486
2023-04-19T19:00:00Z,6141009653836
2023-04-19T18:00:00Z,6204580778186
2023-04-19T17:00:00Z,6206133606602
2023-04-19T16:00:00Z,6213486805363
2023-04-19T15:00:00Z,6301858833656
2023-04-19T14:00:00Z,6322954187446
2023-04-19T13:00:00Z,6322960053250
2023-04-19T12:00:00Z,6318867588551
2023-04-19T11:00:00Z,6324959977438
2023-04-19T10:00:00Z,6328242048404
2023-04-19T09:00:00Z,6326922122798
2023-04-19T08:00:00Z,6330048721559
2023-04-19T07:00:00Z,6333495661578
2023-04-19T06:00:00Z,6335080303472
2023-04-19T05:00:00Z,6297759215559
2023-04-19T04:00:00Z,6293923981865
2023-04-19T03:00:00Z,6295553828436
2023-04-19T02:00:00Z,6292530036355
2023-04-19T01:00:00Z,6298228530204
2023-04-19T00:00:00Z,6298947659224
2023-04-18T23:00:00Z,6301073819676
2023-04-18T22:00:00Z,6300203712849
2023-04-18T21:00:00Z,6299917427187
2023-04-18T20:00:00Z,6299799514194
2023-04-18T19:00:00Z,6298693008719
2023-04-18T18:00:00Z,6309655135917
2023-04-18T17:00:00Z,6313111018870
2023-04-18T16:00:00Z,6313030403799
2023-04-18T15:00:00Z,6344891618498
2023-04-18T14:00:00Z,6348613187312
2023-04-18T13:00:00Z,6325953896428
2023-04-18T12:00:00Z,6322940153492
2023-04-18T11:00:00Z,6323496034743
2023-04-18T10:00:00Z,6325058108937
2023-04-18T09:00:00Z,6325123382522
2023-04-18T08:00:00Z,6323419748097
2023-04-18T07:00:00Z,6326888085253
2023-04-18T06:00:00Z,6328511063883
2023-04-18T05:00:00Z,6317571985853
2023-04-18T04:00:00Z,6318236166101
2023-04-18T03:00:00Z,6317790415778
2023-04-18T02:00:00Z,6317888266457
2023-04-18T01:00:00Z,6310497468962
2023-04-18T00:00:00Z,6311376095068
2023-04-17T23:00:00Z,6310942168566
2023-04-17T22:00:00Z,6310994396312
2023-04-17T21:00:00Z,6311269004894
2023-04-17T20:00:00Z,6310995196474
2023-04-17T19:00:00Z,6310235644447
2023-04-17T18:00:00Z,6309988677793
2023-04-17T17:00:00Z,6305472281431
2023-04-17T16:00:00Z,6387233294532
2023-04-17T15:00:00Z,6389423385213
2023-04-17T14:00:00Z,6237662775661
2023-04-17T13:00:00Z,6239701555657
2023-04-17T12:00:00Z,6234321572380
2023-04-17T11:00:00Z,6228081126513
2023-04-17T10:00:00Z,6220927780259
2023-04-17T09:00:00Z,6111177031736
2023-04-17T08:00:00Z,6111212920992
2023-04-17T07:00:00Z,6108515530904
2023-04-17T06:00:00Z,6109054093378
2023-04-17T05:00:00Z,6108343987703
2023-04-17T04:00:00Z,6110945322363
2023-04-17T03:00:00Z,6109208309791
2023-04-17T02:00:00Z,6082573501869
2023-04-17T01:00:00Z,6082010542989
2023-04-17T00:00:00Z,6079955124071
2023-04-16T23:00:00Z,6071690191195
2023-04-16T22:00:00Z,6072945315963
2023-04-16T21:00:00Z,6079694545470
2023-04-16T20:00:00Z,5840022214265
2023-04-16T19:00:00Z,5823539545302
2023-04-16T18:00:00Z,5820210709556
2023-04-16T17:00:00Z,5824776305262
2023-04-16T16:00:00Z,5824320546385
2023-04-16T15:00:00Z,5830714545419
2023-04-16T14:00:00Z,5831496906747
2023-04-16T13:00:00Z,5841711050364
2023-04-16T12:00:00Z,5843047813938
2023-04-16T11:00:00Z,5838274965102
2023-04-16T10:00:00Z,5825240302050
2023-04-16T09:00:00Z,5823731285276
2023-04-16T08:00:00Z,5761270608270
2023-04-16T07:00:00Z,5753424735507
2023-04-16T06:00:00Z,5752064697972
2023-04-16T05:00:00Z,5750392937192
2023-04-16T04:00:00Z,5750170202973
2023-04-16T03:00:00Z,5747930905647
2023-04-16T02:00:00Z,5747031555382
2023-04-16T01:00:00Z,5749397707042
2023-04-16T00:00:00Z,5774400225282
2023-04-15T23:00:00Z,5773702374548
2023-04-15T22:00:00Z,5774403706696
2023-04-15T21:00:00Z,5774376092703
2023-04-15T20:00:00Z,5773971892564
2023-04-15T19:00:00Z,5773750710569
2023-04-15T18:00:00Z,5771977984070
2023-04-15T17:00:00Z,5757436912538
2023-04-15T16:00:00Z,5758099449112
2023-04-15T15:00:00Z,5759385303803
2023-04-15T14:00:00Z,5759780435180
2023-04-15T13:00:00Z,5749019101706
2023-04-15T12:00:00Z,5751515290793
2023-04-15T11:00:00Z,5750934627636
2023-04-15T10:00:00Z,5791231175769
2023-04-15T09:00:00Z,5790897109025
2023-04-15T08:00:00Z,5802611785116
2023-04-15T07:00:00Z,5820987260852
2023-04-15T06:00:00Z,5997449444509
2023-04-15T05:00:00Z,5998350080280
2023-04-15T04:00:00Z,5998752014912
2023-04-15T03:00:00Z,5997390724277
2023-04-15T02:00:00Z,5991901250347
2023-04-15T01:00:00Z,5991184214157
2023-04-15T00:00:00Z,5997297288075
2023-04-14T23:00:00Z,6005677913060
2023-04-14T22:00:00Z,5998802989008
2023-04-14T21:00:00Z,5999644916012
2023-04-14T20:00:00Z,5996411672000
2023-04-14T19:00:00Z,5994692425223
2023-04-14T18:00:00Z,6003387264778
2023-04-14T17:00:00Z,5997042240570
2023-04-14T16:00:00Z,5963323596885
2023-04-14T15:00:00Z,5964590018913
2023-04-14T14:00:00Z,5967697373327
2023-04-14T13:00:00Z,5987220765262
2023-04-14T12:00:00Z,5991239878089
2023-04-14T11:00:00Z,5985963335817
2023-04-14T10:00:00Z,5993304301451
2023-04-14T09:00:00Z,5969341866621
2023-04-14T08:00:00Z,5966271853233
2023-04-14T07:00:00Z,5960995176719
2023-04-14T06:00:00Z,5964368387351
2023-04-14T05:00:00Z,5963843178233
2023-04-14T04:00:00Z,5964142108388
2023-04-14T03:00:00Z,5952731990813
2023-04-14T02:00:00Z,5806130389640
2023-04-14T01:00:00Z,5761081579057
2023-04-14T00:00:00Z,5762675322261
2023-04-13T23:00:00Z,5754708162971
2023-04-13T22:00:00Z,5756142335588
2023-04-13T21:00:00Z,5731078077326
2023-04-13T20:00:00Z,5732539637035
2023-04-13T19:00:00Z,5733622067151
2023-04-13T18:00:00Z,5739803467005
2023-04-13T17:00:00Z,5736271219059
2023-04-13T16:00:00Z,5754773343633
2023-04-13T15:00:00Z,5415501908719
2023-04-13T14:00:00Z,5382211638164
2023-04-13T13:00:00Z,5377654742181
2023-04-13T12:00:00Z,5427201268723
2023-04-13T11:00:00Z,5391364593366
2023-04-13T10:00:00Z,5368671429843
2023-04-13T09:00:00Z,5373576371885
2023-04-13T08:00:00Z,5349686838158
2023-04-13T07:00:00Z,5350299598722
2023-04-13T06:00:00Z,5350755931184
2023-04-13T05:00:00Z,5351371119019
2023-04-13T04:00:00Z,5350316285023
2023-04-13T03:00:00Z,5350044111806
2023-04-13T02:00:00Z,5345291883417
2023-04-13T01:00:00Z,5349390045567
2023-04-13T00:00:00Z,5330604737270
2023-04-12T23:00:00Z,5329920721379
2023-04-12T22:00:00Z,5330792841079
2023-04-12T21:00:00Z,5330978328182
2023-04-12T20:00:00Z,5326867093946
2023-04-12T19:00:00Z,5307615366288
2023-04-12T18:00:00Z,5318027565821
2023-04-12T17:00:00Z,5320371909221
2023-04-12T16:00:00Z,5317901434382
2023-04-12T15:00:00Z,5308958617654
2023-04-12T14:00:00Z,5307933329136
2023-04-12T13:00:00Z,5327140489405
2023-04-12T12:00:00Z,5323887888880
2023-04-12T11:00:00Z,5325214364130
2023-04-12T10:00:00Z,5316872210322
2023-04-12T09:00:00Z,5325540661974
2023-04-12T08:00:00Z,5326210877114
2023-04-12T07:00:00Z,5366137893932
2023-04-12T06:00:00Z,5361231623967
2023-04-12T05:00:00Z,5359625704664
2023-04-12T04:00:00Z,5359286035214
2023-04-12T03:00:00Z,5359130089196
2023-04-12T02:00:00Z,5362270234499
2023-04-12T01:00:00Z,5375945241524
2023-04-12T00:00:00Z,5367005464851
2023-04-11T23:00:00Z,5365459304400
2023-04-11T22:00:00Z,5365851228033
2023-04-11T21:00:00Z,5359651271849
2023-04-11T20:00:00Z,5359632480708
2023-04-11T19:00:00Z,5362344834794
2023-04-11T18:00:00Z,5356175515027
2023-04-11T17:00:00Z,5361015021381
2023-04-11T16:00:00Z,5399137684342
2023-04-11T15:00:00Z,5402161257261
2023-04-11T14:00:00Z,5400660171186
2023-04-11T13:00:00Z,5403826272330
2023-04-11T12:00:00Z,5411993664682
2023-04-11T11:00:00Z,5412706316569
2023-04-11T10:00:00Z,5413734641262
2023-04-11T09:00:00Z,5414225894848
2023-04-11T08:00:00Z,5411669338258
2023-04-11T07:00:00Z,5409180324000
2023-04-11T06:00:00Z,5414331008953
2023-04-11T05:00:00Z,5407430251758
2023-04-11T04:00:00Z,5402774788439
2023-04-11T03:00:00Z,5402818349275
2023-04-11T02:00:00Z,5403530642361
2023-04-11T01:00:00Z,5402810995513
2023-04-11T00:00:00Z,5405561463044
2023-04-10T23:00:00Z,5406869984842
2023-04-10T22:00:00Z,5399726465875
2023-04-10T21:00:00Z,5400081537781
2023-04-10T20:00:00Z,5395652109254
2023-04-10T19:00:00Z,5393892172469
2023-04-10T18:00:00Z,5406679340242
2023-04-10T17:00:00Z,5404367909803
2023-04-10T16:00:00Z,5407495186352
2023-04-10T15:00:00Z,5403702538647
2023-04-10T14:00:00Z,5403647503426
2023-04-10T13:00:00Z,5410034718648
2023-04-10T12:00:00Z,5417379055809
2023-04-10T11:00:00Z,5419912544938
2023-04-10T10:00:00Z,5421684118427
2023-04-10T09:00:00Z,5424369880305
2023-04-10T08:00:00Z,5425270237087
2023-04-10T07:00:00Z,5426899593836
2023-04-10T06:00:00Z,5433078779366
2023-04-10T05:00:00Z,6029988143394
2023-04-10T04:00:00Z,6029242331500
2023-04-10T03:00:00Z,6030087191598
2023-04-10T02:00:00Z,6043643208490
2023-04-10T01:00:00Z,6045694711854
2023-04-10T00:00:00Z,6050829091331
2023-04-09T23:00:00Z,6054927451524
2023-04-09T22:00:00Z,6057064341992
2023-04-09T21:00:00Z,6058423642900
2023-04-09T20:00:00Z,6063498662553
2023-04-09T19:00:00Z,6066775515318
2023-04-09T18:00:00Z,6066519906850
2023-04-09T17:00:00Z,6070387982631
2023-04-09T16:00:00Z,6074284737054
2023-04-09T15:00:00Z,6075130987534
2023-04-09T14:00:00Z,6075275994342
2023-04-09T13:00:00Z,6072412355058
2023-04-09T12:00:00Z,6072543417714
2023-04-09T11:00:00Z,6072943706208
2023-04-09T10:00:00Z,6065056755308
2023-04-09T09:00:00Z,6063009159731
2023-04-09T08:00:00Z,6066677870216
2023-04-09T07:00:00Z,6069271316845
2023-04-09T06:00:00Z,6072398189748
2023-04-09T05:00:00Z,6071839199341
2023-04-09T04:00:00Z,6073450446225
2023-04-09T03:00:00Z,6076852755421
2023-04-09T02:00:00Z,6072137440623
2023-04-09T01:00:00Z,6071944637566
2023-04-09T00:00:00Z,6060744293938
2023-04-08T23:00:00Z,6061313023808
2023-04-08T22:00:00Z,6070231783837
2023-04-08T21:00:00Z,6069863453181
2023-04-08T20:00:00Z,6085031196023
2023-04-08T19:00:00Z,6090980434947
2023-04-08T18:00:00Z,6096821732105
2023-04-08T17:00:00Z,6097498607205
2023-04-08T16:00:00Z,6107439384108
2023-04-08T15:00:00Z,6109512678453
2023-04-08T14:00:00Z,6099718474379
2023-04-08T13:00:00Z,6101168978880
2023-04-08T12:00:00Z,6103480029672
2023-04-08T11:00:00Z,6127482419222
2023-04-08T10:00:00Z,6124208388583
2023-04-08T09:00:00Z,6125139560133
2023-04-08T08:00:00Z,6127410608077
2023-04-08T07:00:00Z,6129824826410
2023-04-08T06:00:00Z,6127927319840
2023-04-08T05:00:00Z,6126003606803
2023-04-08T04:00:00Z,6127933102019
2023-04-08T03:00:00Z,6128235981775
2023-04-08T02:00:00Z,6132452132154
2023-04-08T01:00:00Z,6133824395142
2023-04-08T00:00:00Z,6135129184449
2023-04-07T23:00:00Z,6151031256042
2023-04-07T22:00:00Z,6156488836306
2023-04-07T21:00:00Z,6160848187539
2023-04-07T20:00:00Z,6160062949457
2023-04-07T19:00:00Z,6119333609255
2023-04-07T18:00:00Z,6118949289589
2023-04-07T17:00:00Z,6119976531910
2023-04-07T16:00:00Z,6119993836752
2023-04-07T15:00:00Z,6120818333410
2023-04-07T14:00:00Z,6123906871245
2023-04-07T13:00:00Z,6125277422586
2023-04-07T12:00:00Z,6117073604617
2023-04-07T11:00:00Z,6122615726703
2023-04-07T10:00:00Z,6125360297129
2023-04-07T09:00:00Z,6135257938214
2023-04-07T08:00:00Z,6135777062202
2023-04-07T07:00:00Z,6132912720039
2023-04-07T06:00:00Z,6107174276548
2023-04-07T05:00:00Z,6107714858907
2023-04-07T04:00:00Z,6108664159187
2023-04-07T03:00:00Z,6111200472805
2023-04-07T02:00:00Z,6113073205517
2023-04-07T01:00:00Z,6108948739305
2023-04-07T00:00:00Z,6104305055127
2023-04-06T23:00:00Z,6121845245673
2023-04-06T22:00:00Z,6122637483493
2023-04-06T21:00:00Z,6121059750951
2023-04-06T20:00:00Z,6108171000254
2023-04-06T19:00:00Z,6011420448853
2023-04-06T18:00:00Z,5760492592944
2023-04-06T17:00:00Z,5759154223761
2023-04-06T16:00:00Z,5747770050688
2023-04-06T15:00:00Z,5747969361671
2023-04-06T14:00:00Z,5758692197429
2023-04-06T13:00:00Z,5749931752545
2023-04-06T12:00:00Z,5718592494797
2023-04-06T11:00:00Z,5717166242472
2023-04-06T10:00:00Z,5220163380032
2023-04-06T09:00:00Z,5226184416790
2023-04-06T08:00:00Z,5206863771736
2023-04-06T07:00:00Z,5184271760386
2023-04-06T06:00:00Z,5183291245492
2023-04-06T05:00:00Z,5185922054199
2023-04-06T04:00:00Z,5186468724918
2023-04-06T03:00:00Z,5188666915102
2023-04-06T02:00:00Z,5185002627542
2023-04-06T01:00:00Z,5188442019327
2023-04-06T00:00:00Z,5185994145332
2023-04-05T23:00:00Z,5150038684984
2023-04-05T22:00:00Z,5150076860556
2023-04-05T21:00:00Z,5159106754396
2023-04-05T20:00:00Z,5159680192098
2023-04-05T19:00:00Z,5169335019598
2023-04-05T18:00:00Z,5169813111696
2023-04-05T17:00:00Z,5117705072600
2023-04-05T16:00:00Z,5117329101183
2023-04-05T15:00:00Z,5111611592047
2023-04-05T14:00:00Z,5029235132861
2023-04-05T13:00:00Z,5022377634103
2023-04-05T12:00:00Z,5026973036336
2023-04-05T11:00:00Z,4983651230414
2023-04-05T10:00:00Z,4982841715839
2023-04-05T09:00:00Z,4915779948123
2023-04-05T08:00:00Z,4919144573173
2023-04-05T07:00:00Z,4919487278326
2023-04-05T06:00:00Z,4942063574984
2023-04-05T05:00:00Z,4937601517011
2023-04-05T04:00:00Z,4941580886815
2023-04-05T03:00:00Z,4939574827647
2023-04-05T02:00:00Z,4952737950142
2023-04-05T01:00:00Z,4952105789516
2023-04-05T00:00:00Z,4936049756500
2023-04-04T23:00:00Z,4936761109293
2023-04-04T22:00:00Z,4876849417582
2023-04-04T21:00:00Z,4872746109606
2023-04-04T20:00:00Z,4872817723260
2023-04-04T19:00:00Z,4876451248719
2023-04-04T18:00:00Z,4835488563757
2023-04-04T17:00:00Z,4751850120182
2023-04-04T16:00:00Z,4747837050514
2023-04-04T15:00:00Z,4798914897924
2023-04-04T14:00:00Z,4796286827315
2023-04-04T13:00:00Z,4810483936554
2023-04-04T12:00:00Z,4824126970381
2023-04-04T11:00:00Z,4821831004087
2023-04-04T10:00:00Z,4818261875429
2023-04-04T09:00:00Z,4820506395591
2023-04-04T08:00:00Z,4809808124286
2023-04-04T07:00:00Z,4718805161439
2023-04-04T06:00:00Z,4721241730160
2023-04-04T05:00:00Z,4720699741595
2023-04-04T04:00:00Z,4726164695694
2023-04-04T03:00:00Z,4725416760886
2023-04-04T02:00:00Z,4721573560681
2023-04-04T01:00:00Z,4784567099530
2023-04-04T00:00:00Z,4787781709399
2023-04-03T23:00:00Z,4792857091708
2023-04-03T22:00:00Z,4792557734172
2023-04-03T21:00:00Z,4700926403709
2023-04-03T20:00:00Z,4720694891295
2023-04-03T19:00:00Z,4948604720981
2023-04-03T18:00:00Z,4948958926030
2023-04-03T17:00:00Z,4954147878653
2023-04-03T16:00:00Z,4957049629174
2023-04-03T15:00:00Z,4959271893343
2023-04-03T14:00:00Z,4944613212504
2023-04-03T13:00:00Z,4945843741298
2023-04-03T12:00:00Z,4948430435385
2023-04-03T11:00:00Z,4948861636496
2023-04-03T10:00:00Z,4940191855227
2023-04-03T09:00:00Z,4949259391882
2023-04-03T08:00:00Z,4948525957025
2023-04-03T07:00:00Z,4947660378847
2023-04-03T06:00:00Z,4949372702071
2023-04-03T05:00:00Z,4958121131404
2023-04-03T04:00:00Z,4959733377290
2023-04-03T03:00:00Z,4956487516671
2023-04-03T02:00:00Z,4938801524157
2023-04-03T01:00:00Z,4937103739224
2023-04-03T00:00:00Z,4937431715352
2023-04-02T23:00:00Z,4951282433490
2023-04-02T22:00:00Z,4958349113216
2023-04-02T21:00:00Z,4969106374808
2023-04-02T20:00:00Z,4967909875428
2023-04-02T19:00:00Z,4968611633635
2023-04-02T18:00:00Z,4967913856640
2023-04-02T17:00:00Z,4966791712999
2023-04-02T16:00:00Z,4965842569154
2023-04-02T15:00:00Z,4949708479135
2023-04-02T14:00:00Z,4951727993548
2023-04-02T13:00:00Z,4904927035388
2023-04-02T12:00:00Z,4906152313877
2023-04-02T11:00:00Z,4892311025858
2023-04-02T10:00:00Z,4893069693912
2023-04-02T09:00:00Z,4893772408949
2023-04-02T08:00:00Z,4893342569755
2023-04-02T07:00:00Z,4888604772751
2023-04-02T06:00:00Z,4887558174106
2023-04-02T05:00:00Z,4887768426293
2023-04-02T04:00:00Z,4888153662044
2023-04-02T03:00:00Z,4887762704561
2023-04-02T02:00:00Z,4889554014637
2023-04-02T01:00:00Z,4890023364746
2023-04-02T00:00:00Z,4892106023656
2023-04-01T23:00:00Z,4895443304700
2023-04-01T22:00:00Z,4895335982167
2023-04-01T21:00:00Z,4895268980722
2023-04-01T20:00:00Z,4895183316757
2023-04-01T19:00:00Z,4898528954849
2023-04-01T18:00:00Z,4895871560336
2023-04-01T17:00:00Z,4895140462351
2023-04-01T16:00:00Z,4905769568716
2023-04-01T15:00:00Z,4907961842725
2023-04-01T14:00:00Z,4911070662337
2023-04-01T13:00:00Z,4910385739264
2023-04-01T12:00:00Z,4912177257149
2023-04-01T11:00:00Z,4913017007735
2023-04-01T10:00:00Z,4913995540125
2023-04-01T09:00:00Z,4916092327505
2023-04-01T08:00:00Z,4908580681212
2023-04-01T07:00:00Z,4879441893429
2023-04-01T06:00:00Z,4875940045408
2023-04-01T05:00:00Z,4856221596248
2023-04-01T04:00:00Z,4858451461847
2023-04-01T03:00:00Z,4858441724465
2023-04-01T02:00:00Z,4969047337019
2023-04-01T01:00:00Z,4971095365466
2023-04-01T00:00:00Z,4971182282645
2023-03-31T23:00:00Z,4959714207454
2023-03-31T22:00:00Z,4959669826435
2023-03-31T21:00:00Z,4960939362820
2023-03-31T20:00:00Z,4959096283393
2023-03-31T19:00:00Z,4906734503958
2023-03-31T18:00:00Z,4905627052412
2023-03-31T17:00:00Z,4898139365861
2023-03-31T16:00:00Z,4897090377709
2023-03-31T15:00:00Z,4893086742888
2023-03-31T14:00:00Z,4890254914430
2023-03-31T13:00:00Z,4900841592607
2023-03-31T12:00:00Z,4838929457247
2023-03-31T11:00:00Z,4839014243345
2023-03-31T10:00:00Z,4921798625679
2023-03-31T09:00:00Z,4916214268498
2023-03-31T08:00:00Z,4914602644294
2023-03-31T07:00:00Z,4914930150400
2023-03-31T06:00:00Z,4916161955592
2023-03-31T05:00:00Z,4913839550148
2023-03-31T04:00:00Z,4914035431118
2023-03-31T03:00:00Z,4908910237573
2023-03-31T02:00:00Z,4910927659274
2023-03-31T01:00:00Z,4915767490169
2023-03-31T00:00:00Z,4916806376817
2023-03-30T23:00:00Z,4918735927082
2023-03-30T22:00:00Z,4918508394884
2023-03-30T21:00:00Z,4928161651590
2023-03-30T20:00:00Z,4929419471767
2023-03-30T19:00:00Z,4929570116858
2023-03-30T18:00:00Z,4788413991348
2023-03-30T17:00:00Z,4665126834334
2023-03-30T16:00:00Z,4685032832113
2023-03-30T15:00:00Z,4664015013614
2023-03-30T14:00:00Z,4640280366361
2023-03-30T13:00:00Z,4621601476402
2023-03-30T12:00:00Z,4619491651490
2023-03-30T11:00:00Z,4621296325923
2023-03-30T10:00:00Z,4637665254931
2023-03-30T09:00:00Z,4662924382240
2023-03-30T08:00:00Z,4660665573511
2023-03-30T07:00:00Z,4660171153545
2023-03-30T06:00:00Z,4659652830019
2023-03-30T05:00:00Z,4652810584389
2023-03-30T04:00:00Z,4655451551019
2023-03-30T03:00:00Z,4651636787804
2023-03-30T02:00:00Z,4651233644343
2023-03-30T01:00:00Z,4629469501675
2023-03-30T00:00:00Z,4607705359007
2023-03-29T23:00:00Z,4585941216338
2023-03-29T22:00:00Z,4564177073670
2023-03-29T21:00:00Z,4542412931002
2023-03-29T20:00:00Z,4520648788334
2023-03-29T19:00:00Z,4498884645665
2023-03-29T18:00:00Z,4477120502997
2023-03-29T17:00:00Z,4475823244296
2023-03-29T16:00:00Z,4468050406846
2023-03-29T15:00:00Z,4370278545018
2023-03-29T14:00:00Z,4350959582111
2023-03-29T13:00:00Z,4357035027110
2023-03-29T12:00:00Z,4357012309278
2023-03-29T11:00:00Z,4351174704927
2023-03-29T10:00:00Z,4343671119072
2023-03-29T09:00:00Z,4342400680120
2023-03-29T08:00:00Z,4338563858708
2023-03-29T07:00:00Z,4334635203901
2023-03-29T06:00:00Z,4331525943070
2023-03-29T05:00:00Z,4328416682239
2023-03-29T04:00:00Z,4328055172478
2023-03-29T03:00:00Z,4328213891999
2023-03-29T02:00:00Z,4328867800902
2023-03-29T01:00:00Z,4327044937686
2023-03-29T00:00:00Z,4327874896038
2023-03-28T23:00:00Z,4325136627246
2023-03-28T22:00:00Z,4324820903203
2023-03-28T21:00:00Z,4323603655798
2023-03-28T20:00:00Z,4324024945746
2023-03-28T19:00:00Z,4323169642335
2023-03-28T18:00:00Z,4310860707595
2023-03-28T17:00:00Z,4319324169458
2023-03-28T16:00:00Z,4317531161016
2023-03-28T15:00:00Z,4283633343550
2023-03-28T14:00:00Z,4281742989144
2023-03-28T13:00:00Z,4279493564015
2023-03-28T12:00:00Z,4193874300941
2023-03-28T11:00:00Z,4192636538221
2023-03-28T10:00:00Z,4192035725448
2023-03-28T09:00:00Z,4190760393590
2023-03-28T08:00:00Z,4191092961070
2023-03-28T07:00:00Z,4187007150698
2023-03-28T06:00:00Z,4185168048277
2023-03-28T05:00:00Z,4181235839328
2023-03-28T04:00:00Z,4183373527139
2023-03-28T03:00:00Z,4184513353368
2023-03-28T02:00:00Z,4234646913464
2023-03-28T01:00:00Z,4240545305784
2023-03-28T00:00:00Z,4237475366174
2023-03-27T23:00:00Z,4242577774738
2023-03-27T22:00:00Z,4242644176150
2023-03-27T21:00:00Z,4242025756341
2023-03-27T20:00:00Z,4244474343049
2023-03-27T19:00:00Z,4244567107729
2023-03-27T18:00:00Z,4244604252546
2023-03-27T17:00:00Z,4241649771430
2023-03-27T16:00:00Z,4164277949326
2023-03-27T15:00:00Z,4163393492623
2023-03-27T14:00:00Z,4123476519676
2023-03-27T13:00:00Z,4121104410984
2023-03-27T12:00:00Z,4119450672908
2023-03-27T11:00:00Z,4119969277690
2023-03-27T10:00:00Z,4120155400743
2023-03-27T09:00:00Z,4121072638165
2023-03-27T08:00:00Z,4121196738748
2023-03-27T07:00:00Z,4122393811445
2023-03-27T06:00:00Z,4122332247059
2023-03-27T05:00:00Z,4122229902657
2023-03-27T04:00:00Z,4122539096173
2023-03-27T03:00:00Z,4123674515257
2023-03-27T02:00:00Z,4126340424459
2023-03-27T01:00:00Z,4129336694423
2023-03-27T00:00:00Z,4130560459144
2023-03-26T23:00:00Z,4132757359388
2023-03-26T22:00:00Z,4139447411420
2023-03-26T21:00:00Z,4131219802354
2023-03-26T20:00:00Z,4130981583153
2023-03-26T19:00:00Z,4132559068370
2023-03-26T18:00:00Z,4132220413486
2023-03-26T17:00:00Z,4133344918434
2023-03-26T16:00:00Z,4133034806349
2023-03-26T15:00:00Z,4126942043358
2023-03-26T14:00:00Z,4125678501741
2023-03-26T13:00:00Z,4113647242989
2023-03-26T12:00:00Z,4112307782283
2023-03-26T11:00:00Z,4112923674177
2023-03-26T10:00:00Z,4117427774939
2023-03-26T09:00:00Z,4122144970120
2023-03-26T08:00:00Z,4124844218044
2023-03-26T07:00:00Z,4126749048975
2023-03-26T06:00:00Z,4128532864221
2023-03-26T05:00:00Z,4128404790732
2023-03-26T04:00:00Z,4127628691394
2023-03-26T03:00:00Z,4127321753694
2023-03-26T02:00:00Z,4125820746118
2023-03-26T01:00:00Z,4128085404161
2023-03-26T00:00:00Z,4102572156243
2023-03-25T23:00:00Z,4103803225826
2023-03-25T22:00:00Z,4102828625310
2023-03-25T21:00:00Z,4103212121746
2023-03-25T20:00:00Z,4104216425000
2023-03-25T19:00:00Z,4106072285175
2023-03-25T18:00:00Z,4110124700607
2023-03-25T17:00:00Z,4096669452870
2023-03-25T16:00:00Z,4030499696123
2023-03-25T15:00:00Z,4029801807546
2023-03-25T14:00:00Z,4205066678964
2023-03-25T13:00:00Z,4201398465602
2023-03-25T12:00:00Z,4198241268207
2023-03-25T11:00:00Z,4197813908504
2023-03-25T10:00:00Z,4197209604399
2023-03-25T09:00:00Z,4196910327785
2023-03-25T08:00:00Z,4184584060346
2023-03-25T07:00:00Z,4164429793313
2023-03-25T06:00:00Z,3987482300109
2023-03-25T05:00:00Z,3986375364712
2023-03-25T04:00:00Z,3986751387857
2023-03-25T03:00:00Z,3986341095055
2023-03-25T02:00:00Z,3995963677640
2023-03-25T01:00:00Z,4000687680275
2023-03-25T00:00:00Z,3994327256400
2023-03-24T23:00:00Z,4007680096192
2023-03-24T22:00:00Z,4006805214440
2023-03-24T21:00:00Z,4009366292478
2023-03-24T20:00:00Z,4011287323163
2023-03-24T19:00:00Z,4010977638887
2023-03-24T18:00:00Z,3835029049725
2023-03-24T17:00:00Z,3833714723667
2023-03-24T16:00:00Z,3832400397609
2023-03-24T15:00:00Z,3830762567925
2023-03-24T14:00:00Z,3825478846548
2023-03-24T13:00:00Z,3785377640770
2023-03-24T12:00:00Z,3796643982620
2023-03-24T11:00:00Z,3797883676236
2023-03-24T10:00:00Z,3815015467269
2023-03-24T09:00:00Z,3816442520859
2023-03-24T08:00:00Z,3818468827741
2023-03-24T07:00:00Z,3814368495731
2023-03-24T06:00:00Z,3820730942858
2023-03-24T05:00:00Z,3820409634667
2023-03-24T04:00:00Z,3820976939120
2023-03-24T03:00:00Z,3825633169031
2023-03-24T02:00:00Z,3823704471352
2023-03-24T01:00:00Z,3827330488429
2023-03-24T00:00:00Z,3827723594048
2023-03-23T23:00:00Z,3826721807829
2023-03-23T22:00:00Z,3825371604554
2023-03-23T21:00:00Z,4076378138458
2023-03-23T20:00:00Z,4074517285498
2023-03-23T19:00:00Z,4087102937909
2023-03-23T18:00:00Z,4080314532212
2023-03-23T17:00:00Z,4079949194173
2023-03-23T16:00:00Z,4098697835471
2023-03-23T15:00:00Z,4095564613929
2023-03-23T14:00:00Z,4096383687428
2023-03-23T13:00:00Z,4097109887350
2023-03-23T12:00:00Z,4047531125981
2023-03-23T11:00:00Z,4113793172315
2023-03-23T10:00:00Z,4114294146728
2023-03-23T09:00:00Z,4109401026301
2023-03-23T08:00:00Z,4106026261622
2023-03-23T07:00:00Z,4101387041448
2023-03-23T06:00:00Z,4100918966445
2023-03-23T05:00:00Z,4104038419684
2023-03-23T04:00:00Z,4104768032372
2023-03-23T03:00:00Z,4106786792227
2023-03-23T02:00:00Z,4105313593097
2023-03-23T01:00:00Z,4102225810790
2023-03-23T00:00:00Z,4102210563009
2023-03-22T23:00:00Z,4101659966008
2023-03-22T22:00:00Z,4100917951632
2023-03-22T21:00:00Z,4099819969241
2023-03-22T20:00:00Z,4098943793777
2023-03-22T19:00:00Z,4097277796610
2023-03-22T18:00:00Z,4086148100695
2023-03-22T17:00:00Z,4083983091934
2023-03-22T16:00:00Z,4083488850041
2023-03-22T15:00:00Z,4074647607462
2023-03-22T14:00:00Z,4075294355734
2023-03-22T13:00:00Z,4056532006004
2023-03-22T12:00:00Z,4056347748521
2023-03-22T11:00:00Z,4061709366975
2023-03-22T10:00:00Z,4061984404150
2023-03-22T09:00:00Z,4059227693400
2023-03-22T08:00:00Z,4059741955218
2023-03-22T07:00:00Z,4024900699928
2023-03-22T06:00:00Z,4024706285584
2023-03-22T05:00:00Z,4030115735493
2023-03-22T04:00:00Z,4039471526942
2023-03-22T03:00:00Z,4019266475304
2023-03-22T02:00:00Z,4024627362743
2023-03-22T01:00:00Z,4018925095718
2023-03-22T00:00:00Z,4015892676047
2023-03-21T23:00:00Z,4017927781501
2023-03-21T22:00:00Z,4019523539856
2023-03-21T21:00:00Z,4025340211740
2023-03-21T20:00:00Z,4025735762633
2023-03-21T19:00:00Z,4023588734043
2023-03-21T18:00:00Z,4029734331148
2023-03-21T17:00:00Z,4026563622118
2023-03-21T16:00:00Z,4028949398913
2023-03-21T15:00:00Z,4045069127845
2023-03-21T14:00:00Z,4046401603282
2023-03-21T13:00:00Z,4043384242457
2023-03-21T12:00:00Z,4035962969838
2023-03-21T11:00:00Z,4040425074640
2023-03-21T10:00:00Z,4040037670943
2023-03-21T09:00:00Z,4040669685399
2023-03-21T08:00:00Z,4046126737840
2023-03-21T07:00:00Z,4048446700673
2023-03-21T06:00:00Z,4042628834024
2023-03-21T05:00:00Z,4042875475696
2023-03-21T04:00:00Z,4043018348249
2023-03-21T03:00:00Z,4040057956180
2023-03-21T02:00:00Z,4065411553076
2023-03-21T01:00:00Z,4067076519759
2023-03-21T00:00:00Z,4063888762680
2023-03-20T23:00:00Z,4060714559997
2023-03-20T22:00:00Z,4061199099471
2023-03-20T21:00:00Z,4064068783297
2023-03-20T20:00:00Z,4070193268612
2023-03-20T19:00:00Z,4071041177324
2023-03-20T18:00:00Z,4107859023920
2023-03-20T17:00:00Z,4106877497091
2023-03-20T16:00:00Z,4102954165004
2023-03-20T15:00:00Z,4100849116783
2023-03-20T14:00:00Z,4097025095000
2023-03-20T13:00:00Z,4101881168283
2023-03-20T12:00:00Z,4094879937619
2023-03-20T11:00:00Z,4094083402406
2023-03-20T10:00:00Z,4094785398957
2023-03-20T09:00:00Z,4091611787458
2023-03-20T08:00:00Z,4094050695085
2023-03-20T07:00:00Z,4085469892697
2023-03-20T06:00:00Z,4075532251210
2023-03-20T05:00:00Z,3478328868058
2023-03-20T04:00:00Z,3480452344577
2023-03-20T03:00:00Z,3478091155356
2023-03-20T02:00:00Z,3467888974079
2023-03-20T01:00:00Z,3466783303119
2023-03-20T00:00:00Z,3462045449823
2023-03-19T23:00:00Z,3862195128431
2023-03-19T22:00:00Z,3860413366844
2023-03-19T21:00:00Z,3863415805802
2023-03-19T20:00:00Z,3860526762103
2023-03-19T19:00:00Z,3862288314445
2023-03-19T18:00:00Z,3861781951018
2023-03-19T17:00:00Z,3861578011012
2023-03-19T16:00:00Z,3858590687504
2023-03-19T15:00:00Z,3858847312260
2023-03-19T14:00:00Z,3858769085048
2023-03-19T13:00:00Z,3856863862587
2023-03-19T12:00:00Z,3858259543129
2023-03-19T11:00:00Z,3858091599210
2023-03-19T10:00:00Z,3864167938186
2023-03-19T09:00:00Z,3864824180362
2023-03-19T08:00:00Z,3862040901342
2023-03-19T07:00:00Z,3859977289361
2023-03-19T06:00:00Z,3858934109834
2023-03-19T05:00:00Z,3861369882574
2023-03-19T04:00:00Z,3860002474344
2023-03-19T03:00:00Z,3856594913653
2023-03-19T02:00:00Z,3857748601649
2023-03-19T01:00:00Z,3857062024094
2023-03-19T00:00:00Z,3854868179553
2023-03-18T23:00:00Z,3852903532704
2023-03-18T22:00:00Z,3842622878736
2023-03-18T21:00:00Z,3840780825155
2023-03-18T20:00:00Z,3825928646398
2023-03-18T19:00:00Z,3816579387418
2023-03-18T18:00:00Z,3809144278889
2023-03-18T17:00:00Z,3807936601483
2023-03-18T16:00:00Z,3798276720084
2023-03-18T15:00:00Z,3795959278264
2023-03-18T14:00:00Z,3793335043571
2023-03-18T13:00:00Z,3793508855004
2023-03-18T12:00:00Z,3792460906721
2023-03-18T11:00:00Z,3770570284024
2023-03-18T10:00:00Z,3769294038690
2023-03-18T09:00:00Z,3768756106224
2023-03-18T08:00:00Z,3767780973402
2023-03-18T07:00:00Z,3767863696110
2023-03-18T06:00:00Z,3765887633638
2023-03-18T05:00:00Z,3764162703194
2023-03-18T04:00:00Z,3763273981042
2023-03-18T03:00:00Z,3767096567361
2023-03-18T02:00:00Z,3762975564609
2023-03-18T01:00:00Z,3755101460188
2023-03-18T00:00:00Z,3846901270166
2023-03-17T23:00:00Z,3850433925430
2023-03-17T22:00:00Z,3844756210578
2023-03-17T21:00:00Z,3847874432389
2023-03-17T20:00:00Z,3842908715120
2023-03-17T19:00:00Z,3841076458065
2023-03-17T18:00:00Z,3840771367250
2023-03-17T17:00:00Z,3844212995008
2023-03-17T16:00:00Z,3847391868183
2023-03-17T15:00:00Z,3847967692742
2023-03-17T14:00:00Z,3845059874287
2023-03-17T13:00:00Z,3841388827396
2023-03-17T12:00:00Z,3840722684470
2023-03-17T11:00:00Z,3835615092077
2023-03-17T10:00:00Z,3835082339939
2023-03-17T09:00:00Z,3829172127819
2023-03-17T08:00:00Z,3828190210328
2023-03-17T07:00:00Z,3845985368720
2023-03-17T06:00:00Z,3843748173185
2023-03-17T05:00:00Z,3843580476030
2023-03-17T04:00:00Z,3881464984199
2023-03-17T03:00:00Z,3883319021800
2023-03-17T02:00:00Z,3881689782494
2023-03-17T01:00:00Z,3878865370813
2023-03-17T00:00:00Z,3876799629279
2023-03-16T23:00:00Z,3857075018941
2023-03-16T22:00:00Z,3859023137406
2023-03-16T21:00:00Z,3858655359977
2023-03-16T20:00:00Z,3856787470832
2023-03-16T19:00:00Z,3857135071042
2023-03-16T18:00:00Z,3857417953506
2023-03-16T17:00:00Z,3851892874162
2023-03-16T16:00:00Z,3856814754773
2023-03-16T15:00:00Z,3874452041771
2023-03-16T14:00:00Z,3815961085544
2023-03-16T13:00:00Z,3816328321731
2023-03-16T12:00:00Z,3814899240215
2023-03-16T11:00:00Z,3830142969432
2023-03-16T10:00:00Z,3836757867581
2023-03-16T09:00:00Z,9684179398441
2023-03-16T08:00:00Z,9685513930861
2023-03-16T07:00:00Z,9690654598925
2023-03-16T06:00:00Z,9690180398389
2023-03-16T05:00:00Z,9689864453999
2023-03-16T04:00:00Z,9691351996161
2023-03-16T03:00:00Z,9686785983909
2023-03-16T02:00:00Z,9690973883652
2023-03-16T01:00:00Z,9699574312956
2023-03-16T00:00:00Z,9697335115519
2023-03-15T23:00:00Z,10043245971578
2023-03-15T22:00:00Z,10043995639946
2023-03-15T21:00:00Z,16510326594388
2023-03-15T20:00:00Z,16509087133196
2023-03-15T19:00:00Z,16507369240513
2023-03-15T18:00:00Z,16516312690725
2023-03-15T17:00:00Z,16519070856595
2023-03-15T16:00:00Z,16515595755568
2023-03-15T15:00:00Z,16514701616556
2023-03-15T14:00:00Z,16513671386432
2023-03-15T13:00:00Z,16511749024666
2023-03-15T12:00:00Z,16510144460262
2023-03-15T11:00:00Z,16510153655960
2023-03-15T10:00:00Z,16509182698234
2023-03-15T09:00:00Z,16512212476484
2023-03-15T08:00:00Z,16509248477248
2023-03-15T07:00:00Z,16510295527347
2023-03-15T06:00:00Z,16512826087628
2023-03-15T05:00:00Z,16515356647908
2023-03-15T04:00:00Z,16510521047182
2023-03-15T03:00:00Z,16512586059834
2023-03-15T02:00:00Z,16496448767287
2023-03-15T01:00:00Z,16498313388032
2023-03-15T00:00:00Z,16497952819201
2023-03-14T23:00:00Z,16503831408313
2023-03-14T22:00:00Z,16502861601293
2023-03-14T21:00:00Z,16502201628259
2023-03-14T20:00:00Z,16500295638810
2023-03-14T19:00:00Z,16495097461264
2023-03-14T18:00:00Z,16491114098676
2023-03-14T17:00:00Z,16478357626329
2023-03-14T16:00:00Z,16479430748592
2023-03-14T15:00:00Z,16428686998420
2023-03-14T14:00:00Z,16426707011338
2023-03-14T13:00:00Z,16417097802375
2023-03-14T12:00:00Z,16403892676667
2023-03-14T11:00:00Z,16407230234764
2023-03-14T10:00:00Z,16408484454216
2023-03-14T09:00:00Z,16402081085657
2023-03-14T08:00:00Z,16404276479956
2023-03-14T07:00:00Z,16404650172750
2023-03-14T06:00:00Z,16402843673541
2023-03-14T05:00:00Z,16402940706326
2023-03-14T04:00:00Z,16394557466984
2023-03-14T03:00:00Z,16396776906431
2023-03-14T02:00:00Z,16400066701356
2023-03-14T01:00:00Z,16339237611981
2023-03-14T00:00:00Z,16336327627350
2023-03-13T23:00:00Z,16332599682950
2023-03-13T22:00:00Z,16334894941589
2023-03-13T21:00:00Z,16340290200922
2023-03-13T20:00:00Z,16321963467040
2023-03-13T19:00:00Z,16095456096024
2023-03-13T18:00:00Z,16095049795259
2023-03-13T17:00:00Z,16094814385430
2023-03-13T16:00:00Z,16091488773822
2023-03-13T15:00:00Z,16089845155637
2023-03-13T14:00:00Z,16090751684882
2023-03-13T13:00:00Z,16089970337277
2023-03-13T12:00:00Z,16087268773414
2023-03-13T11:00:00Z,16088665301787
2023-03-13T10:00:00Z,16093705873909
2023-03-13T09:00:00Z,16085635422239
2023-03-13T08:00:00Z,16086669897834
2023-03-13T07:00:00Z,16085828088936
2023-03-13T06:00:00Z,16085391659422
2023-03-13T05:00:00Z,16075306062367
2023-03-13T04:00:00Z,16075593861533
2023-03-13T03:00:00Z,16077085522168
2023-03-13T02:00:00Z,16077779714739
2023-03-13T01:00:00Z,16081180484303
2023-03-13T00:00:00Z,16082979288223
2023-03-12T23:00:00Z,16071692345854
2023-03-12T22:00:00Z,16063706636532
2023-03-12T21:00:00Z,16055704083758
2023-03-12T20:00:00Z,16064917580843
2023-03-12T19:00:00Z,16073854528615
2023-03-12T18:00:00Z,16076367251752
2023-03-12T17:00:00Z,16077412172810
2023-03-12T16:00:00Z,16079303244882
2023-03-12T15:00:00Z,16083708921466
2023-03-12T14:00:00Z,16083099540973
2023-03-12T13:00:00Z,16083688707022
2023-03-12T12:00:00Z,16097449965270
2023-03-12T11:00:00Z,16099634176938
2023-03-12T10:00:00Z,16099050447528
2023-03-12T09:00:00Z,16234888285701
2023-03-12T08:00:00Z,16234961677999
2023-03-12T07:00:00Z,16245473480636
2023-03-12T06:00:00Z,16250241947979
2023-03-12T05:00:00Z,16251335208403
2023-03-12T04:00:00Z,16260571743235
2023-03-12T03:00:00Z,16260270733489
2023-03-12T02:00:00Z,16260598015554
2023-03-12T01:00:00Z,16260689154730
2023-03-12T00:00:00Z,16261178838388
2023-03-11T23:00:00Z,16256322528111
2023-03-11T22:00:00Z,16256243836402
2023-03-11T21:00:00Z,16267243113215
2023-03-11T20:00:00Z,16267472384465
2023-03-11T19:00:00Z,16267863658826
2023-03-11T18:00:00Z,16269212536984
2023-03-11T17:00:00Z,16269667184387
2023-03-11T16:00:00Z,16259800990551
2023-03-11T15:00:00Z,16258145535309
2023-03-11T14:00:00Z,16258216479094
2023-03-11T13:00:00Z,16258276153433
2023-03-11T12:00:00Z,16255622585694
2023-03-11T11:00:00Z,16255176573079
2023-03-11T10:00:00Z,16255418431900
2023-03-11T09:00:00Z,16265823808855
2023-03-11T08:00:00Z,16267720196849
2023-03-11T07:00:00Z,16269172520180
2023-03-11T06:00:00Z,16269615191655
2023-03-11T05:00:00Z,16272976273937
2023-03-11T04:00:00Z,16278009786198
2023-03-11T03:00:00Z,16280158023214
2023-03-11T02:00:00Z,16169549719505
2023-03-11T01:00:00Z,16171238886036
2023-03-11T00:00:00Z,16173814288653
2023-03-10T23:00:00Z,16173264586259
2023-03-10T22:00:00Z,16174746094248
2023-03-10T21:00:00Z,16174140221083
2023-03-10T20:00:00Z,16178933932148
2023-03-10T19:00:00Z,16179882181452
2023-03-10T18:00:00Z,16176873307891
2023-03-10T17:00:00Z,16179119727938
2023-03-10T16:00:00Z,16180076717472
2023-03-10T15:00:00Z,16181293064048
2023-03-10T14:00:00Z,16183404433903
2023-03-10T13:00:00Z,16172727812805
2023-03-10T12:00:00Z,16173208968727
2023-03-10T11:00:00Z,16366084993050
2023-03-10T10:00:00Z,16291046662329
2023-03-10T09:00:00Z,16291696003515
2023-03-10T08:00:00Z,16313524845500
2023-03-10T07:00:00Z,16316005333715
2023-03-10T06:00:00Z,16316083992456
2023-03-10T05:00:00Z,16450341989551
2023-03-10T04:00:00Z,16450793042489
2023-03-10T03:00:00Z,16451156891879
2023-03-10T02:00:00Z,16453419933238
2023-03-10T01:00:00Z,16450074955420
2023-03-10T00:00:00Z,16450009029252
2023-03-09T23:00:00Z,16447837438559
2023-03-09T22:00:00Z,16443909196701
2023-03-09T21:00:00Z,16450888527095
2023-03-09T20:00:00Z,16449778397764
2023-03-09T19:00:00Z,16451374313192
2023-03-09T18:00:00Z,16442270092699
2023-03-09T17:00:00Z,16446082841520
2023-03-09T16:00:00Z,16427214740566
2023-03-09T15:00:00Z,16438907357642
2023-03-09T14:00:00Z,16439814891428
2023-03-09T13:00:00Z,16489797254317
2023-03-09T12:00:00Z,16490102538854
2023-03-09T11:00:00Z,16569184534036
2023-03-09T10:00:00Z,16552784279798
2023-03-09T09:00:00Z,16527725771289
2023-03-09T08:00:00Z,16526210449899
2023-03-09T07:00:00Z,16523537641784
2023-03-09T06:00:00Z,16524393688899
2023-03-09T05:00:00Z,16527188216551
2023-03-09T04:00:00Z,16527242825316
2023-03-09T03:00:00Z,16531522999986
2023-03-09T02:00:00Z,16532925931957
2023-03-09T01:00:00Z,16532287773210
2023-03-09T00:00:00Z,16534837722905
2023-03-08T23:00:00Z,16528595049441
2023-03-08T22:00:00Z,16530185107021
2023-03-08T21:00:00Z,16528635026960
2023-03-08T20:00:00Z,16586937328978
2023-03-08T19:00:00Z,16583541543872
2023-03-08T18:00:00Z,16582710509292
2023-03-08T17:00:00Z,16883065729127
2023-03-08T16:00:00Z,16816916392331
2023-03-08T15:00:00Z,16821633025736
2023-03-08T14:00:00Z,16823524908384
2023-03-08T13:00:00Z,16819274786598
2023-03-08T12:00:00Z,16825012522257
2023-03-08T11:00:00Z,16838354513365
2023-03-08T10:00:00Z,17235879850530
2023-03-08T09:00:00Z,17237313004588
2023-03-08T08:00:00Z,17239117610317
2023-03-08T07:00:00Z,17241170480455
2023-03-08T06:00:00Z,17240812612935
2023-03-08T05:00:00Z,17240454745415
2023-03-08T04:00:00Z,17239658204149
2023-03-08T03:00:00Z,17238881272004
2023-03-08T02:00:00Z,17237577550840
2023-03-08T01:00:00Z,17234624050985
2023-03-08T00:00:00Z,17235432530453
2023-03-07T23:00:00Z,17234594826420
2023-03-07T22:00:00Z,17235886894506
2023-03-07T21:00:00Z,17236204100485
2023-03-07T20:00:00Z,17236521721875
2023-03-07T19:00:00Z,17237768706977
2023-03-07T18:00:00Z,17239066929690
2023-03-07T17:00:00Z,17227854465574
2023-03-07T16:00:00Z,17227912324846
2023-03-07T15:00:00Z,16829655879526
2023-03-07T14:00:00Z,16827016486808
2023-03-07T13:00:00Z,16846728364435
2023-03-07T12:00:00Z,16848100192705
2023-03-07T11:00:00Z,16850556873744
2023-03-07T10:00:00Z,16848988474054
2023-03-07T09:00:00Z,16849408660350
2023-03-07T08:00:00Z,16852468834873
2023-03-07T07:00:00Z,16852041746239
2023-03-07T06:00:00Z,16851852302954
2023-03-07T05:00:00Z,16852321690544
2023-03-07T04:00:00Z,16853082408763
2023-03-07T03:00:00Z,16873449853878
2023-03-07T02:00:00Z,16823714061859
2023-03-07T01:00:00Z,16819935617945
2023-03-07T00:00:00Z,16820726925615
2023-03-06T23:00:00Z,16815357644308
2023-03-06T22:00:00Z,16815192605895
2023-03-06T21:00:00Z,16816055803975
2023-03-06T20:00:00Z,16815653270678
2023-03-06T19:00:00Z,16815861950638
2023-03-06T18:00:00Z,16818659622495
2023-03-06T17:00:00Z,16820776678302
2023-03-06T16:00:00Z,16817999063288
2023-03-06T15:00:00Z,16823156760774
2023-03-06T14:00:00Z,16822524523325
2023-03-06T13:00:00Z,16821252166381
2023-03-06T12:00:00Z,16823313090769
2023-03-06T11:00:00Z,16838270953016
2023-03-06T10:00:00Z,16837888708552
2023-03-06T09:00:00Z,16837487460530
2023-03-06T08:00:00Z,16837217228341
2023-03-06T07:00:00Z,16839479410109
2023-03-06T06:00:00Z,16837731943704
2023-03-06T05:00:00Z,16837647125562
2023-03-06T04:00:00Z,16836383647903
2023-03-06T03:00:00Z,16838531364811
2023-03-06T02:00:00Z,16839551282985
2023-03-06T01:00:00Z,16835972916339
2023-03-06T00:00:00Z,16892971523483
2023-03-05T23:00:00Z,16892725700744
2023-03-05T22:00:00Z,16887217193699
2023-03-05T21:00:00Z,16887381191288
2023-03-05T20:00:00Z,16887471616483
2023-03-05T19:00:00Z,16887587134685
2023-03-05T18:00:00Z,16891103108063
2023-03-05T17:00:00Z,16887142180266
2023-03-05T16:00:00Z,16888849946032
2023-03-05T15:00:00Z,16889871414317
2023-03-05T14:00:00Z,16892467728626
2023-03-05T13:00:00Z,16892992087269
2023-03-05T12:00:00Z,16893205555016
2023-03-05T11:00:00Z,16894885729567
2023-03-05T10:00:00Z,16890630628887
2023-03-05T09:00:00Z,16956369369675
2023-03-05T08:00:00Z,16955945551491
2023-03-05T07:00:00Z,16920407159415
2023-03-05T06:00:00Z,16919824332061
2023-03-05T05:00:00Z,16922855442924
2023-03-05T04:00:00Z,16922745289217
2023-03-05T03:00:00Z,16923046741574
2023-03-05T02:00:00Z,16924134100854
2023-03-05T01:00:00Z,16919561874615
2023-03-05T00:00:00Z,16924532892445
2023-03-04T23:00:00Z,16923741771099
2023-03-04T22:00:00Z,16921584105471
2023-03-04T21:00:00Z,16921316076075
2023-03-04T20:00:00Z,16920046181263
2023-03-04T19:00:00Z,16923584885882
2023-03-04T18:00:00Z,16917571925720
2023-03-04T17:00:00Z,16916893890485
2023-03-04T16:00:00Z,16917211702704
2023-03-04T15:00:00Z,16916892407275
2023-03-04T14:00:00Z,16907931044622
2023-03-04T13:00:00Z,16907528716814
2023-03-04T12:00:00Z,16909930140591
2023-03-04T11:00:00Z,16912797730244
2023-03-04T10:00:00Z,16917424806502
2023-03-04T09:00:00Z,16918400658928
2023-03-04T08:00:00Z,16919124280046
2023-03-04T07:00:00Z,16920601644333
2023-03-04T06:00:00Z,16920991363767
2023-03-04T05:00:00Z,16922373927605
2023-03-04T04:00:00Z,16921506065518
2023-03-04T03:00:00Z,16921584703176
2023-03-04T02:00:00Z,16923999600111
2023-03-04T01:00:00Z,16921409532040
2023-03-04T00:00:00Z,16921333452010
2023-03-03T23:00:00Z,16898663612773
2023-03-03T22:00:00Z,16900342800330
2023-03-03T21:00:00Z,16899321912094
2023-03-03T20:00:00Z,16898068800178
2023-03-03T19:00:00Z,16902697851550
2023-03-03T18:00:00Z,16906640861242
2023-03-03T17:00:00Z,16909103946905
2023-03-03T16:00:00Z,16939450668100
2023-03-03T15:00:00Z,16938590423987
2023-03-03T14:00:00Z,17083353055432
2023-03-03T13:00:00Z,17083862640815
2023-03-03T12:00:00Z,17071810014651
2023-03-03T11:00:00Z,17073259201465
2023-03-03T10:00:00Z,17042657705279
2023-03-03T09:00:00Z,17043432459796
2023-03-03T08:00:00Z,17043241422030
2023-03-03T07:00:00Z,17043831571188
2023-03-03T06:00:00Z,17031634288222
2023-03-03T05:00:00Z,17032531336099
2023-03-03T04:00:00Z,17032614603044
2023-03-03T03:00:00Z,17027888515384
2023-03-03T02:00:00Z,17878485816661
2023-03-03T01:00:00Z,17876430501699
2023-03-03T00:00:00Z,17879883743161
2023-03-02T23:00:00Z,17879976838102
2023-03-02T22:00:00Z,17885969500059
2023-03-02T21:00:00Z,17636354728236
2023-03-02T20:00:00Z,17675327493004
2023-03-02T19:00:00Z,17660995946161
2023-03-02T18:00:00Z,17660215078885
2023-03-02T17:00:00Z,17627707907072
2023-03-02T16:00:00Z,17653340625261
2023-03-02T15:00:00Z,17654167465011
2023-03-02T14:00:00Z,17675323282418
2023-03-02T13:00:00Z,17692371535264
2023-03-02T12:00:00Z,17689310879938
2023-03-02T11:00:00Z,17623154399129
2023-03-02T10:00:00Z,17624506306923
2023-03-02T09:00:00Z,17624324270776
2023-03-02T08:00:00Z,17622765071071
2023-03-02T07:00:00Z,17621695787392
2023-03-02T06:00:00Z,17620645065448
2023-03-02T05:00:00Z,17617462744951
2023-03-02T04:00:00Z,17625693154640
2023-03-02T03:00:00Z,17628230959657
2023-03-02T02:00:00Z,17627360677353
2023-03-02T01:00:00Z,17626614738645
2023-03-02T00:00:00Z,17627267720444
2023-03-01T23:00:00Z,17627704649923
2023-03-01T22:00:00Z,17627699436122
2023-03-01T21:00:00Z,17628236724598
2023-03-01T20:00:00Z,17649225115683
2023-03-01T19:00:00Z,17650839908618
2023-03-01T18:00:00Z,17653641779526
2023-03-01T17:00:00Z,17788569028845
2023-03-01T16:00:00Z,18297107293141
2023-03-01T15:00:00Z,18296911346969
2023-03-01T14:00:00Z,18297256920843
2023-03-01T13:00:00Z,18297042212917
2023-03-01T12:00:00Z,18301007350841
2023-03-01T11:00:00Z,18295908249089
2023-03-01T10:00:00Z,18357441489878
2023-03-01T09:00:00Z,18354675639578
2023-03-01T08:00:00Z,18356450082814
2023-03-01T07:00:00Z,18354263472753
2023-03-01T06:00:00Z,18369672539257
2023-03-01T05:00:00Z,18385081605760
2023-03-01T04:00:00Z,18375939535618
2023-03-01T03:00:00Z,18383446937324
2023-03-01T02:00:00Z,18375444098898
2023-03-01T01:00:00Z,18369805274215
2023-03-01T00:00:00Z,18370462238550
2023-02-28T23:00:00Z,18369665757223
2023-02-28T22:00:00Z,18377625611716
2023-02-28T21:00:00Z,18373608011511
2023-02-28T20:00:00Z,18371840092714
2023-02-28T19:00:00Z,18441843224595
2023-02-28T18:00:00Z,18434330500960
2023-02-28T17:00:00Z,18453306558491
2023-02-28T16:00:00Z,18447281776563
2023-02-28T15:00:00Z,18426614710234
2023-02-28T14:00:00Z,18423848927337
2023-02-28T13:00:00Z,18421756088025
2023-02-28T12:00:00Z,18423086070411
2023-02-28T11:00:00Z,18417617917999
2023-02-28T10:00:00Z,18352758996975
2023-02-28T09:00:00Z,18351862505883
2023-02-28T08:00:00Z,18351280357309
2023-02-28T07:00:00Z,18349363535058
2023-02-28T06:00:00Z,18481594270873
2023-02-28T05:00:00Z,18481590054941
2023-02-28T04:00:00Z,18480447302050
2023-02-28T03:00:00Z,18480332403098
2023-02-28T02:00:00Z,18458569144409
2023-02-28T01:00:00Z,18457281789673
2023-02-28T00:00:00Z,18455451640622
2023-02-27T23:00:00Z,18456085990406
2023-02-27T22:00:00Z,18454803379814
2023-02-27T21:00:00Z,18451331076227
2023-02-27T20:00:00Z,18445991685117
2023-02-27T19:00:00Z,18461925550651
2023-02-27T18:00:00Z,18412097508217
2023-02-27T17:00:00Z,18412612582343
2023-02-27T16:00:00Z,18412838311045
2023-02-27T15:00:00Z,18412469904859
2023-02-27T14:00:00Z,18412635952382
2023-02-27T13:00:00Z,18466320820444
2023-02-27T12:00:00Z,18466388160956
2023-02-27T11:00:00Z,18464227352461
2023-02-27T10:00:00Z,18462495629083
2023-02-27T09:00:00Z,18463558389527
2023-02-27T08:00:00Z,18461680027848
2023-02-27T07:00:00Z,18461377982483
2023-02-27T06:00:00Z,18459033164890
2023-02-27T05:00:00Z,18459403066839
2023-02-27T04:00:00Z,18460916152868
2023-02-27T03:00:00Z,18460766155821
2023-02-27T02:00:00Z,18463802068892
2023-02-27T01:00:00Z,18462484767710
2023-02-27T00:00:00Z,18464491698932
2023-02-26T23:00:00Z,18060978217322
2023-02-26T22:00:00Z,18062246832270
2023-02-26T21:00:00Z,18057840213768
2023-02-26T20:00:00Z,18057098415718
2023-02-26T19:00:00Z,18053651234884
2023-02-26T18:00:00Z,18053569615384
2023-02-26T17:00:00Z,18051721080221
2023-02-26T16:00:00Z,18258385185770
2023-02-26T15:00:00Z,18258001961022
2023-02-26T14:00:00Z,18257564579328
2023-02-26T13:00:00Z,18262704974511
2023-02-26T12:00:00Z,18262346772498
2023-02-26T11:00:00Z,18262689485350
2023-02-26T10:00:00Z,18263075501941
2023-02-26T09:00:00Z,18261470374760
2023-02-26T08:00:00Z,18262533735149
2023-02-26T07:00:00Z,18265355749390
2023-02-26T06:00:00Z,18267154375165
2023-02-26T05:00:00Z,18265200724265
2023-02-26T04:00:00Z,18271527788584
2023-02-26T03:00:00Z,18270608718560
2023-02-26T02:00:00Z,18274448690278
2023-02-26T01:00:00Z,18275438979218
2023-02-26T00:00:00Z,18274776957964
2023-02-25T23:00:00Z,18276627944545
2023-02-25T22:00:00Z,18287871842356
2023-02-25T21:00:00Z,18291793044284
2023-02-25T20:00:00Z,18290892723894
2023-02-25T19:00:00Z,18291192049031
2023-02-25T18:00:00Z,18292495847129
2023-02-25T17:00:00Z,18300759950172
2023-02-25T16:00:00Z,18303334233651
2023-02-25T15:00:00Z,18304088375763
2023-02-25T14:00:00Z,18304095843548
2023-02-25T13:00:00Z,18316965248765
2023-02-25T12:00:00Z,18332888235658
2023-02-25T11:00:00Z,18331845256513
2023-02-25T10:00:00Z,18333451963663
2023-02-25T09:00:00Z,18333203635181
2023-02-25T08:00:00Z,18333654726086
2023-02-25T07:00:00Z,18332349682318
2023-02-25T06:00:00Z,18334634796067
2023-02-25T05:00:00Z,18342258940214
2023-02-25T04:00:00Z,18346733062356
2023-02-25T03:00:00Z,18342852047589
2023-02-25T02:00:00Z,18354422142113
2023-02-25T01:00:00Z,18359329144440
2023-02-25T00:00:00Z,18266104389836
2023-02-24T23:00:00Z,18262772418960
2023-02-24T22:00:00Z,18267066030756
2023-02-24T21:00:00Z,18461704729646
2023-02-24T20:00:00Z,18463834615795
2023-02-24T19:00:00Z,18464594180373
2023-02-24T18:00:00Z,18464450956781
2023-02-24T17:00:00Z,18461491619611
2023-02-24T16:00:00Z,18470681552811
2023-02-24T15:00:00Z,18473553726133
2023-02-24T14:00:00Z,18472665918835
2023-02-24T13:00:00Z,18473069182377
2023-02-24T12:00:00Z,18473388339744
2023-02-24T11:00:00Z,18927349088534
2023-02-24T10:00:00Z,18927185279643
2023-02-24T09:00:00Z,18923308011163
2023-02-24T08:00:00Z,18931639636864
2023-02-24T07:00:00Z,18923880408965
2023-02-24T06:00:00Z,18921549649608
2023-02-24T05:00:00Z,18921913813039
2023-02-24T04:00:00Z,18885135649632
2023-02-24T03:00:00Z,18884497191462
2023-02-24T02:00:00Z,19025272234180
2023-02-24T01:00:00Z,19027988659241
2023-02-24T00:00:00Z,19029395202302
2023-02-23T23:00:00Z,19028338049615
2023-02-23T22:00:00Z,19026297796995
2023-02-23T21:00:00Z,19026920516896
2023-02-23T20:00:00Z,19025822129590
2023-02-23T19:00:00Z,19023484196667
2023-02-23T18:00:00Z,19028612435049
2023-02-23T17:00:00Z,19029133717179
2023-02-23T16:00:00Z,19022615847931
2023-02-23T15:00:00Z,19010835077581
2023-02-23T14:00:00Z,18982957058376
2023-02-23T13:00:00Z,18984321965782
2023-02-23T12:00:00Z,19006554040883
2023-02-23T11:00:00Z,18992673789430
2023-02-23T10:00:00Z,18984544582156
2023-02-23T09:00:00Z,13134225215117
2023-02-23T08:00:00Z,13135604322892
2023-02-23T07:00:00Z,13132378976540
2023-02-23T06:00:00Z,13138218844807
2023-02-23T05:00:00Z,13139393646105
2023-02-23T04:00:00Z,13137767203158
2023-02-23T03:00:00Z,13143985734308
2023-02-23T02:00:00Z,13147614672861
2023-02-23T01:00:00Z,13137435380981
2023-02-23T00:00:00Z,13161968931897
2023-02-22T23:00:00Z,12838685947208
2023-02-22T22:00:00Z,12840264248795
2023-02-22T21:00:00Z,6395603312732
2023-02-22T20:00:00Z,6402598486914
2023-02-22T19:00:00Z,6399900231944
2023-02-22T18:00:00Z,6391145791897
2023-02-22T17:00:00Z,6388397111586
2023-02-22T16:00:00Z,6390500615768
2023-02-22T15:00:00Z,5962030705491
2023-02-22T14:00:00Z,5963347535742
2023-02-22T13:00:00Z,5962560032296
2023-02-22T12:00:00Z,5959958952337
2023-02-22T11:00:00Z,5967522794127
2023-02-22T10:00:00Z,5966816038997
2023-02-22T09:00:00Z,5963532979806
2023-02-22T08:00:00Z,6027246787410
2023-02-22T07:00:00Z,6027842347998
2023-02-22T06:00:00Z,6058952751730
2023-02-22T05:00:00Z,6058952751730
2023-02-22T04:00:00Z,6058961335549
2023-02-22T03:00:00Z,6058080423915
2023-02-22T02:00:00Z,6061590858931
2023-02-22T01:00:00Z,6060296859728
2023-02-22T00:00:00Z,6060655707367
2023-02-21T23:00:00Z,6053882291654
2023-02-21T22:00:00Z,6053283992811
2023-02-21T21:00:00Z,6052697843187
2023-02-21T20:00:00Z,6051243149680
2023-02-21T19:00:00Z,6046167497911
2023-02-21T18:00:00Z,6045987501793
2023-02-21T17:00:00Z,6052401943831
2023-02-21T16:00:00Z,6050121424922
2023-02-21T15:00:00Z,6051231229259
2023-02-21T14:00:00Z,6051024765061
2023-02-21T13:00:00Z,6041599145463
2023-02-21T12:00:00Z,6041282002798
2023-02-21T11:00:00Z,6040937130810
2023-02-21T10:00:00Z,6039813133653
2023-02-21T09:00:00Z,6042312355561
2023-02-21T08:00:00Z,6048626343807
2023-02-21T07:00:00Z,6048332049635
2023-02-21T06:00:00Z,6048881214640
2023-02-21T05:00:00Z,6050539154261
2023-02-21T04:00:00Z,6049268015741
2023-02-21T03:00:00Z,6049206434748
2023-02-21T02:00:00Z,6047525900271
2023-02-21T01:00:00Z,6045095374320
2023-02-21T00:00:00Z,6044564339710
2023-02-20T23:00:00Z,6042730948225
2023-02-20T22:00:00Z,6039844638263
2023-02-20T21:00:00Z,6034635985477
2023-02-20T20:00:00Z,6035868864797
2023-02-20T19:00:00Z,6032780788669
2023-02-20T18:00:00Z,6030975825015
2023-02-20T17:00:00Z,6027628319682
2023-02-20T16:00:00Z,6037336130573
2023-02-20T15:00:00Z,6039497111497
2023-02-20T14:00:00Z,6040203837154
2023-02-20T13:00:00Z,6042527396562
2023-02-20T12:00:00Z,6042446304920
2023-02-20T11:00:00Z,6041464669004
2023-02-20T10:00:00Z,6036947463874
2023-02-20T09:00:00Z,6035456147216
2023-02-20T08:00:00Z,6035426147216
2023-02-20T07:00:00Z,6036861443762
2023-02-20T06:00:00Z,6036371846666
2023-02-20T05:00:00Z,6035030502441
2023-02-20T04:00:00Z,6033050732899
2023-02-20T03:00:00Z,6030760063705
2023-02-20T02:00:00Z,6029718371887
2023-02-20T01:00:00Z,6028532071991
2023-02-20T00:00:00Z,6026326588890
2023-02-19T23:00:00Z,6025302902298
2023-02-19T22:00:00Z,6026638126679
2023-02-19T21:00:00Z,6025626558813
2023-02-19T20:00:00Z,6020021515148
2023-02-19T19:00:00Z,6010328805902
2023-02-19T18:00:00Z,6010422363604
2023-02-19T17:00:00Z,6010774805524
2023-02-19T16:00:00Z,6008951864781
2023-02-19T15:00:00Z,6003527540632
2023-02-19T14:00:00Z,6000420969284
2023-02-19T13:00:00Z,5998483161102
2023-02-19T12:00:00Z,5985577257330
2023-02-19T11:00:00Z,5984851672776
2023-02-19T10:00:00Z,5985169664259
2023-02-19T09:00:00Z,5849099046676
2023-02-19T08:00:00Z,5848879347659
2023-02-19T07:00:00Z,5838487596326
2023-02-19T06:00:00Z,5838407698399
2023-02-19T05:00:00Z,5838120701357
2023-02-19T04:00:00Z,5828347995930
2023-02-19T03:00:00Z,5830534525403
2023-02-19T02:00:00Z,5828527736464
2023-02-19T01:00:00Z,5829583371579
2023-02-19T00:00:00Z,5833641219779
2023-02-18T23:00:00Z,5833208233227
2023-02-18T22:00:00Z,5833953202716
2023-02-18T21:00:00Z,5824126495334
2023-02-18T20:00:00Z,5824790975241
2023-02-18T19:00:00Z,5823793653186
2023-02-18T18:00:00Z,5822720204358
2023-02-18T17:00:00Z,5972046074078
2023-02-18T16:00:00Z,5975991895715
2023-02-18T15:00:00Z,5977506784976
2023-02-18T14:00:00Z,5974177992218
2023-02-18T13:00:00Z,5973590918391
2023-02-18T12:00:00Z,5972951984958
2023-02-18T11:00:00Z,5973699339059
2023-02-18T10:00:00Z,5974495402619
2023-02-18T09:00:00Z,5990023060132
2023-02-18T08:00:00Z,5996737353395
2023-02-18T07:00:00Z,5995094157050
2023-02-18T06:00:00Z,5994679527285
2023-02-18T05:00:00Z,5991447296692
2023-02-18T04:00:00Z,5985976062517
2023-02-18T03:00:00Z,5984990997395
2023-02-18T02:00:00Z,5985340411132
2023-02-18T01:00:00Z,5986350659824
2023-02-18T00:00:00Z,5985480759449
2023-02-17T23:00:00Z,5984177132697
2023-02-17T22:00:00Z,5986301934820
2023-02-17T21:00:00Z,5984982496483
2023-02-17T20:00:00Z,5982738658745
2023-02-17T19:00:00Z,5981245658019
2023-02-17T18:00:00Z,5979790757891
2023-02-17T17:00:00Z,5978358839768
2023-02-17T16:00:00Z,5979204454108
2023-02-17T15:00:00Z,5982480486444
2023-02-17T14:00:00Z,5982411114508
2023-02-17T13:00:00Z,5975342836207
2023-02-17T12:00:00Z,5972819119447
2023-02-17T11:00:00Z,5778893715670
2023-02-17T10:00:00Z,5774227160716
2023-02-17T09:00:00Z,5924645687686
2023-02-17T08:00:00Z,5929946972690
2023-02-17T07:00:00Z,5905794281886
2023-02-17T06:00:00Z,5906336827010
2023-02-17T05:00:00Z,5771146027192
2023-02-17T04:00:00Z,5772363372413
2023-02-17T03:00:00Z,5771660798073
2023-02-17T02:00:00Z,5765049820239
2023-02-17T01:00:00Z,5762068612031
2023-02-17T00:00:00Z,5759954927026
2023-02-16T23:00:00Z,5757436540671
2023-02-16T22:00:00Z,5762221394789
2023-02-16T21:00:00Z,5746061804917
2023-02-16T20:00:00Z,5746368169902
2023-02-16T19:00:00Z,5749049017233
2023-02-16T18:00:00Z,5533651546145
2023-02-16T17:00:00Z,5532709199531
2023-02-16T16:00:00Z,5535174071055
2023-02-16T15:00:00Z,5513860508438
2023-02-16T14:00:00Z,5251266148588
2023-02-16T13:00:00Z,5204096115282
2023-02-16T12:00:00Z,6349025906788
2023-02-16T11:00:00Z,6264301336560
2023-02-16T10:00:00Z,6260486998766
2023-02-16T09:00:00Z,6283753163524
2023-02-16T08:00:00Z,6283753163524
2023-02-16T07:00:00Z,6282039873395
2023-02-16T06:00:00Z,6281760141414
2023-02-16T05:00:00Z,6279457404747
2023-02-16T04:00:00Z,6287001005361
2023-02-16T03:00:00Z,6282701739167
2023-02-16T02:00:00Z,6287748458831
2023-02-16T01:00:00Z,6291098941460
2023-02-16T00:00:00Z,6287357595324
2023-02-15T23:00:00Z,6287545535786
2023-02-15T22:00:00Z,6286942612322
2023-02-15T21:00:00Z,6285335450044
2023-02-15T20:00:00Z,6229588879026
2023-02-15T19:00:00Z,6228851430374
2023-02-15T18:00:00Z,6232505608287
2023-02-15T17:00:00Z,5936102724572
2023-02-15T16:00:00Z,5958015160697
2023-02-15T15:00:00Z,5968413018077
2023-02-15T14:00:00Z,5975762157800
2023-02-15T13:00:00Z,5974554133160
2023-02-15T12:00:00Z,5968314053724
2023-02-15T11:00:00Z,5957629499537
2023-02-15T10:00:00Z,5957762758698
2023-02-15T09:00:00Z,5961981547706
2023-02-15T08:00:00Z,5963444451000
2023-02-15T07:00:00Z,5961760421141
2023-02-15T06:00:00Z,5964538321780
2023-02-15T05:00:00Z,5964538321780
2023-02-15T04:00:00Z,5964992472815
2023-02-15T03:00:00Z,5965454753308
2023-02-15T02:00:00Z,5965129630002
2023-02-15T01:00:00Z,5964044275120
2023-02-15T00:00:00Z,6003308339675
2023-02-14T23:00:00Z,6004178250703
2023-02-14T22:00:00Z,6002995878413
2023-02-14T21:00:00Z,6006164418077
2023-02-14T20:00:00Z,6015091199860
2023-02-14T19:00:00Z,6025666259897
2023-02-14T18:00:00Z,6049981100207
2023-02-14T17:00:00Z,6067280691951
2023-02-14T16:00:00Z,6067478815969
2023-02-14T15:00:00Z,6066817712212
2023-02-14T14:00:00Z,6065736436433
2023-02-14T13:00:00Z,6044723349867
2023-02-14T12:00:00Z,6043436565953
2023-02-14T11:00:00Z,6041107220817
2023-02-14T10:00:00Z,6042544612084
2023-02-14T09:00:00Z,6041984437357
2023-02-14T08:00:00Z,6039601683000
2023-02-14T07:00:00Z,6040966276707
2023-02-14T06:00:00Z,6040901248594
2023-02-14T05:00:00Z,6041662383260
2023-02-14T04:00:00Z,6043428501251
2023-02-14T03:00:00Z,6029732353703
2023-02-14T02:00:00Z,6028861302071
2023-02-14T01:00:00Z,6031710548795
2023-02-14T00:00:00Z,6032071030429
2023-02-13T23:00:00Z,6036229120184
2023-02-13T22:00:00Z,6036837163600
2023-02-13T21:00:00Z,6035966628601
2023-02-13T20:00:00Z,6034357467556
2023-02-13T19:00:00Z,6035578317413
2023-02-13T18:00:00Z,6033065846846
2023-02-13T17:00:00Z,6030643736726
2023-02-13T16:00:00Z,6031552169303
2023-02-13T15:00:00Z,6028799443922
2023-02-13T14:00:00Z,6059284851720
2023-02-13T13:00:00Z,6059464632153
2023-02-13T12:00:00Z,6059460785692
2023-02-13T11:00:00Z,6047596517317
2023-02-13T10:00:00Z,6064196192057
2023-02-13T09:00:00Z,6083456513427
2023-02-13T08:00:00Z,6085467002702
2023-02-13T07:00:00Z,6083183476599
2023-02-13T06:00:00Z,6084108549930
2023-02-13T05:00:00Z,6086833788498
2023-02-13T04:00:00Z,6087160278529
2023-02-13T03:00:00Z,6087602160944
2023-02-13T02:00:00Z,6086976286481
2023-02-13T01:00:00Z,6089212586416
2023-02-13T00:00:00Z,6089522304487
2023-02-12T23:00:00Z,6115174980198
2023-02-12T22:00:00Z,6116964728626
2023-02-12T21:00:00Z,6118105432992
2023-02-12T20:00:00Z,6137435606573
2023-02-12T19:00:00Z,6137995113306
2023-02-12T18:00:00Z,6137661193465
2023-02-12T17:00:00Z,6139443810197
2023-02-12T16:00:00Z,6140239879925
2023-02-12T15:00:00Z,6139689202880
2023-02-12T14:00:00Z,6145814101517
2023-02-12T13:00:00Z,6148795101331
2023-02-12T12:00:00Z,6149404068152
2023-02-12T11:00:00Z,6148604415701
2023-02-12T10:00:00Z,6148988129568
2023-02-12T09:00:00Z,6111168109516
2023-02-12T08:00:00Z,6119540694307
2023-02-12T07:00:00Z,6129587252995
2023-02-12T06:00:00Z,6129549463005
2023-02-12T05:00:00Z,6127022554352
2023-02-12T04:00:00Z,6136382462253
2023-02-12T03:00:00Z,6136471614801
2023-02-12T02:00:00Z,6133881667629
2023-02-12T01:00:00Z,6132950200318
2023-02-12T00:00:00Z,6132373164424
2023-02-11T23:00:00Z,6133308473423
2023-02-11T22:00:00Z,6133989012740
2023-02-11T21:00:00Z,6135450384830
2023-02-11T20:00:00Z,6136959561720
2023-02-11T19:00:00Z,6133465847257
2023-02-11T18:00:00Z,6136383647341
2023-02-11T17:00:00Z,6137910946361
2023-02-11T16:00:00Z,6140222375430
2023-02-11T15:00:00Z,6142428995120
2023-02-11T14:00:00Z,6142388670800
2023-02-11T13:00:00Z,6144230554763
2023-02-11T12:00:00Z,6142890294296
2023-02-11T11:00:00Z,6141253895269
2023-02-11T10:00:00Z,6137712875830
2023-02-11T09:00:00Z,6137382735156
2023-02-11T08:00:00Z,6137524446928
2023-02-11T07:00:00Z,6136677412956
2023-02-11T06:00:00Z,6137065499816
2023-02-11T05:00:00Z,6135626863891
2023-02-11T04:00:00Z,6137994023491
2023-02-11T03:00:00Z,6145162782585
2023-02-11T02:00:00Z,6156543394495
2023-02-11T01:00:00Z,6155166762063
2023-02-11T00:00:00Z,6155638261953
2023-02-10T23:00:00Z,6156380343777
2023-02-10T22:00:00Z,6159852035900
2023-02-10T21:00:00Z,6166979702302
2023-02-10T20:00:00Z,6177590804648
2023-02-10T19:00:00Z,6174581684393
2023-02-10T18:00:00Z,6170719283636
2023-02-10T17:00:00Z,6170154142288
2023-02-10T16:00:00Z,6138979760467
2023-02-10T15:00:00Z,6139835870452
2023-02-10T14:00:00Z,5995454196641
2023-02-10T13:00:00Z,5996910289922
2023-02-10T12:00:00Z,5992290708374
2023-02-10T11:00:00Z,5989550557628
2023-02-10T10:00:00Z,5987861351925
2023-02-10T09:00:00Z,5987083509944
2023-02-10T08:00:00Z,5985685882734
2023-02-10T07:00:00Z,5991283688890
2023-02-10T06:00:00Z,5997945766781
2023-02-10T05:00:00Z,5995728641473
2023-02-10T04:00:00Z,5993542677874
2023-02-10T03:00:00Z,5999528009813
2023-02-10T02:00:00Z,5148303733376
2023-02-10T01:00:00Z,5405760809898
2023-02-10T00:00:00Z,7156892985201
2023-02-09T23:00:00Z,7157158480647
2023-02-09T22:00:00Z,7150780647035
2023-02-09T21:00:00Z,7149588194893
2023-02-09T20:00:00Z,7148327746525
2023-02-09T19:00:00Z,7154748916865
2023-02-09T18:00:00Z,7157858840951
2023-02-09T17:00:00Z,7153921728748
2023-02-09T16:00:00Z,7090733262217
2023-02-09T15:00:00Z,7090173776558
2023-02-09T14:00:00Z,7067909708599
2023-02-09T13:00:00Z,7060496117015
2023-02-09T12:00:00Z,7058912102845
2023-02-09T11:00:00Z,7057563743589
2023-02-09T10:00:00Z,7055263530991
2023-02-09T09:00:00Z,7056091181762
2023-02-09T08:00:00Z,7055809196916
2023-02-09T07:00:00Z,7055698236033
2023-02-09T06:00:00Z,7056001066707
2023-02-09T05:00:00Z,7053867264069
2023-02-09T04:00:00Z,7045727372007
2023-02-09T03:00:00Z,7040962597591
2023-02-09T02:00:00Z,7039373609071
2023-02-09T01:00:00Z,7038920773608
2023-02-09T00:00:00Z,7043137282235
2023-02-08T23:00:00Z,7044299608584
2023-02-08T22:00:00Z,7044219838848
2023-02-08T21:00:00Z,7046211371794
2023-02-08T20:00:00Z,7025796303939
2023-02-08T19:00:00Z,7037499998864
2023-02-08T18:00:00Z,7035740298429
2023-02-08T17:00:00Z,6951553099729
2023-02-08T16:00:00Z,6442270017791
2023-02-08T15:00:00Z,6443747879893
2023-02-08T14:00:00Z,6446903921954
2023-02-08T13:00:00Z,6453353523205
2023-02-08T12:00:00Z,6456903173803
2023-02-08T11:00:00Z,6458090414964
2023-02-08T10:00:00Z,6456903327100
2023-02-08T09:00:00Z,6394128695112
2023-02-08T08:00:00Z,6392989235575
2023-02-08T07:00:00Z,6397035444052
2023-02-08T06:00:00Z,6359962397211
2023-02-08T05:00:00Z,6359962397211
2023-02-08T04:00:00Z,6358174772046
2023-02-08T03:00:00Z,6351638563017
2023-02-08T02:00:00Z,6349040400066
2023-02-08T01:00:00Z,6364605702075
2023-02-08T00:00:00Z,6363905972303
2023-02-07T23:00:00Z,6362732358410
2023-02-07T22:00:00Z,6353470462019
2023-02-07T21:00:00Z,6351881847625
2023-02-07T20:00:00Z,6352470668811
2023-02-07T19:00:00Z,6362504283785
2023-02-07T18:00:00Z,6363106360338
2023-02-07T17:00:00Z,6344643827205
2023-02-07T16:00:00Z,6344313007833
2023-02-07T15:00:00Z,6342310415639
2023-02-07T14:00:00Z,6343012292678
2023-02-07T13:00:00Z,6345042593765
2023-02-07T12:00:00Z,6342217366603
2023-02-07T11:00:00Z,6342252509070
2023-02-07T10:00:00Z,6353405822774
2023-02-07T09:00:00Z,6352958007864
2023-02-07T08:00:00Z,6348940783289
2023-02-07T07:00:00Z,6348350905365
2023-02-07T06:00:00Z,6348298134613
2023-02-07T05:00:00Z,6230337025685
2023-02-07T04:00:00Z,6233144103920
2023-02-07T03:00:00Z,6233802453130
2023-02-07T02:00:00Z,6228836551809
2023-02-07T01:00:00Z,6228289664022
2023-02-07T00:00:00Z,6229749720479
2023-02-06T23:00:00Z,6230535368813
2023-02-06T22:00:00Z,6233118795217
2023-02-06T21:00:00Z,6232452740241
2023-02-06T20:00:00Z,6246521117649
2023-02-06T19:00:00Z,6246686728298
2023-02-06T18:00:00Z,6228508265273
2023-02-06T17:00:00Z,6226996600433
2023-02-06T16:00:00Z,6230892098017
2023-02-06T15:00:00Z,6234087622382
2023-02-06T14:00:00Z,6239828663729
2023-02-06T13:00:00Z,6174400307300
2023-02-06T12:00:00Z,6176333774595
2023-02-06T11:00:00Z,6177058895164
2023-02-06T10:00:00Z,6175184937500
2023-02-06T09:00:00Z,6179017842808
2023-02-06T08:00:00Z,6177749112396
2023-02-06T07:00:00Z,6178211868480
2023-02-06T06:00:00Z,6178925290842
2023-02-06T05:00:00Z,6179019643055
2023-02-06T04:00:00Z,6176786090439
2023-02-06T03:00:00Z,6180385490784
2023-02-06T02:00:00Z,6177900238833
2023-02-06T01:00:00Z,6178232073564
2023-02-06T00:00:00Z,6178111303648
2023-02-05T23:00:00Z,6184334666514
2023-02-05T22:00:00Z,6185908661326
2023-02-05T21:00:00Z,6187181817510
2023-02-05T20:00:00Z,6187082477835
2023-02-05T19:00:00Z,6210804852184
2023-02-05T18:00:00Z,6211232136272
2023-02-05T17:00:00Z,6211054845247
2023-02-05T16:00:00Z,6212126937155
2023-02-05T15:00:00Z,6215023685196
2023-02-05T14:00:00Z,6216276114514
2023-02-05T13:00:00Z,6212134811748
2023-02-05T12:00:00Z,6213014838598
2023-02-05T11:00:00Z,6237010689253
2023-02-05T10:00:00Z,6230398850175
2023-02-05T09:00:00Z,6231081234734
2023-02-05T08:00:00Z,6229250700383
2023-02-05T07:00:00Z,6226520304009
2023-02-05T06:00:00Z,6226375555186
2023-02-05T05:00:00Z,6226335203873
2023-02-05T04:00:00Z,6221643989337
2023-02-05T03:00:00Z,6224415155459
2023-02-05T02:00:00Z,6217487717820
2023-02-05T01:00:00Z,6217519166842
2023-02-05T00:00:00Z,6218960218400
2023-02-04T23:00:00Z,6220259447779
2023-02-04T22:00:00Z,6209858740657
2023-02-04T21:00:00Z,6209520238352
2023-02-04T20:00:00Z,6215445924285
2023-02-04T19:00:00Z,6225078491334
2023-02-04T18:00:00Z,6226422363408
2023-02-04T17:00:00Z,6220276069858
2023-02-04T16:00:00Z,6221510698411
2023-02-04T15:00:00Z,6225330112393
2023-02-04T14:00:00Z,6233038253285
2023-02-04T13:00:00Z,6227435700909
2023-02-04T12:00:00Z,6210726734269
2023-02-04T11:00:00Z,6207860590731
2023-02-04T10:00:00Z,6204994447193
2023-02-04T09:00:00Z,6202128303655
2023-02-04T08:00:00Z,6199262160117
2023-02-04T07:00:00Z,6196396016579
2023-02-04T06:00:00Z,6193529873041
2023-02-04T05:00:00Z,6190663729502
2023-02-04T04:00:00Z,6187797585964
2023-02-04T03:00:00Z,6184931442426
2023-02-04T02:00:00Z,6182065298888
2023-02-04T01:00:00Z,6179199155350
2023-02-04T00:00:00Z,6176333011812
2023-02-03T23:00:00Z,6173466868274
2023-02-03T22:00:00Z,6170600724736
2023-02-03T21:00:00Z,6167734581198
2023-02-03T20:00:00Z,6164868437660
2023-02-03T19:00:00Z,6162002294122
2023-02-03T18:00:00Z,6159136150584
2023-02-03T17:00:00Z,6156270007045
2023-02-03T16:00:00Z,6153403863507
2023-02-03T15:00:00Z,6150537719969
2023-02-03T14:00:00Z,6147671576431
2023-02-03T13:00:00Z,6144805432893
2023-02-03T12:00:00Z,6141939289355
2023-02-03T11:00:00Z,6129442362939
2023-02-03T10:00:00Z,6131100942203
2023-02-03T09:00:00Z,6135540080224
2023-02-03T08:00:00Z,6177809992760
2023-02-03T07:00:00Z,6175035596068
2023-02-03T06:00:00Z,6174022990150
2023-02-03T05:00:00Z,6175195948629
2023-02-03T04:00:00Z,6180395697047
2023-02-03T03:00:00Z,6180247006727
2023-02-03T02:00:00Z,6038877178482
2023-02-03T01:00:00Z,6045643842170
2023-02-03T00:00:00Z,6046835687670
2023-02-02T23:00:00Z,6047554092292
2023-02-02T22:00:00Z,6054427840721
2023-02-02T21:00:00Z,6054147386998
2023-02-02T20:00:00Z,6068328883951
2023-02-02T19:00:00Z,6085090539108
2023-02-02T18:00:00Z,6092489630543
2023-02-02T17:00:00Z,6094100279485
2023-02-02T16:00:00Z,6099650797752
2023-02-02T15:00:00Z,6095150604582
2023-02-02T14:00:00Z,6095991482872
2023-02-02T13:00:00Z,6094483838435
2023-02-02T12:00:00Z,6280286272003
2023-02-02T11:00:00Z,6277339286439
2023-02-02T10:00:00Z,6277745183827
2023-02-02T09:00:00Z,6277416009382
2023-02-02T08:00:00Z,6282264913348
2023-02-02T07:00:00Z,6297397286405
2023-02-02T06:00:00Z,6294019659876
2023-02-02T05:00:00Z,6290834485698
2023-02-02T04:00:00Z,6289600674603
2023-02-02T03:00:00Z,6289564094586
2023-02-02T02:00:00Z,6282240491726
2023-02-02T01:00:00Z,6280788674254
2023-02-02T00:00:00Z,6256937512544
2023-02-01T23:00:00Z,6238554084836
2023-02-01T22:00:00Z,6256118556263
2023-02-01T21:00:00Z,6248861431124
2023-02-01T20:00:00Z,6244415185249
2023-02-01T19:00:00Z,6243004537741
2023-02-01T18:00:00Z,6242117842186
2023-02-01T17:00:00Z,6242122287306
2023-02-01T16:00:00Z,6239644696998
2023-02-01T15:00:00Z,6236896824783
2023-02-01T14:00:00Z,6251647791792
2023-02-01T13:00:00Z,6255273860210
2023-02-01T12:00:00Z,6257207029936
2023-02-01T11:00:00Z,6252867813565
2023-02-01T10:00:00Z,6256072157306
2023-02-01T09:00:00Z,6255582997833
2023-02-01T08:00:00Z,6192633394330
2023-02-01T07:00:00Z,6192633394330
2023-02-01T06:00:00Z,6148635376624
2023-02-01T05:00:00Z,6148635376624
2023-02-01T04:00:00Z,6148632470040
2023-02-01T03:00:00Z,6163116412561
2023-02-01T02:00:00Z,6160674134192
2023-02-01T01:00:00Z,6159968316954
2023-02-01T00:00:00Z,6160451741410
2023-01-31T23:00:00Z,6160477353087
2023-01-31T22:00:00Z,6160826096460
2023-01-31T21:00:00Z,6160847258085
2023-01-31T20:00:00Z,6162000298887
2023-01-31T19:00:00Z,6164093735283
2023-01-31T18:00:00Z,6165088117706
2023-01-31T17:00:00Z,6160266086948
2023-01-31T16:00:00Z,6159519033817
2023-01-31T15:00:00Z,6161000035168
2023-01-31T14:00:00Z,6160316553471
2023-01-31T13:00:00Z,6160638881162
2023-01-31T12:00:00Z,6124467219723
2023-01-31T11:00:00Z,6123194778723
2023-01-31T10:00:00Z,6129604753263
2023-01-31T09:00:00Z,6127900597086
2023-01-31T08:00:00Z,6119397157742
2023-01-31T07:00:00Z,6118779561735
2023-01-31T06:00:00Z,6119721051022
2023-01-31T05:00:00Z,6117375255397
2023-01-31T04:00:00Z,6117805128170
2023-01-31T03:00:00Z,6116847641295
2023-01-31T02:00:00Z,6115162925336
2023-01-31T01:00:00Z,6126718234637
2023-01-31T00:00:00Z,6127221012404
2023-01-30T23:00:00Z,6128744251838
2023-01-30T22:00:00Z,6131165806974
2023-01-30T21:00:00Z,6129825760854
2023-01-30T20:00:00Z,6135281360146
2023-01-30T19:00:00Z,6163697671987
2023-01-30T18:00:00Z,6183493861944
2023-01-30T17:00:00Z,6187562860712
2023-01-30T16:00:00Z,6181446628919
2023-01-30T15:00:00Z,6180169479035
2023-01-30T14:00:00Z,6177813943039
2023-01-30T13:00:00Z,6175606805562
2023-01-30T12:00:00Z,6177390182239
2023-01-30T11:00:00Z,6178951541323
2023-01-30T10:00:00Z,6188305175162
2023-01-30T09:00:00Z,6191418499423
2023-01-30T08:00:00Z,6192132936443
2023-01-30T07:00:00Z,6192087503261
2023-01-30T06:00:00Z,6192497070098
2023-01-30T05:00:00Z,6191827908195
2023-01-30T04:00:00Z,6199131206841
2023-01-30T03:00:00Z,6200629739497
2023-01-30T02:00:00Z,6213030565917
2023-01-30T01:00:00Z,6210487804839
2023-01-30T00:00:00Z,6210582880537
2023-01-29T23:00:00Z,6209128364312
2023-01-29T22:00:00Z,6208221983333
2023-01-29T21:00:00Z,6208310588783
2023-01-29T20:00:00Z,6204813728458
2023-01-29T19:00:00Z,6204225898798
2023-01-29T18:00:00Z,6212396568637
2023-01-29T17:00:00Z,6215870290364
2023-01-29T16:00:00Z,6215507138610
2023-01-29T15:00:00Z,6216812117835
2023-01-29T14:00:00Z,6216548670658
2023-01-29T13:00:00Z,6219968881732
2023-01-29T12:00:00Z,6218984519116
2023-01-29T11:00:00Z,6217152608214
2023-01-29T10:00:00Z,6217865617540
2023-01-29T09:00:00Z,6217446522397
2023-01-29T08:00:00Z,6217634432438
2023-01-29T07:00:00Z,6217472072869
2023-01-29T06:00:00Z,6212250760716
2023-01-29T05:00:00Z,6214246522325
2023-01-29T04:00:00Z,6220068954749
2023-01-29T03:00:00Z,6218958430513
2023-01-29T02:00:00Z,6223548165812
2023-01-29T01:00:00Z,6221757020512
2023-01-29T00:00:00Z,6213074990951
2023-01-28T23:00:00Z,6214494933461
2023-01-28T22:00:00Z,6214432818558
2023-01-28T21:00:00Z,6212675894332
2023-01-28T20:00:00Z,6211222685515
2023-01-28T19:00:00Z,6209141683614
2023-01-28T18:00:00Z,6209031338832
2023-01-28T17:00:00Z,6059032516674
2023-01-28T16:00:00Z,6054117190316
2023-01-28T15:00:00Z,6052296387464
2023-01-28T14:00:00Z,6052009109772
2023-01-28T13:00:00Z,6050022478536
2023-01-28T12:00:00Z,6050124501173
2023-01-28T11:00:00Z,6048787934111
2023-01-28T10:00:00Z,6047340751988
2023-01-28T09:00:00Z,6018651464356
2023-01-28T08:00:00Z,6008235077590
2023-01-28T07:00:00Z,6008246046021
2023-01-28T06:00:00Z,6010294584253
2023-01-28T05:00:00Z,6008371844333
2023-01-28T04:00:00Z,6006772034674
2023-01-28T03:00:00Z,6011630281441
2023-01-28T02:00:00Z,6013383905947
2023-01-28T01:00:00Z,6012038280939
2023-01-28T00:00:00Z,6010157009043
2023-01-27T23:00:00Z,6009055915869
2023-01-27T22:00:00Z,6305799535584
2023-01-27T21:00:00Z,6306214484636
2023-01-27T20:00:00Z,6303294673535
2023-01-27T19:00:00Z,6306701292879
2023-01-27T18:00:00Z,6307768755413
2023-01-27T17:00:00Z,6271221377585
2023-01-27T16:00:00Z,6271743324316
2023-01-27T15:00:00Z,6271983342720
2023-01-27T14:00:00Z,6271404515733
2023-01-27T13:00:00Z,6271478293103
2023-01-27T12:00:00Z,6272063031858
2023-01-27T11:00:00Z,6271964660995
2023-01-27T10:00:00Z,6269469497680
2023-01-27T09:00:00Z,6269482220652
2023-01-27T08:00:00Z,6231835499384
2023-01-27T07:00:00Z,6194188778117
2023-01-27T06:00:00Z,6156542056849
2023-01-27T05:00:00Z,6118895335582
2023-01-27T04:00:00Z,6081248614314
2023-01-27T03:00:00Z,6043601893046
2023-01-27T02:00:00Z,6005955171779
2023-01-27T01:00:00Z,5968308450511
2023-01-27T00:00:00Z,5930661729243
2023-01-26T23:00:00Z,5893015007976
2023-01-26T22:00:00Z,5855368286708
2023-01-26T21:00:00Z,5817721565441
2023-01-26T20:00:00Z,5780074844173
2023-01-26T19:00:00Z,5742428122905
2023-01-26T18:00:00Z,5704781401638
2023-01-26T17:00:00Z,5667134680370
2023-01-26T16:00:00Z,5629487959102
2023-01-26T15:00:00Z,5591841237835
2023-01-26T14:00:00Z,5554194516567
2023-01-26T13:00:00Z,5516547795300
2023-01-26T12:00:00Z,5478901074032
2023-01-26T11:00:00Z,5441254352764
2023-01-26T10:00:00Z,5403607631497
2023-01-26T09:00:00Z,5365960910229
2023-01-26T08:00:00Z,5328314188961
2023-01-26T07:00:00Z,5290667467694
2023-01-26T06:00:00Z,5253020746426
2023-01-26T05:00:00Z,5215374025159
2023-01-26T04:00:00Z,5177727303891
2023-01-26T03:00:00Z,5140080582623
2023-01-26T02:00:00Z,5102433861356
2023-01-26T01:00:00Z,5064787140088
2023-01-26T00:00:00Z,5065363829694
2023-01-25T23:00:00Z,5066510334501
2023-01-25T22:00:00Z,5065384262806
2023-01-25T21:00:00Z,5070165260722
2023-01-25T20:00:00Z,5072818817895
2023-01-25T19:00:00Z,5072548988466
2023-01-25T18:00:00Z,5070269426080
2023-01-25T17:00:00Z,5099524811849
2023-01-25T16:00:00Z,5100153634277
2023-01-25T15:00:00Z,5087375549788
2023-01-25T14:00:00Z,5077447777284
2023-01-25T13:00:00Z,5077841110561
2023-01-25T12:00:00Z,5077877349448
2023-01-25T11:00:00Z,5075338106430
2023-01-25T10:00:00Z,5077290529722
2023-01-25T09:00:00Z,5071932897887
2023-01-25T08:00:00Z,5071017167031
2023-01-25T07:00:00Z,5070886626307
2023-01-25T06:00:00Z,5068660784157
2023-01-25T05:00:00Z,5068660784157
2023-01-25T04:00:00Z,5071078641220
2023-01-25T03:00:00Z,5072210036454
2023-01-25T02:00:00Z,5072343249488
2023-01-25T01:00:00Z,5072535255789
2023-01-25T00:00:00Z,5031958265590
2023-01-24T23:00:00Z,5030836411594
2023-01-24T22:00:00Z,5031431158788
2023-01-24T21:00:00Z,5030193255056
2023-01-24T20:00:00Z,5020699913077
2023-01-24T19:00:00Z,5016082909906
2023-01-24T18:00:00Z,4992896141772
2023-01-24T17:00:00Z,4976421744739
2023-01-24T16:00:00Z,4976033135453
2023-01-24T15:00:00Z,4975188438914
2023-01-24T14:00:00Z,4975205363976
2023-01-24T13:00:00Z,4975044172653
2023-01-24T12:00:00Z,4974485401278
2023-01-24T11:00:00Z,4974522324793
2023-01-24T10:00:00Z,4974696799856
2023-01-24T09:00:00Z,4992742498315
2023-01-24T08:00:00Z,4994840650103
2023-01-24T07:00:00Z,4993713823456
2023-01-24T06:00:00Z,4994363666877
2023-01-24T05:00:00Z,5144064831022
2023-01-24T04:00:00Z,5139192100992
2023-01-24T03:00:00Z,5203616493341
2023-01-24T02:00:00Z,5203490274849
2023-01-24T01:00:00Z,5198399429715
2023-01-24T00:00:00Z,5198920792848
2023-01-23T23:00:00Z,5195155851291
2023-01-23T22:00:00Z,5197641748360
2023-01-23T21:00:00Z,5198512549138
2023-01-23T20:00:00Z,5200827807790
2023-01-23T19:00:00Z,5200369690098
2023-01-23T18:00:00Z,5201197512829
2023-01-23T17:00:00Z,5200701583258
2023-01-23T16:00:00Z,5205349488723
2023-01-23T15:00:00Z,5202825293157
2023-01-23T14:00:00Z,5170805193697
2023-01-23T13:00:00Z,5173270630768
2023-01-23T12:00:00Z,5173019159951
2023-01-23T11:00:00Z,5170519488898
2023-01-23T10:00:00Z,5194181794215
2023-01-23T09:00:00Z,5181706006578
2023-01-23T08:00:00Z,5181652407745
2023-01-23T07:00:00Z,5182108477747
2023-01-23T06:00:00Z,5184452369762
2023-01-23T05:00:00Z,5185238354929
2023-01-23T04:00:00Z,5184439382294
2023-01-23T03:00:00Z,5180508911757
2023-01-23T02:00:00Z,5181758169421
2023-01-23T01:00:00Z,5180356611798
2023-01-23T00:00:00Z,5179136843930
2023-01-22T23:00:00Z,5151546393295
2023-01-22T22:00:00Z,5148905881211
2023-01-22T21:00:00Z,5147463016302
2023-01-22T20:00:00Z,5183448843509
2023-01-22T19:00:00Z,5186222037973
2023-01-22T18:00:00Z,5184838072543
2023-01-22T17:00:00Z,5183086387709
2023-01-22T16:00:00Z,5181244340923
2023-01-22T15:00:00Z,5185690605395
2023-01-22T14:00:00Z,5178222138061
2023-01-22T13:00:00Z,5173509818699
2023-01-22T12:00:00Z,5172700542430
2023-01-22T11:00:00Z,5171980900578
2023-01-22T10:00:00Z,5174198569273
2023-01-22T09:00:00Z,5173993069272
2023-01-22T08:00:00Z,5163254502586
2023-01-22T07:00:00Z,5153613635809
2023-01-22T06:00:00Z,5153390110046
2023-01-22T05:00:00Z,5153145319555
2023-01-22T04:00:00Z,5144905219490
2023-01-22T03:00:00Z,5144316600810
2023-01-22T02:00:00Z,5144316190733
2023-01-22T01:00:00Z,5144410883622
2023-01-22T00:00:00Z,5142392370943
2023-01-21T23:00:00Z,5141601778047
2023-01-21T22:00:00Z,5141111736452
2023-01-21T21:00:00Z,5184562954417
2023-01-21T20:00:00Z,5183572179222
2023-01-21T19:00:00Z,5183177071913