timestamp,amounts,ibc/B05539B66B72E2739B986B86391E5D08F12B8D5D2C2A7F8F8CF9ADF674DFA231
2023-04-14T05:00:00Z,2618934
2023-04-14T04:00:00Z,2618992
2023-04-14T03:00:00Z,2619327
2023-04-14T02:00:00Z,2619355
2023-04-14T01:00:00Z,2619505
2023-04-14T00:00:00Z,2619519
2023-04-13T23:00:00Z,2620227
2023-04-13T22:00:00Z,2620264
2023-04-13T21:00:00Z,2620418
2023-04-13T20:00:00Z,2620463
2023-04-13T19:00:00Z,2620533
2023-04-13T18:00:00Z,2620613
2023-04-13T17:00:00Z,2620683
2023-04-13T16:00:00Z,2620862
2023-04-13T15:00:00Z,2621150
2023-04-13T14:00:00Z,2621237
2023-04-13T13:00:00Z,2621296
2023-04-13T12:00:00Z,2621317
2023-04-13T11:00:00Z,2621337
2023-04-13T10:00:00Z,2621704
2023-04-13T09:00:00Z,2621823
2023-04-13T08:00:00Z,2621857
2023-04-13T07:00:00Z,2621959
2023-04-13T06:00:00Z,2622043
2023-04-13T05:00:00Z,2622081
2023-04-13T04:00:00Z,2622100
2023-04-13T03:00:00Z,2622126
2023-04-13T02:00:00Z,2622159
2023-04-13T01:00:00Z,2622210
2023-04-13T00:00:00Z,2622291
2023-04-12T23:00:00Z,2622322
2023-04-12T22:00:00Z,2622334
2023-04-12T21:00:00Z,2622349
2023-04-12T20:00:00Z,2622362
2023-04-12T19:00:00Z,2623245
2023-04-12T18:00:00Z,2623380
2023-04-12T17:00:00Z,2623420
2023-04-12T16:00:00Z,2623448
2023-04-12T15:00:00Z,2623505
2023-04-12T14:00:00Z,2649238
2023-04-12T13:00:00Z,2649260
2023-04-12T12:00:00Z,2649302
2023-04-12T11:00:00Z,2649508
2023-04-12T10:00:00Z,2649562
2023-04-12T09:00:00Z,2649586
2023-04-12T08:00:00Z,2649729
2023-04-12T07:00:00Z,2653366
2023-04-12T06:00:00Z,2653860
2023-04-12T05:00:00Z,2654062
2023-04-12T04:00:00Z,2654100
2023-04-12T03:00:00Z,2654522
2023-04-12T02:00:00Z,2654941
2023-04-12T01:00:00Z,2654952
2023-04-12T00:00:00Z,2654979
2023-04-11T23:00:00Z,2655007
2023-04-11T22:00:00Z,2655139
2023-04-11T21:00:00Z,2655179
2023-04-11T20:00:00Z,2655214
2023-04-11T19:00:00Z,2655242
2023-04-11T18:00:00Z,2655321
2023-04-11T17:00:00Z,2655383
2023-04-11T16:00:00Z,2655928
2023-04-11T15:00:00Z,2656378
2023-04-11T14:00:00Z,2656431
2023-04-11T13:00:00Z,2656568
2023-04-11T12:00:00Z,2656585
2023-04-11T11:00:00Z,2656667
2023-04-11T10:00:00Z,2656745
2023-04-11T09:00:00Z,2656794
2023-04-11T08:00:00Z,2656875
2023-04-11T07:00:00Z,2656907
2023-04-11T06:00:00Z,2656940
2023-04-11T05:00:00Z,2657014
2023-04-11T04:00:00Z,2657338
2023-04-11T03:00:00Z,2657351
2023-04-11T02:00:00Z,2657391
2023-04-11T01:00:00Z,2657457
2023-04-11T00:00:00Z,2657494
2023-04-10T23:00:00Z,2657607
2023-04-10T22:00:00Z,2657638
2023-04-10T21:00:00Z,2657752
2023-04-10T20:00:00Z,2657792
2023-04-10T19:00:00Z,2657833
2023-04-10T18:00:00Z,2657885
2023-04-10T17:00:00Z,2657953
2023-04-10T16:00:00Z,2659291
2023-04-10T15:00:00Z,2659336
2023-04-10T14:00:00Z,2659410
2023-04-10T13:00:00Z,2659441
2023-04-10T12:00:00Z,2659479
2023-04-10T11:00:00Z,2659564
2023-04-10T10:00:00Z,2659594
2023-04-10T09:00:00Z,2659608
2023-04-10T08:00:00Z,2659643
2023-04-10T07:00:00Z,2659693
2023-04-10T06:00:00Z,2659697
2023-04-10T05:00:00Z,2659709
2023-04-10T04:00:00Z,2659722
2023-04-10T03:00:00Z,2659729
2023-04-10T02:00:00Z,2659768
2023-04-10T01:00:00Z,2659799
2023-04-10T00:00:00Z,2659847
2023-04-09T23:00:00Z,2659877
2023-04-09T22:00:00Z,2659889
2023-04-09T21:00:00Z,2659922
2023-04-09T20:00:00Z,2659940
2023-04-09T19:00:00Z,2662187
2023-04-09T18:00:00Z,2662215
2023-04-09T17:00:00Z,2662233
2023-04-09T16:00:00Z,2662342
2023-04-09T15:00:00Z,2662428
2023-04-09T14:00:00Z,2662441
2023-04-09T13:00:00Z,2662532
2023-04-09T12:00:00Z,2662552
2023-04-09T11:00:00Z,2662578
2023-04-09T10:00:00Z,2662625
2023-04-09T09:00:00Z,2662655
2023-04-09T08:00:00Z,2662677
2023-04-09T07:00:00Z,2662697
2023-04-09T06:00:00Z,2662708
2023-04-09T05:00:00Z,2662709
2023-04-09T04:00:00Z,2662711
2023-04-09T03:00:00Z,2662720
2023-04-09T02:00:00Z,2662743
2023-04-09T01:00:00Z,2662764
2023-04-09T00:00:00Z,2662828
2023-04-08T23:00:00Z,2662922
2023-04-08T22:00:00Z,2663078
2023-04-08T21:00:00Z,2663087
2023-04-08T20:00:00Z,2663110
2023-04-08T19:00:00Z,2663128
2023-04-08T18:00:00Z,2663143
2023-04-08T17:00:00Z,2663216
2023-04-08T16:00:00Z,2663298
2023-04-08T15:00:00Z,2663331
2023-04-08T14:00:00Z,2663365
2023-04-08T13:00:00Z,2663415
2023-04-08T12:00:00Z,2663489
2023-04-08T11:00:00Z,2663503
2023-04-08T10:00:00Z,2663597
2023-04-08T09:00:00Z,2663625
2023-04-08T08:00:00Z,2663757
2023-04-08T07:00:00Z,2663773
2023-04-08T06:00:00Z,2663782
2023-04-08T05:00:00Z,2663837
2023-04-08T04:00:00Z,2663890
2023-04-08T03:00:00Z,2663910
2023-04-08T02:00:00Z,2663960
2023-04-08T01:00:00Z,2664043
2023-04-08T00:00:00Z,2664043
2023-04-07T23:00:00Z,2664080
2023-04-07T22:00:00Z,2664096
2023-04-07T21:00:00Z,2664147
2023-04-07T20:00:00Z,2664334
2023-04-07T19:00:00Z,2664586
2023-04-07T18:00:00Z,2664595
2023-04-07T17:00:00Z,2664633
2023-04-07T16:00:00Z,2664698
2023-04-07T15:00:00Z,2664738
2023-04-07T14:00:00Z,2664860
2023-04-07T13:00:00Z,2664909
2023-04-07T12:00:00Z,2665002
2023-04-07T11:00:00Z,2665054
2023-04-07T10:00:00Z,2665099
2023-04-07T09:00:00Z,2665158
2023-04-07T08:00:00Z,2665207
2023-04-07T07:00:00Z,2665217
2023-04-07T06:00:00Z,2665265
2023-04-07T05:00:00Z,2665272
2023-04-07T04:00:00Z,2665281
2023-04-07T03:00:00Z,2665296
2023-04-07T02:00:00Z,2665378
2023-04-07T01:00:00Z,2665439
2023-04-07T00:00:00Z,2665446
2023-04-06T23:00:00Z,2665460
2023-04-06T22:00:00Z,2665471
2023-04-06T21:00:00Z,2665711
2023-04-06T20:00:00Z,2665728
2023-04-06T19:00:00Z,2665858
2023-04-06T18:00:00Z,2665867
2023-04-06T17:00:00Z,2665890
2023-04-06T16:00:00Z,2665910
2023-04-06T15:00:00Z,2666405
2023-04-06T14:00:00Z,2666667
2023-04-06T13:00:00Z,2666730
2023-04-06T12:00:00Z,2666798
2023-04-06T11:00:00Z,2666851
2023-04-06T10:00:00Z,2666900
2023-04-06T09:00:00Z,2666985
2023-04-06T08:00:00Z,2667223
2023-04-06T07:00:00Z,2667257
2023-04-06T06:00:00Z,2667302
2023-04-06T05:00:00Z,2667339
2023-04-06T04:00:00Z,2667363
2023-04-06T03:00:00Z,2667366
2023-04-06T02:00:00Z,2667396
2023-04-06T01:00:00Z,2667403
2023-04-06T00:00:00Z,2667562
2023-04-05T23:00:00Z,2667604
2023-04-05T22:00:00Z,2667758
2023-04-05T21:00:00Z,2667799
2023-04-05T20:00:00Z,2667848
2023-04-05T19:00:00Z,2668025
2023-04-05T18:00:00Z,2668095
2023-04-05T17:00:00Z,2668126
2023-04-05T16:00:00Z,2668236
2023-04-05T15:00:00Z,2668340
2023-04-05T14:00:00Z,2668370
2023-04-05T13:00:00Z,2668435
2023-04-05T12:00:00Z,2668580
2023-04-05T11:00:00Z,2668721
2023-04-05T10:00:00Z,2668755
2023-04-05T09:00:00Z,2668795
2023-04-05T08:00:00Z,2668851
2023-04-05T07:00:00Z,2668857
2023-04-05T06:00:00Z,2668894
2023-04-05T05:00:00Z,2669074
2023-04-05T04:00:00Z,2669204
2023-04-05T03:00:00Z,2669240
2023-04-05T02:00:00Z,2669288
2023-04-05T01:00:00Z,2669338
2023-04-05T00:00:00Z,2669401
2023-04-04T23:00:00Z,2669432
2023-04-04T22:00:00Z,2669776
2023-04-04T21:00:00Z,2669786
2023-04-04T20:00:00Z,2669999
2023-04-04T19:00:00Z,2670313
2023-04-04T18:00:00Z,2676416
2023-04-04T17:00:00Z,2676457
2023-04-04T16:00:00Z,2676586
2023-04-04T15:00:00Z,2676668
2023-04-04T14:00:00Z,2676717
2023-04-04T13:00:00Z,2677013
2023-04-04T12:00:00Z,2677049
2023-04-04T11:00:00Z,2677177
2023-04-04T10:00:00Z,2677204
2023-04-04T09:00:00Z,2677300
2023-04-04T08:00:00Z,2677346
2023-04-04T07:00:00Z,2677365
2023-04-04T06:00:00Z,2677615
2023-04-04T05:00:00Z,2678248
2023-04-04T04:00:00Z,2678273
2023-04-04T03:00:00Z,2678339
2023-04-04T02:00:00Z,2678407
2023-04-04T01:00:00Z,2678435
2023-04-04T00:00:00Z,2678484
2023-04-03T23:00:00Z,2678493
2023-04-03T22:00:00Z,2678509
2023-04-03T21:00:00Z,2678551
2023-04-03T20:00:00Z,2678568
2023-04-03T19:00:00Z,2678586
2023-04-03T18:00:00Z,2678672
2023-04-03T17:00:00Z,2678713
2023-04-03T16:00:00Z,2679011
2023-04-03T15:00:00Z,2679164
2023-04-03T14:00:00Z,2679241
2023-04-03T13:00:00Z,2679324
2023-04-03T12:00:00Z,2679390
2023-04-03T11:00:00Z,2679405
2023-04-03T10:00:00Z,2679430
2023-04-03T09:00:00Z,2679447
2023-04-03T08:00:00Z,2679484
2023-04-03T07:00:00Z,2679767
2023-04-03T06:00:00Z,2679795
2023-04-03T05:00:00Z,2679829
2023-04-03T04:00:00Z,2679843
2023-04-03T03:00:00Z,2679885
2023-04-03T02:00:00Z,2680067
2023-04-03T01:00:00Z,2680232
2023-04-03T00:00:00Z,2680245
2023-04-02T23:00:00Z,2680263
2023-04-02T22:00:00Z,2680308
2023-04-02T21:00:00Z,2680333
2023-04-02T20:00:00Z,2680396
2023-04-02T19:00:00Z,2680530
2023-04-02T18:00:00Z,2680654
2023-04-02T17:00:00Z,2682112
2023-04-02T16:00:00Z,2682195
2023-04-02T15:00:00Z,2682348
2023-04-02T14:00:00Z,2682368
2023-04-02T13:00:00Z,2682476
2023-04-02T12:00:00Z,2682504
2023-04-02T11:00:00Z,2682854
2023-04-02T10:00:00Z,2682857
2023-04-02T09:00:00Z,2682899
2023-04-02T08:00:00Z,2683016
2023-04-02T07:00:00Z,2683179
2023-04-02T06:00:00Z,2683234
2023-04-02T05:00:00Z,2683249
2023-04-02T04:00:00Z,2683267
2023-04-02T03:00:00Z,2683444
2023-04-02T02:00:00Z,2683487
2023-04-02T01:00:00Z,2683559
2023-04-02T00:00:00Z,2683602
2023-04-01T23:00:00Z,2683618
2023-04-01T22:00:00Z,2683639
2023-04-01T21:00:00Z,2683943
2023-04-01T20:00:00Z,2683963
2023-04-01T19:00:00Z,2684487
2023-04-01T18:00:00Z,2684659
2023-04-01T17:00:00Z,2684675
2023-04-01T16:00:00Z,2684696
2023-04-01T15:00:00Z,2684759
2023-04-01T14:00:00Z,2684953
2023-04-01T13:00:00Z,2685086
2023-04-01T12:00:00Z,2687583
2023-04-01T11:00:00Z,2687661
2023-04-01T10:00:00Z,2687774
2023-04-01T09:00:00Z,2687792
2023-04-01T08:00:00Z,2687840
2023-04-01T07:00:00Z,2687881
2023-04-01T06:00:00Z,2687937
2023-04-01T05:00:00Z,2688001
2023-04-01T04:00:00Z,2688052
2023-04-01T03:00:00Z,2688338
2023-04-01T02:00:00Z,2688400
2023-04-01T01:00:00Z,2688423
2023-04-01T00:00:00Z,2688447
2023-03-31T23:00:00Z,2688883
2023-03-31T22:00:00Z,2688912
2023-03-31T21:00:00Z,2688964
2023-03-31T20:00:00Z,2689061
2023-03-31T19:00:00Z,2689100
2023-03-31T18:00:00Z,2690405
2023-03-31T17:00:00Z,2691649
2023-03-31T16:00:00Z,2691717
2023-03-31T15:00:00Z,2692225
2023-03-31T14:00:00Z,2692296
2023-03-31T13:00:00Z,2692380
2023-03-31T12:00:00Z,2692566
2023-03-31T11:00:00Z,2692595
2023-03-31T10:00:00Z,2692633
2023-03-31T09:00:00Z,2692730
2023-03-31T08:00:00Z,2700607
2023-03-31T07:00:00Z,2700684
2023-03-31T06:00:00Z,2700809
2023-03-31T05:00:00Z,2700817
2023-03-31T04:00:00Z,2700836
2023-03-31T03:00:00Z,2700841
2023-03-31T02:00:00Z,2700862
2023-03-31T01:00:00Z,2700885
2023-03-31T00:00:00Z,2700890
2023-03-30T23:00:00Z,2700947
2023-03-30T22:00:00Z,2700974
2023-03-30T21:00:00Z,2701010
2023-03-30T20:00:00Z,2703505
2023-03-30T19:00:00Z,2703560
2023-03-30T18:00:00Z,2719418
2023-03-30T17:00:00Z,2719526
2023-03-30T16:00:00Z,2719580
2023-03-30T15:00:00Z,2719691
2023-03-30T14:00:00Z,2720629
2023-03-30T13:00:00Z,2720726
2023-03-30T12:00:00Z,2720753
2023-03-30T11:00:00Z,2720816
2023-03-30T10:00:00Z,2720842
2023-03-30T09:00:00Z,2720863
2023-03-30T08:00:00Z,2721073
2023-03-30T07:00:00Z,2721518
2023-03-30T06:00:00Z,2721539
2023-03-30T05:00:00Z,2721576
2023-03-30T04:00:00Z,2721649
2023-03-30T03:00:00Z,2721743
2023-03-30T02:00:00Z,2721781
2023-03-30T01:00:00Z,null
2023-03-30T00:00:00Z,null
2023-03-29T23:00:00Z,null
2023-03-29T22:00:00Z,null
2023-03-29T21:00:00Z,null
2023-03-29T20:00:00Z,null
2023-03-29T19:00:00Z,null
2023-03-29T18:00:00Z,2722645
2023-03-29T17:00:00Z,2722770
2023-03-29T16:00:00Z,2722835
2023-03-29T15:00:00Z,2723016
2023-03-29T14:00:00Z,2723095
2023-03-29T13:00:00Z,2723186
2023-03-29T12:00:00Z,2723215
2023-03-29T11:00:00Z,2723224
2023-03-29T10:00:00Z,2723240
2023-03-29T09:00:00Z,2723273
2023-03-29T08:00:00Z,2723339
2023-03-29T07:00:00Z,2723373
2023-03-29T06:00:00Z,null
2023-03-29T05:00:00Z,2723668
2023-03-29T04:00:00Z,2723744
2023-03-29T03:00:00Z,2723777
2023-03-29T02:00:00Z,2723832
2023-03-29T01:00:00Z,2723951
2023-03-29T00:00:00Z,2723994
2023-03-28T23:00:00Z,2724133
2023-03-28T22:00:00Z,2724151
2023-03-28T21:00:00Z,2724264
2023-03-28T20:00:00Z,2724339
2023-03-28T19:00:00Z,2724373
2023-03-28T18:00:00Z,2724469
2023-03-28T17:00:00Z,2724520
2023-03-28T16:00:00Z,2724635
2023-03-28T15:00:00Z,2724657
2023-03-28T14:00:00Z,2724846
2023-03-28T13:00:00Z,2724918
2023-03-28T12:00:00Z,2725101
2023-03-28T11:00:00Z,2725114
2023-03-28T10:00:00Z,2732124
2023-03-28T09:00:00Z,2732179
2023-03-28T08:00:00Z,2732199
2023-03-28T07:00:00Z,2732331
2023-03-28T06:00:00Z,2732369
2023-03-28T05:00:00Z,2732384
2023-03-28T04:00:00Z,2732444
2023-03-28T03:00:00Z,2732468
2023-03-28T02:00:00Z,2732795
2023-03-28T01:00:00Z,2732857
2023-03-28T00:00:00Z,2732935
2023-03-27T23:00:00Z,2732973
2023-03-27T22:00:00Z,2733020
2023-03-27T21:00:00Z,2733088
2023-03-27T20:00:00Z,2733119
2023-03-27T19:00:00Z,2733138
2023-03-27T18:00:00Z,2733305
2023-03-27T17:00:00Z,2733420
2023-03-27T16:00:00Z,2733538
2023-03-27T15:00:00Z,2733554
2023-03-27T14:00:00Z,2733580
2023-03-27T13:00:00Z,2733638
2023-03-27T12:00:00Z,2733689
2023-03-27T11:00:00Z,2735019
2023-03-27T10:00:00Z,2735118
2023-03-27T09:00:00Z,2751685
2023-03-27T08:00:00Z,2753497
2023-03-27T07:00:00Z,2753499
2023-03-27T06:00:00Z,2753561
2023-03-27T05:00:00Z,2753743
2023-03-27T04:00:00Z,2753803
2023-03-27T03:00:00Z,2753812
2023-03-27T02:00:00Z,2753817
2023-03-27T01:00:00Z,2753833
2023-03-27T00:00:00Z,2753840
2023-03-26T23:00:00Z,2753884
2023-03-26T22:00:00Z,2754940
2023-03-26T21:00:00Z,2755001
2023-03-26T20:00:00Z,2755063
2023-03-26T19:00:00Z,2755178
2023-03-26T18:00:00Z,2756111
2023-03-26T17:00:00Z,2756472
2023-03-26T16:00:00Z,2756726
2023-03-26T15:00:00Z,2756850
2023-03-26T14:00:00Z,2756901
2023-03-26T13:00:00Z,2757179
2023-03-26T12:00:00Z,2757427
2023-03-26T11:00:00Z,2757529
2023-03-26T10:00:00Z,2757628
2023-03-26T09:00:00Z,2757690
2023-03-26T08:00:00Z,2757725
2023-03-26T07:00:00Z,2757787
2023-03-26T06:00:00Z,2782324
2023-03-26T05:00:00Z,2782356
2023-03-26T04:00:00Z,2782422
2023-03-26T03:00:00Z,2782454
2023-03-26T02:00:00Z,2782489
2023-03-26T01:00:00Z,2782501
2023-03-26T00:00:00Z,2782510
2023-03-25T23:00:00Z,2782808
2023-03-25T22:00:00Z,2782835
2023-03-25T21:00:00Z,2782992
2023-03-25T20:00:00Z,2783054
2023-03-25T19:00:00Z,2783079
2023-03-25T18:00:00Z,2783235
2023-03-25T17:00:00Z,2783357
2023-03-25T16:00:00Z,2783509
2023-03-25T15:00:00Z,2783726
2023-03-25T14:00:00Z,2783743
2023-03-25T13:00:00Z,2783774
2023-03-25T12:00:00Z,2783916
2023-03-25T11:00:00Z,2784093
2023-03-25T10:00:00Z,2784176
2023-03-25T09:00:00Z,2784221
2023-03-25T08:00:00Z,2784276
2023-03-25T07:00:00Z,2784918
2023-03-25T06:00:00Z,2789628
2023-03-25T05:00:00Z,2789916
2023-03-25T04:00:00Z,2789939
2023-03-25T03:00:00Z,2790538
2023-03-25T02:00:00Z,2790573
2023-03-25T01:00:00Z,2790588
2023-03-25T00:00:00Z,2790606
2023-03-24T23:00:00Z,2790620
2023-03-24T22:00:00Z,2790629
2023-03-24T21:00:00Z,2790680
2023-03-24T20:00:00Z,2790706
2023-03-24T19:00:00Z,2790733
2023-03-24T18:00:00Z,2790776
2023-03-24T17:00:00Z,null
2023-03-24T16:00:00Z,2790932
2023-03-24T15:00:00Z,2790993
2023-03-24T14:00:00Z,2791438
2023-03-24T13:00:00Z,2792532
2023-03-24T12:00:00Z,2795022
2023-03-24T11:00:00Z,2795091
2023-03-24T10:00:00Z,2795145
2023-03-24T09:00:00Z,2795192
2023-03-24T08:00:00Z,2795219
2023-03-24T07:00:00Z,2795236
2023-03-24T06:00:00Z,2795370
2023-03-24T05:00:00Z,2795385
2023-03-24T04:00:00Z,2795444
2023-03-24T03:00:00Z,2795502
2023-03-24T02:00:00Z,2795514
2023-03-24T01:00:00Z,2795755
2023-03-24T00:00:00Z,2795957
2023-03-23T23:00:00Z,2795981
2023-03-23T22:00:00Z,2796074
2023-03-23T21:00:00Z,2796099
2023-03-23T20:00:00Z,2796520
2023-03-23T19:00:00Z,2796581
2023-03-23T18:00:00Z,2796684
2023-03-23T17:00:00Z,2796712
2023-03-23T16:00:00Z,2796744
2023-03-23T15:00:00Z,2801449
2023-03-23T14:00:00Z,2801484
2023-03-23T13:00:00Z,2801613
2023-03-23T12:00:00Z,2801661
2023-03-23T11:00:00Z,2801818
2023-03-23T10:00:00Z,2802272
2023-03-23T09:00:00Z,2802414
2023-03-23T08:00:00Z,2802458
2023-03-23T07:00:00Z,2802472
2023-03-23T06:00:00Z,2802479
2023-03-23T05:00:00Z,2802574
2023-03-23T04:00:00Z,2802614
2023-03-23T03:00:00Z,2802686
2023-03-23T02:00:00Z,2802712
2023-03-23T01:00:00Z,2802806
2023-03-23T00:00:00Z,2802831
2023-03-22T23:00:00Z,2802876
2023-03-22T22:00:00Z,2802937
2023-03-22T21:00:00Z,2803179
2023-03-22T20:00:00Z,2803252
2023-03-22T19:00:00Z,2803274
2023-03-22T18:00:00Z,2803337
2023-03-22T17:00:00Z,2803368
2023-03-22T16:00:00Z,2803430
2023-03-22T15:00:00Z,2803463
2023-03-22T14:00:00Z,2811686
2023-03-22T13:00:00Z,2812045
2023-03-22T12:00:00Z,2813387
2023-03-22T11:00:00Z,2813432
2023-03-22T10:00:00Z,2813515
2023-03-22T09:00:00Z,2813520
2023-03-22T08:00:00Z,2813576
2023-03-22T07:00:00Z,2813602
2023-03-22T06:00:00Z,2813916
2023-03-22T05:00:00Z,2813983
2023-03-22T04:00:00Z,3026397
2023-03-22T03:00:00Z,3026541
2023-03-22T02:00:00Z,3026701
2023-03-22T01:00:00Z,3026743
2023-03-22T00:00:00Z,3026785
2023-03-21T23:00:00Z,3026952
2023-03-21T22:00:00Z,3027048
2023-03-21T21:00:00Z,3027168
2023-03-21T20:00:00Z,3027486
2023-03-21T19:00:00Z,3027592
2023-03-21T18:00:00Z,3027706
2023-03-21T17:00:00Z,3027738
2023-03-21T16:00:00Z,3029700
2023-03-21T15:00:00Z,3035484
2023-03-21T14:00:00Z,3036136
2023-03-21T13:00:00Z,3036173
2023-03-21T12:00:00Z,3036230
2023-03-21T11:00:00Z,3036330
2023-03-21T10:00:00Z,3036844
2023-03-21T09:00:00Z,3039754
2023-03-21T08:00:00Z,3039804
2023-03-21T07:00:00Z,3039855
2023-03-21T06:00:00Z,3039966
2023-03-21T05:00:00Z,3040041
2023-03-21T04:00:00Z,3040191
2023-03-21T03:00:00Z,3040225
2023-03-21T02:00:00Z,3040382
2023-03-21T01:00:00Z,3040461
2023-03-21T00:00:00Z,3040556
2023-03-20T23:00:00Z,3040628
2023-03-20T22:00:00Z,3040751
2023-03-20T21:00:00Z,3040784
2023-03-20T20:00:00Z,3041129
2023-03-20T19:00:00Z,3045167
2023-03-20T18:00:00Z,3045452
2023-03-20T17:00:00Z,3045932
2023-03-20T16:00:00Z,3046450
2023-03-20T15:00:00Z,3046509
2023-03-20T14:00:00Z,3046562
2023-03-20T13:00:00Z,3052354
2023-03-20T12:00:00Z,3052405
2023-03-20T11:00:00Z,3052503
2023-03-20T10:00:00Z,3052592
2023-03-20T09:00:00Z,3053364
2023-03-20T08:00:00Z,3053601
2023-03-20T07:00:00Z,3053696
2023-03-20T06:00:00Z,3053906
2023-03-20T05:00:00Z,3053922
2023-03-20T04:00:00Z,3053934
2023-03-20T03:00:00Z,3054094
2023-03-20T02:00:00Z,3054165
2023-03-20T01:00:00Z,3054192
2023-03-20T00:00:00Z,3054576
2023-03-19T23:00:00Z,3054666
2023-03-19T22:00:00Z,3054799
2023-03-19T21:00:00Z,3055056
2023-03-19T20:00:00Z,3055272
2023-03-19T19:00:00Z,3055701
2023-03-19T18:00:00Z,3055791
2023-03-19T17:00:00Z,3055881
2023-03-19T16:00:00Z,3056147
2023-03-19T15:00:00Z,3056230
2023-03-19T14:00:00Z,3056419
2023-03-19T13:00:00Z,3056567
2023-03-19T12:00:00Z,3056653
2023-03-19T11:00:00Z,3056717
2023-03-19T10:00:00Z,3057077
2023-03-19T09:00:00Z,3057100
2023-03-19T08:00:00Z,3057126
2023-03-19T07:00:00Z,3057345
2023-03-19T06:00:00Z,3057810
2023-03-19T05:00:00Z,3057879
2023-03-19T04:00:00Z,3058212
2023-03-19T03:00:00Z,3058294
2023-03-19T02:00:00Z,3058750
2023-03-19T01:00:00Z,3058829
2023-03-19T00:00:00Z,3058969
2023-03-18T23:00:00Z,3059033
2023-03-18T22:00:00Z,3059072
2023-03-18T21:00:00Z,3059221
2023-03-18T20:00:00Z,3059301
2023-03-18T19:00:00Z,3059389
2023-03-18T18:00:00Z,3059469
2023-03-18T17:00:00Z,3059654
2023-03-18T16:00:00Z,3059932
2023-03-18T15:00:00Z,3060060
2023-03-18T14:00:00Z,3060267
2023-03-18T13:00:00Z,3060362
2023-03-18T12:00:00Z,3061252
2023-03-18T11:00:00Z,3061349
2023-03-18T10:00:00Z,3061427
2023-03-18T09:00:00Z,3061662
2023-03-18T08:00:00Z,3061740
2023-03-18T07:00:00Z,3061818
2023-03-18T06:00:00Z,3061943
2023-03-18T05:00:00Z,3062043
2023-03-18T04:00:00Z,3062129
2023-03-18T03:00:00Z,3062265
2023-03-18T02:00:00Z,3062360
2023-03-18T01:00:00Z,3062420
2023-03-18T00:00:00Z,3062521
2023-03-17T23:00:00Z,3063217
2023-03-17T22:00:00Z,3063313
2023-03-17T21:00:00Z,3065075
2023-03-17T20:00:00Z,3065251
2023-03-17T19:00:00Z,3065568
2023-03-17T18:00:00Z,3065660
2023-03-17T17:00:00Z,3076525
2023-03-17T16:00:00Z,3076615
2023-03-17T15:00:00Z,3076769
2023-03-17T14:00:00Z,3076857
2023-03-17T13:00:00Z,3076936
2023-03-17T12:00:00Z,3077069
2023-03-17T11:00:00Z,3077318
2023-03-17T10:00:00Z,3077388
2023-03-17T09:00:00Z,3078751
2023-03-17T08:00:00Z,3078778
2023-03-17T07:00:00Z,3079003
2023-03-17T06:00:00Z,3079596
2023-03-17T05:00:00Z,3079658
2023-03-17T04:00:00Z,3079667
2023-03-17T03:00:00Z,3079788
2023-03-17T02:00:00Z,3079862
2023-03-17T01:00:00Z,3079950
2023-03-17T00:00:00Z,3080037
2023-03-16T23:00:00Z,3080410
2023-03-16T22:00:00Z,3080489
2023-03-16T21:00:00Z,3080539
2023-03-16T20:00:00Z,3080753
2023-03-16T19:00:00Z,3080789
2023-03-16T18:00:00Z,3080901
2023-03-16T17:00:00Z,3081697
2023-03-16T16:00:00Z,3081720
2023-03-16T15:00:00Z,3081804
2023-03-16T14:00:00Z,3081992
2023-03-16T13:00:00Z,3082107
2023-03-16T12:00:00Z,3082131
2023-03-16T11:00:00Z,3082187
2023-03-16T10:00:00Z,3082222
2023-03-16T09:00:00Z,3082276
2023-03-16T08:00:00Z,3082364
2023-03-16T07:00:00Z,3082398
2023-03-16T06:00:00Z,3082491
2023-03-16T05:00:00Z,3082596
2023-03-16T04:00:00Z,3082643
2023-03-16T03:00:00Z,3082803
2023-03-16T02:00:00Z,3082886
2023-03-16T01:00:00Z,3082967
2023-03-16T00:00:00Z,3083000
2023-03-15T23:00:00Z,3083124
2023-03-15T22:00:00Z,3083249
2023-03-15T21:00:00Z,3084403
2023-03-15T20:00:00Z,3084482
2023-03-15T19:00:00Z,3084525
2023-03-15T18:00:00Z,3084642
2023-03-15T17:00:00Z,3084949
2023-03-15T16:00:00Z,3085134
2023-03-15T15:00:00Z,3085231
2023-03-15T14:00:00Z,3085290
2023-03-15T13:00:00Z,3128364
2023-03-15T12:00:00Z,3130430
2023-03-15T11:00:00Z,3130620
2023-03-15T10:00:00Z,3131559
2023-03-15T09:00:00Z,3131588
2023-03-15T08:00:00Z,3131908
2023-03-15T07:00:00Z,3132143
2023-03-15T06:00:00Z,null
2023-03-15T05:00:00Z,3173648
2023-03-15T04:00:00Z,3174289
2023-03-15T03:00:00Z,3174323
2023-03-15T02:00:00Z,3174409
2023-03-15T01:00:00Z,3174715
2023-03-15T00:00:00Z,3174817
2023-03-14T23:00:00Z,3176088
2023-03-14T22:00:00Z,3176421
2023-03-14T21:00:00Z,3177677
2023-03-14T20:00:00Z,3177772
2023-03-14T19:00:00Z,3178127
2023-03-14T18:00:00Z,3179070
2023-03-14T17:00:00Z,3181229
2023-03-14T16:00:00Z,3181331
2023-03-14T15:00:00Z,3181518
2023-03-14T14:00:00Z,3182593
2023-03-14T13:00:00Z,3182808
2023-03-14T12:00:00Z,3182951
2023-03-14T11:00:00Z,3183042
2023-03-14T10:00:00Z,3183097
2023-03-14T09:00:00Z,3183422
2023-03-14T08:00:00Z,3183891
2023-03-14T07:00:00Z,3183976
2023-03-14T06:00:00Z,3184023
2023-03-14T05:00:00Z,3184065
2023-03-14T04:00:00Z,3184198
2023-03-14T03:00:00Z,3184265
2023-03-14T02:00:00Z,3184367
2023-03-14T01:00:00Z,3184462
2023-03-14T00:00:00Z,3184557
2023-03-13T23:00:00Z,3184864
2023-03-13T22:00:00Z,3184925
2023-03-13T21:00:00Z,3185035
2023-03-13T20:00:00Z,3186108
2023-03-13T19:00:00Z,3190872
2023-03-13T18:00:00Z,3192298
2023-03-13T17:00:00Z,3192969
2023-03-13T16:00:00Z,3193232
2023-03-13T15:00:00Z,3193763
2023-03-13T14:00:00Z,3194315
2023-03-13T13:00:00Z,3194441
2023-03-13T12:00:00Z,3195726
2023-03-13T11:00:00Z,3197191
2023-03-13T10:00:00Z,3197278
2023-03-13T09:00:00Z,3197498
2023-03-13T08:00:00Z,3197514
2023-03-13T07:00:00Z,3197583
2023-03-13T06:00:00Z,3197646
2023-03-13T05:00:00Z,3197818
2023-03-13T04:00:00Z,3197880
2023-03-13T03:00:00Z,3198064
2023-03-13T02:00:00Z,3198677
2023-03-13T01:00:00Z,3198818
2023-03-13T00:00:00Z,3198907
2023-03-12T23:00:00Z,3199042
2023-03-12T22:00:00Z,3199153
2023-03-12T21:00:00Z,3199570
2023-03-12T20:00:00Z,3199754
2023-03-12T19:00:00Z,3199884
2023-03-12T18:00:00Z,3200082
2023-03-12T17:00:00Z,3200147
2023-03-12T16:00:00Z,3200291
2023-03-12T15:00:00Z,3200513
2023-03-12T14:00:00Z,3200794
2023-03-12T13:00:00Z,3200814
2023-03-12T12:00:00Z,3200867
2023-03-12T11:00:00Z,3200996
2023-03-12T10:00:00Z,3201056
2023-03-12T09:00:00Z,3201817
2023-03-12T08:00:00Z,3201873
2023-03-12T07:00:00Z,3201943
2023-03-12T06:00:00Z,3202057
2023-03-12T05:00:00Z,3202087
2023-03-12T04:00:00Z,3202200
2023-03-12T03:00:00Z,3202344
2023-03-12T02:00:00Z,3202439
2023-03-12T01:00:00Z,3202526
2023-03-12T00:00:00Z,3202592
2023-03-11T23:00:00Z,3202782
2023-03-11T22:00:00Z,3203811
2023-03-11T21:00:00Z,3203887
2023-03-11T20:00:00Z,3204402
2023-03-11T19:00:00Z,3204531
2023-03-11T18:00:00Z,3204670
2023-03-11T17:00:00Z,3204734
2023-03-11T16:00:00Z,3204838
2023-03-11T15:00:00Z,3205933
2023-03-11T14:00:00Z,3206001
2023-03-11T13:00:00Z,3206145
2023-03-11T12:00:00Z,3206269
2023-03-11T11:00:00Z,3206513
2023-03-11T10:00:00Z,3206697
2023-03-11T09:00:00Z,3206981
2023-03-11T08:00:00Z,3207063
2023-03-11T07:00:00Z,3208218
2023-03-11T06:00:00Z,3208307
2023-03-11T05:00:00Z,3208434
2023-03-11T04:00:00Z,3208634
2023-03-11T03:00:00Z,3208974
2023-03-11T02:00:00Z,3209182
2023-03-11T01:00:00Z,3209290
2023-03-11T00:00:00Z,3209565
2023-03-10T23:00:00Z,3210094
2023-03-10T22:00:00Z,3210147
2023-03-10T21:00:00Z,3210198
2023-03-10T20:00:00Z,3210263
2023-03-10T19:00:00Z,3210358
2023-03-10T18:00:00Z,3210417
2023-03-10T17:00:00Z,3210440
2023-03-10T16:00:00Z,3210503
2023-03-10T15:00:00Z,3210602
2023-03-10T14:00:00Z,3210673
2023-03-10T13:00:00Z,3210865
2023-03-10T12:00:00Z,3210928
2023-03-10T11:00:00Z,3211005
2023-03-10T10:00:00Z,3221902
2023-03-10T09:00:00Z,3221978
2023-03-10T08:00:00Z,3222026
2023-03-10T07:00:00Z,3222248
2023-03-10T06:00:00Z,3222273
2023-03-10T05:00:00Z,3222347
2023-03-10T04:00:00Z,3222390
2023-03-10T03:00:00Z,3222488
2023-03-10T02:00:00Z,3222677
2023-03-10T01:00:00Z,3222762
2023-03-10T00:00:00Z,3222871
2023-03-09T23:00:00Z,3222885
2023-03-09T22:00:00Z,3224187
2023-03-09T21:00:00Z,3224335
2023-03-09T20:00:00Z,3224432
2023-03-09T19:00:00Z,3224687
2023-03-09T18:00:00Z,3226911
2023-03-09T17:00:00Z,3226948
2023-03-09T16:00:00Z,3231207
2023-03-09T15:00:00Z,3231231
2023-03-09T14:00:00Z,3231352
2023-03-09T13:00:00Z,3231492
2023-03-09T12:00:00Z,3231719
2023-03-09T11:00:00Z,3231766
2023-03-09T10:00:00Z,3427451
2023-03-09T09:00:00Z,3428071
2023-03-09T08:00:00Z,3428235
2023-03-09T07:00:00Z,3428331
2023-03-09T06:00:00Z,3428472
2023-03-09T05:00:00Z,3428906
2023-03-09T04:00:00Z,3428982
2023-03-09T03:00:00Z,3429249
2023-03-09T02:00:00Z,3429360
2023-03-09T01:00:00Z,3429398
2023-03-09T00:00:00Z,3429418
2023-03-08T23:00:00Z,3429744
2023-03-08T22:00:00Z,3429829
2023-03-08T21:00:00Z,3429887
2023-03-08T20:00:00Z,3429966
2023-03-08T19:00:00Z,3432258
2023-03-08T18:00:00Z,3432383
2023-03-08T17:00:00Z,3432437
2023-03-08T16:00:00Z,3432488
2023-03-08T15:00:00Z,3432698
2023-03-08T14:00:00Z,3432730
2023-03-08T13:00:00Z,3432909
2023-03-08T12:00:00Z,3432933
2023-03-08T11:00:00Z,3433037
2023-03-08T10:00:00Z,3433122
2023-03-08T09:00:00Z,3433210
2023-03-08T08:00:00Z,3433232
2023-03-08T07:00:00Z,3433307
2023-03-08T06:00:00Z,null
2023-03-08T05:00:00Z,3433400
2023-03-08T04:00:00Z,3433633
2023-03-08T03:00:00Z,3433684
2023-03-08T02:00:00Z,3433713
2023-03-08T01:00:00Z,3433932
2023-03-08T00:00:00Z,3433983
2023-03-07T23:00:00Z,3434031
2023-03-07T22:00:00Z,3434203
2023-03-07T21:00:00Z,3434309
2023-03-07T20:00:00Z,3434503
2023-03-07T19:00:00Z,3434881
2023-03-07T18:00:00Z,3434975
2023-03-07T17:00:00Z,3435050
2023-03-07T16:00:00Z,3435393
2023-03-07T15:00:00Z,3435716
2023-03-07T14:00:00Z,3435916
2023-03-07T13:00:00Z,3436188
2023-03-07T12:00:00Z,3436255
2023-03-07T11:00:00Z,3436457
2023-03-07T10:00:00Z,3440166
2023-03-07T09:00:00Z,3440716
2023-03-07T08:00:00Z,3441101
2023-03-07T07:00:00Z,3441112
2023-03-07T06:00:00Z,3441154
2023-03-07T05:00:00Z,3441194
2023-03-07T04:00:00Z,3442031
2023-03-07T03:00:00Z,3442079
2023-03-07T02:00:00Z,3442159
2023-03-07T01:00:00Z,3442370
2023-03-07T00:00:00Z,3442413
2023-03-06T23:00:00Z,3442481
2023-03-06T22:00:00Z,3442642
2023-03-06T21:00:00Z,3442700
2023-03-06T20:00:00Z,3442821
2023-03-06T19:00:00Z,3442866
2023-03-06T18:00:00Z,3443168
2023-03-06T17:00:00Z,3444538
2023-03-06T16:00:00Z,3444645
2023-03-06T15:00:00Z,3445909
2023-03-06T14:00:00Z,3445982
2023-03-06T13:00:00Z,3446122
2023-03-06T12:00:00Z,3446539
2023-03-06T11:00:00Z,3446751
2023-03-06T10:00:00Z,3446855
2023-03-06T09:00:00Z,3446943
2023-03-06T08:00:00Z,3447007
2023-03-06T07:00:00Z,3447104
2023-03-06T06:00:00Z,3447148
2023-03-06T05:00:00Z,3447181
2023-03-06T04:00:00Z,3447547
2023-03-06T03:00:00Z,3447849
2023-03-06T02:00:00Z,3447991
2023-03-06T01:00:00Z,3448341
2023-03-06T00:00:00Z,3469043
2023-03-05T23:00:00Z,3469258
2023-03-05T22:00:00Z,3469403
2023-03-05T21:00:00Z,3469504
2023-03-05T20:00:00Z,3469786
2023-03-05T19:00:00Z,3469887
2023-03-05T18:00:00Z,3469929
2023-03-05T17:00:00Z,3470007
2023-03-05T16:00:00Z,3470291
2023-03-05T15:00:00Z,3470402
2023-03-05T14:00:00Z,3473130
2023-03-05T13:00:00Z,3473188
2023-03-05T12:00:00Z,3473419
2023-03-05T11:00:00Z,3476181
2023-03-05T10:00:00Z,3477749
2023-03-05T09:00:00Z,3478276
2023-03-05T08:00:00Z,3478395
2023-03-05T07:00:00Z,3478552
2023-03-05T06:00:00Z,3478592
2023-03-05T05:00:00Z,3478622
2023-03-05T04:00:00Z,3478794
2023-03-05T03:00:00Z,3478985
2023-03-05T02:00:00Z,3479094
2023-03-05T01:00:00Z,3479231
2023-03-05T00:00:00Z,3479260
2023-03-04T23:00:00Z,3479500
2023-03-04T22:00:00Z,3479623
2023-03-04T21:00:00Z,3479812
2023-03-04T20:00:00Z,3479934
2023-03-04T19:00:00Z,3480031
2023-03-04T18:00:00Z,3480096
2023-03-04T17:00:00Z,3480214
2023-03-04T16:00:00Z,3480407
2023-03-04T15:00:00Z,3480495
2023-03-04T14:00:00Z,3481187
2023-03-04T13:00:00Z,3481292
2023-03-04T12:00:00Z,3481338
2023-03-04T11:00:00Z,3481459
2023-03-04T10:00:00Z,3481836
2023-03-04T09:00:00Z,3481982
2023-03-04T08:00:00Z,3482085
2023-03-04T07:00:00Z,3487458
2023-03-04T06:00:00Z,3487493
2023-03-04T05:00:00Z,3487564
2023-03-04T04:00:00Z,3487639
2023-03-04T03:00:00Z,3487775
2023-03-04T02:00:00Z,3488875
2023-03-04T01:00:00Z,3489890
2023-03-04T00:00:00Z,3490068
2023-03-03T23:00:00Z,3490184
2023-03-03T22:00:00Z,3490254
2023-03-03T21:00:00Z,3490317
2023-03-03T20:00:00Z,3490409
2023-03-03T19:00:00Z,3491321
2023-03-03T18:00:00Z,3491412
2023-03-03T17:00:00Z,3493633
2023-03-03T16:00:00Z,3493692
2023-03-03T15:00:00Z,3493805
2023-03-03T14:00:00Z,3493875
2023-03-03T13:00:00Z,3496364
2023-03-03T12:00:00Z,3499814
2023-03-03T11:00:00Z,3499861
2023-03-03T10:00:00Z,3499925
2023-03-03T09:00:00Z,3500194
2023-03-03T08:00:00Z,3501502
2023-03-03T07:00:00Z,3501577
2023-03-03T06:00:00Z,3501651
2023-03-03T05:00:00Z,3501701
2023-03-03T04:00:00Z,3501767
2023-03-03T03:00:00Z,3501828
2023-03-03T02:00:00Z,3502052
2023-03-03T01:00:00Z,3502179
2023-03-03T00:00:00Z,3502260
2023-03-02T23:00:00Z,3502426
2023-03-02T22:00:00Z,3502512
2023-03-02T21:00:00Z,3502735
2023-03-02T20:00:00Z,3503288
2023-03-02T19:00:00Z,3503974
2023-03-02T18:00:00Z,3504033
2023-03-02T17:00:00Z,3504150
2023-03-02T16:00:00Z,3504490
2023-03-02T15:00:00Z,3504587
2023-03-02T14:00:00Z,3504654
2023-03-02T13:00:00Z,3504743
2023-03-02T12:00:00Z,3504998
2023-03-02T11:00:00Z,3517861
2023-03-02T10:00:00Z,3518044
2023-03-02T09:00:00Z,3518458
2023-03-02T08:00:00Z,3518536
2023-03-02T07:00:00Z,3518768
2023-03-02T06:00:00Z,3518882
2023-03-02T05:00:00Z,3519816
2023-03-02T04:00:00Z,3519936
2023-03-02T03:00:00Z,3519996
2023-03-02T02:00:00Z,3520070
2023-03-02T01:00:00Z,3520336
2023-03-02T00:00:00Z,3520387
2023-03-01T23:00:00Z,3520954
2023-03-01T22:00:00Z,3523962
2023-03-01T21:00:00Z,3524114
2023-03-01T20:00:00Z,3526207
2023-03-01T19:00:00Z,3526378
2023-03-01T18:00:00Z,3527064
2023-03-01T17:00:00Z,3532533
2023-03-01T16:00:00Z,3532693
2023-03-01T15:00:00Z,3532946
2023-03-01T14:00:00Z,3533498
2023-03-01T13:00:00Z,3533652
2023-03-01T12:00:00Z,3533850
2023-03-01T11:00:00Z,3534270
2023-03-01T10:00:00Z,3539090
2023-03-01T09:00:00Z,3539385
2023-03-01T08:00:00Z,3539456
2023-03-01T07:00:00Z,3540007
2023-03-01T06:00:00Z,null
2023-03-01T05:00:00Z,3541670
2023-03-01T04:00:00Z,3541774
2023-03-01T03:00:00Z,3541861
2023-03-01T02:00:00Z,3542080
2023-03-01T01:00:00Z,3542751
2023-03-01T00:00:00Z,3543202
2023-02-28T23:00:00Z,3543340
2023-02-28T22:00:00Z,3543542
2023-02-28T21:00:00Z,3543969
2023-02-28T20:00:00Z,3544047
2023-02-28T19:00:00Z,3546724
2023-02-28T18:00:00Z,3547124
2023-02-28T17:00:00Z,3548055
2023-02-28T16:00:00Z,3551055
2023-02-28T15:00:00Z,3553455
2023-02-28T14:00:00Z,3554313
2023-02-28T13:00:00Z,3555207
2023-02-28T12:00:00Z,3555549
2023-02-28T11:00:00Z,3555690
2023-02-28T10:00:00Z,3555971
2023-02-28T09:00:00Z,3565253
2023-02-28T08:00:00Z,3565528
2023-02-28T07:00:00Z,3565915
2023-02-28T06:00:00Z,3566433
2023-02-28T05:00:00Z,3566712
2023-02-28T04:00:00Z,3567995
2023-02-28T03:00:00Z,3568100
2023-02-28T02:00:00Z,3570427
2023-02-28T01:00:00Z,3570718
2023-02-28T00:00:00Z,3571126
2023-02-27T23:00:00Z,3571244
2023-02-27T22:00:00Z,3571689
2023-02-27T21:00:00Z,3572066
2023-02-27T20:00:00Z,3572199
2023-02-27T19:00:00Z,3572379
2023-02-27T18:00:00Z,3572649
2023-02-27T17:00:00Z,3574112
2023-02-27T16:00:00Z,3579353
2023-02-27T15:00:00Z,3579613
2023-02-27T14:00:00Z,3579685
2023-02-27T13:00:00Z,3579908
2023-02-27T12:00:00Z,3580313
2023-02-27T11:00:00Z,3580419
2023-02-27T10:00:00Z,3580552
2023-02-27T09:00:00Z,3580928
2023-02-27T08:00:00Z,3583404
2023-02-27T07:00:00Z,3583583
2023-02-27T06:00:00Z,3583710
2023-02-27T05:00:00Z,3589408
2023-02-27T04:00:00Z,3599165
2023-02-27T03:00:00Z,3599469
2023-02-27T02:00:00Z,3599779
2023-02-27T01:00:00Z,3599960
2023-02-27T00:00:00Z,3600131
2023-02-26T23:00:00Z,3610478
2023-02-26T22:00:00Z,3610609
2023-02-26T21:00:00Z,3610948
2023-02-26T20:00:00Z,3611369
2023-02-26T19:00:00Z,3616038
2023-02-26T18:00:00Z,3616219
2023-02-26T17:00:00Z,3616487
2023-02-26T16:00:00Z,3620169
2023-02-26T15:00:00Z,3620404
2023-02-26T14:00:00Z,3620455
2023-02-26T13:00:00Z,3621231
2023-02-26T12:00:00Z,3621426
2023-02-26T11:00:00Z,3621837
2023-02-26T10:00:00Z,3622467
2023-02-26T09:00:00Z,3623070
2023-02-26T08:00:00Z,3623382
2023-02-26T07:00:00Z,3624508
2023-02-26T06:00:00Z,3624930
2023-02-26T05:00:00Z,3626185
2023-02-26T04:00:00Z,3626225
2023-02-26T03:00:00Z,3626522
2023-02-26T02:00:00Z,3626659
2023-02-26T01:00:00Z,3626962
2023-02-26T00:00:00Z,3627030
2023-02-25T23:00:00Z,3627219
2023-02-25T22:00:00Z,3629224
2023-02-25T21:00:00Z,3629510
2023-02-25T20:00:00Z,3629589
2023-02-25T19:00:00Z,3631782
2023-02-25T18:00:00Z,3631931
2023-02-25T17:00:00Z,3632119
2023-02-25T16:00:00Z,3632479
2023-02-25T15:00:00Z,3632711
2023-02-25T14:00:00Z,3632787
2023-02-25T13:00:00Z,3633088
2023-02-25T12:00:00Z,3633180
2023-02-25T11:00:00Z,3633354
2023-02-25T10:00:00Z,3633563
2023-02-25T09:00:00Z,3633724
2023-02-25T08:00:00Z,3635538
2023-02-25T07:00:00Z,3635706
2023-02-25T06:00:00Z,3635830
2023-02-25T05:00:00Z,3636069
2023-02-25T04:00:00Z,3636102
2023-02-25T03:00:00Z,3636282
2023-02-25T02:00:00Z,3636552
2023-02-25T01:00:00Z,3636610
2023-02-25T00:00:00Z,3636976
2023-02-24T23:00:00Z,3637066
2023-02-24T22:00:00Z,3637178
2023-02-24T21:00:00Z,3638109
2023-02-24T20:00:00Z,3638189
2023-02-24T19:00:00Z,3638795
2023-02-24T18:00:00Z,3638948
2023-02-24T17:00:00Z,3639107
2023-02-24T16:00:00Z,3639656
2023-02-24T15:00:00Z,3639884
2023-02-24T14:00:00Z,3640038
2023-02-24T13:00:00Z,3660886
2023-02-24T12:00:00Z,3661690
2023-02-24T11:00:00Z,3662844
2023-02-24T10:00:00Z,3662957
2023-02-24T09:00:00Z,3663528
2023-02-24T08:00:00Z,3664154
2023-02-24T07:00:00Z,3664619
2023-02-24T06:00:00Z,3664898
2023-02-24T05:00:00Z,3664998
2023-02-24T04:00:00Z,3665423
2023-02-24T03:00:00Z,3666374
2023-02-24T02:00:00Z,3667412
2023-02-24T01:00:00Z,3667627
2023-02-24T00:00:00Z,3667754
2023-02-23T23:00:00Z,3667978
2023-02-23T22:00:00Z,3668260
2023-02-23T21:00:00Z,3668538
2023-02-23T20:00:00Z,3668816
2023-02-23T19:00:00Z,3669165
2023-02-23T18:00:00Z,3669238
2023-02-23T17:00:00Z,3669709
2023-02-23T16:00:00Z,3672194
2023-02-23T15:00:00Z,3672434
2023-02-23T14:00:00Z,3672688
2023-02-23T13:00:00Z,3674081
2023-02-23T12:00:00Z,3674210
2023-02-23T11:00:00Z,3675232
2023-02-23T10:00:00Z,3675623
2023-02-23T09:00:00Z,3676063
2023-02-23T08:00:00Z,3676370
2023-02-23T07:00:00Z,3676614
2023-02-23T06:00:00Z,3676728
2023-02-23T05:00:00Z,3676961
2023-02-23T04:00:00Z,3677148
2023-02-23T03:00:00Z,3678020
2023-02-23T02:00:00Z,3678121
2023-02-23T01:00:00Z,3678417
2023-02-23T00:00:00Z,3678620
2023-02-22T23:00:00Z,3678803
2023-02-22T22:00:00Z,3682835
2023-02-22T21:00:00Z,3683086
2023-02-22T20:00:00Z,3683242
2023-02-22T19:00:00Z,3683527
2023-02-22T18:00:00Z,3683627
2023-02-22T17:00:00Z,3684361
2023-02-22T16:00:00Z,3684542
2023-02-22T15:00:00Z,3685382
2023-02-22T14:00:00Z,3685916
2023-02-22T13:00:00Z,3689407
2023-02-22T12:00:00Z,3689605
2023-02-22T11:00:00Z,3689684
2023-02-22T10:00:00Z,3689865
2023-02-22T09:00:00Z,3690047
2023-02-22T08:00:00Z,3690151
2023-02-22T07:00:00Z,3690219
2023-02-22T06:00:00Z,3692241
2023-02-22T05:00:00Z,3692241
2023-02-22T04:00:00Z,3693041
2023-02-22T03:00:00Z,3693271
2023-02-22T02:00:00Z,3693453
2023-02-22T01:00:00Z,3694928
2023-02-22T00:00:00Z,3695489
2023-02-21T23:00:00Z,3695703
2023-02-21T22:00:00Z,3696457
2023-02-21T21:00:00Z,3696711
2023-02-21T20:00:00Z,3697352
2023-02-21T19:00:00Z,3697766
2023-02-21T18:00:00Z,3699013
2023-02-21T17:00:00Z,3703853
2023-02-21T16:00:00Z,3707293
2023-02-21T15:00:00Z,3707703
2023-02-21T14:00:00Z,3708089
2023-02-21T13:00:00Z,3708171
2023-02-21T12:00:00Z,3709438
2023-02-21T11:00:00Z,3709542
2023-02-21T10:00:00Z,3709815
2023-02-21T09:00:00Z,3709914
2023-02-21T08:00:00Z,3710628
2023-02-21T07:00:00Z,3710925
2023-02-21T06:00:00Z,3711179
2023-02-21T05:00:00Z,3711347
2023-02-21T04:00:00Z,3711738
2023-02-21T03:00:00Z,3712142
2023-02-21T02:00:00Z,3712751
2023-02-21T01:00:00Z,3713173
2023-02-21T00:00:00Z,3713611
2023-02-20T23:00:00Z,3713798
2023-02-20T22:00:00Z,3714238
2023-02-20T21:00:00Z,3715430
2023-02-20T20:00:00Z,3715748
2023-02-20T19:00:00Z,3716104
2023-02-20T18:00:00Z,3716290
2023-02-20T17:00:00Z,3716731
2023-02-20T16:00:00Z,3717474
2023-02-20T15:00:00Z,3718429
2023-02-20T14:00:00Z,3724789
2023-02-20T13:00:00Z,3725610
2023-02-20T12:00:00Z,3726044
2023-02-20T11:00:00Z,3728814
2023-02-20T10:00:00Z,3735475
2023-02-20T09:00:00Z,3736173
2023-02-20T08:00:00Z,3736186
2023-02-20T07:00:00Z,3749497
2023-02-20T06:00:00Z,3749634
2023-02-20T05:00:00Z,3750054
2023-02-20T04:00:00Z,3750494
2023-02-20T03:00:00Z,3750683
2023-02-20T02:00:00Z,3918225
2023-02-20T01:00:00Z,3919094
2023-02-20T00:00:00Z,3926203
2023-02-19T23:00:00Z,3926746
2023-02-19T22:00:00Z,3928133
2023-02-19T21:00:00Z,3928523
2023-02-19T20:00:00Z,3929141
2023-02-19T19:00:00Z,3930491
2023-02-19T18:00:00Z,3930969
2023-02-19T17:00:00Z,3933672
2023-02-19T16:00:00Z,3933858
2023-02-19T15:00:00Z,3946411
2023-02-19T14:00:00Z,3947038
2023-02-19T13:00:00Z,3953413
2023-02-19T12:00:00Z,3954553
2023-02-19T11:00:00Z,3954831
2023-02-19T10:00:00Z,3955079
2023-02-19T09:00:00Z,3961540
2023-02-19T08:00:00Z,3961766
2023-02-19T07:00:00Z,3961956
2023-02-19T06:00:00Z,3963017
2023-02-19T05:00:00Z,3963386
2023-02-19T04:00:00Z,3964056
2023-02-19T03:00:00Z,3964421
2023-02-19T02:00:00Z,3964831
2023-02-19T01:00:00Z,3966156
2023-02-19T00:00:00Z,3966975
2023-02-18T23:00:00Z,3967208
2023-02-18T22:00:00Z,3967403
2023-02-18T21:00:00Z,3967697
2023-02-18T20:00:00Z,3975919
2023-02-18T19:00:00Z,3976199
2023-02-18T18:00:00Z,3981689
2023-02-18T17:00:00Z,3982143
2023-02-18T16:00:00Z,3982598
2023-02-18T15:00:00Z,3983010
2023-02-18T14:00:00Z,3983394
2023-02-18T13:00:00Z,3983629
2023-02-18T12:00:00Z,3983896
2023-02-18T11:00:00Z,3984736
2023-02-18T10:00:00Z,3984936
2023-02-18T09:00:00Z,3985791
2023-02-18T08:00:00Z,4024655
2023-02-18T07:00:00Z,4024981
2023-02-18T06:00:00Z,4025338
2023-02-18T05:00:00Z,4026262
2023-02-18T04:00:00Z,4026490
2023-02-18T03:00:00Z,4026685
2023-02-18T02:00:00Z,4026906
2023-02-18T01:00:00Z,4027243
2023-02-18T00:00:00Z,4028782
2023-02-17T23:00:00Z,4029211
2023-02-17T22:00:00Z,4029437
2023-02-17T21:00:00Z,4030558
2023-02-17T20:00:00Z,4030931
2023-02-17T19:00:00Z,4031308
2023-02-17T18:00:00Z,4039851
2023-02-17T17:00:00Z,4040295
2023-02-17T16:00:00Z,4041457
2023-02-17T15:00:00Z,4041949
2023-02-17T14:00:00Z,4041960
2023-02-17T13:00:00Z,4042387
2023-02-17T12:00:00Z,4043728
2023-02-17T11:00:00Z,4044015
2023-02-17T10:00:00Z,4046689
2023-02-17T09:00:00Z,4047296
2023-02-17T08:00:00Z,4047313
2023-02-17T07:00:00Z,4048017
2023-02-17T06:00:00Z,4048483
2023-02-17T05:00:00Z,4052681
2023-02-17T04:00:00Z,4053243
2023-02-17T03:00:00Z,4053499
2023-02-17T02:00:00Z,4054255
2023-02-17T01:00:00Z,4055357
2023-02-17T00:00:00Z,4061624
2023-02-16T23:00:00Z,4061706
2023-02-16T22:00:00Z,4068053
2023-02-16T21:00:00Z,4068482
2023-02-16T20:00:00Z,4068798
2023-02-16T19:00:00Z,4069203
2023-02-16T18:00:00Z,4069615
2023-02-16T17:00:00Z,4070705
2023-02-16T16:00:00Z,4071986
2023-02-16T15:00:00Z,4072765
2023-02-16T14:00:00Z,4074967
2023-02-16T13:00:00Z,4076901
2023-02-16T12:00:00Z,4088715
2023-02-16T11:00:00Z,4092263
2023-02-16T10:00:00Z,4092809
2023-02-16T09:00:00Z,4093683
2023-02-16T08:00:00Z,4093691
2023-02-16T07:00:00Z,4094548
2023-02-16T06:00:00Z,4095145
2023-02-16T05:00:00Z,4096354
2023-02-16T04:00:00Z,4096896
2023-02-16T03:00:00Z,4102515
2023-02-16T02:00:00Z,4103247
2023-02-16T01:00:00Z,4104312
2023-02-16T00:00:00Z,4104966
2023-02-15T23:00:00Z,4105501
2023-02-15T22:00:00Z,4106167
2023-02-15T21:00:00Z,4118139
2023-02-15T20:00:00Z,4118919
2023-02-15T19:00:00Z,4119547
2023-02-15T18:00:00Z,4120011
2023-02-15T17:00:00Z,4127330
2023-02-15T16:00:00Z,4129073
2023-02-15T15:00:00Z,4132280
2023-02-15T14:00:00Z,4132677
2023-02-15T13:00:00Z,4133352
2023-02-15T12:00:00Z,4139632
2023-02-15T11:00:00Z,4140266
2023-02-15T10:00:00Z,4140583
2023-02-15T09:00:00Z,4141337
2023-02-15T08:00:00Z,4141734
2023-02-15T07:00:00Z,4142369
2023-02-15T06:00:00Z,4143124
2023-02-15T05:00:00Z,4143124
2023-02-15T04:00:00Z,4144290
2023-02-15T03:00:00Z,4144656
2023-02-15T02:00:00Z,4144767
2023-02-15T01:00:00Z,4146202
2023-02-15T00:00:00Z,4146552
2023-02-14T23:00:00Z,4152471
2023-02-14T22:00:00Z,4152936
2023-02-14T21:00:00Z,4153149
2023-02-14T20:00:00Z,4154810
2023-02-14T19:00:00Z,4155281
2023-02-14T18:00:00Z,4155615
2023-02-14T17:00:00Z,4156393
2023-02-14T16:00:00Z,4156600
2023-02-14T15:00:00Z,4169366
2023-02-14T14:00:00Z,4169763
2023-02-14T13:00:00Z,4170303
2023-02-14T12:00:00Z,4170486
2023-02-14T11:00:00Z,4172642
2023-02-14T10:00:00Z,4173309
2023-02-14T09:00:00Z,4176459
2023-02-14T08:00:00Z,4177006
2023-02-14T07:00:00Z,4177416
2023-02-14T06:00:00Z,4177946
2023-02-14T05:00:00Z,4178058
2023-02-14T04:00:00Z,4178611
2023-02-14T03:00:00Z,4179050
2023-02-14T02:00:00Z,4179337
2023-02-14T01:00:00Z,4179817
2023-02-14T00:00:00Z,4179963
2023-02-13T23:00:00Z,4180323
2023-02-13T22:00:00Z,4180619
2023-02-13T21:00:00Z,4180985
2023-02-13T20:00:00Z,4181296
2023-02-13T19:00:00Z,4188690
2023-02-13T18:00:00Z,4189319
2023-02-13T17:00:00Z,4190030
2023-02-13T16:00:00Z,4191115
2023-02-13T15:00:00Z,4191613
2023-02-13T14:00:00Z,4191954
2023-02-13T13:00:00Z,4192181
2023-02-13T12:00:00Z,4195790
2023-02-13T11:00:00Z,4196437
2023-02-13T10:00:00Z,4197682
2023-02-13T09:00:00Z,4200424
2023-02-13T08:00:00Z,4222320
2023-02-13T07:00:00Z,4222767
2023-02-13T06:00:00Z,4223860
2023-02-13T05:00:00Z,4224067
2023-02-13T04:00:00Z,4224226
2023-02-13T03:00:00Z,4224433
2023-02-13T02:00:00Z,4225942
2023-02-13T01:00:00Z,4229762
2023-02-13T00:00:00Z,4230145
2023-02-12T23:00:00Z,4230870
2023-02-12T22:00:00Z,4231186
2023-02-12T21:00:00Z,4232332
2023-02-12T20:00:00Z,4241482
2023-02-12T19:00:00Z,4242568
2023-02-12T18:00:00Z,4243175
2023-02-12T17:00:00Z,4243622
2023-02-12T16:00:00Z,4244175
2023-02-12T15:00:00Z,4245572
2023-02-12T14:00:00Z,4246182
2023-02-12T13:00:00Z,4249280
2023-02-12T12:00:00Z,4249697
2023-02-12T11:00:00Z,4253534
2023-02-12T10:00:00Z,4253904
2023-02-12T09:00:00Z,4254275
2023-02-12T08:00:00Z,4254884
2023-02-12T07:00:00Z,4255199
2023-02-12T06:00:00Z,4255944
2023-02-12T05:00:00Z,4256111
2023-02-12T04:00:00Z,4256238
2023-02-12T03:00:00Z,4256558
2023-02-12T02:00:00Z,4257028
2023-02-12T01:00:00Z,4257448
2023-02-12T00:00:00Z,4257722
2023-02-11T23:00:00Z,4258003
2023-02-11T22:00:00Z,4259952
2023-02-11T21:00:00Z,4260424
2023-02-11T20:00:00Z,4261511
2023-02-11T19:00:00Z,4262082
2023-02-11T18:00:00Z,4262614
2023-02-11T17:00:00Z,4263086
2023-02-11T16:00:00Z,4263444
2023-02-11T15:00:00Z,4263880
2023-02-11T14:00:00Z,4264303
2023-02-11T13:00:00Z,4264657
2023-02-11T12:00:00Z,4265776
2023-02-11T11:00:00Z,4266140
2023-02-11T10:00:00Z,4266382
2023-02-11T09:00:00Z,4266533
2023-02-11T08:00:00Z,4266959
2023-02-11T07:00:00Z,4267238
2023-02-11T06:00:00Z,4267457
2023-02-11T05:00:00Z,4267767
2023-02-11T04:00:00Z,4268014
2023-02-11T03:00:00Z,4268210
2023-02-11T02:00:00Z,4268742
2023-02-11T01:00:00Z,4273571
2023-02-11T00:00:00Z,4273860
2023-02-10T23:00:00Z,4274189
2023-02-10T22:00:00Z,4275106
2023-02-10T21:00:00Z,4275589
2023-02-10T20:00:00Z,4276062
2023-02-10T19:00:00Z,4276791
2023-02-10T18:00:00Z,4277242
2023-02-10T17:00:00Z,4278215
2023-02-10T16:00:00Z,4278815
2023-02-10T15:00:00Z,4280085
2023-02-10T14:00:00Z,4281232
2023-02-10T13:00:00Z,4286618
2023-02-10T12:00:00Z,4287090
2023-02-10T11:00:00Z,4291744
2023-02-10T10:00:00Z,4298172
2023-02-10T09:00:00Z,4298726
2023-02-10T08:00:00Z,4299378
2023-02-10T07:00:00Z,4300693
2023-02-10T06:00:00Z,4301143
2023-02-10T05:00:00Z,4301402
2023-02-10T04:00:00Z,4302532
2023-02-10T03:00:00Z,4303587
2023-02-10T02:00:00Z,4349716
2023-02-10T01:00:00Z,4350375
2023-02-10T00:00:00Z,4351188
2023-02-09T23:00:00Z,4351796
2023-02-09T22:00:00Z,4353522
2023-02-09T21:00:00Z,4354696
2023-02-09T20:00:00Z,4355209
2023-02-09T19:00:00Z,4355645
2023-02-09T18:00:00Z,4356056
2023-02-09T17:00:00Z,4360025
2023-02-09T16:00:00Z,4361439
2023-02-09T15:00:00Z,4363177
2023-02-09T14:00:00Z,4364031
2023-02-09T13:00:00Z,4366788
2023-02-09T12:00:00Z,4368062
2023-02-09T11:00:00Z,4368799
2023-02-09T10:00:00Z,4372175
2023-02-09T09:00:00Z,4372684
2023-02-09T08:00:00Z,4373187
2023-02-09T07:00:00Z,4378928
2023-02-09T06:00:00Z,4381679
2023-02-09T05:00:00Z,4383000
2023-02-09T04:00:00Z,4383919
2023-02-09T03:00:00Z,4385369
2023-02-09T02:00:00Z,4387283
2023-02-09T01:00:00Z,4388079
2023-02-09T00:00:00Z,4388666
2023-02-08T23:00:00Z,4389624
2023-02-08T22:00:00Z,4496624
2023-02-08T21:00:00Z,4497817
2023-02-08T20:00:00Z,4541079
2023-02-08T19:00:00Z,4541716
2023-02-08T18:00:00Z,4543773
2023-02-08T17:00:00Z,4545567
2023-02-08T16:00:00Z,4599592
2023-02-08T15:00:00Z,4635712
2023-02-08T14:00:00Z,4637417
2023-02-08T13:00:00Z,4639580
2023-02-08T12:00:00Z,4640349
2023-02-08T11:00:00Z,4641766
2023-02-08T10:00:00Z,4642876
2023-02-08T09:00:00Z,4644128
2023-02-08T08:00:00Z,4645360
2023-02-08T07:00:00Z,4647368
2023-02-08T06:00:00Z,4651379
2023-02-08T05:00:00Z,4651379
2023-02-08T04:00:00Z,4653377
2023-02-08T03:00:00Z,4654604
2023-02-08T02:00:00Z,4655659
2023-02-08T01:00:00Z,4658242
2023-02-08T00:00:00Z,4661262
2023-02-07T23:00:00Z,4663036
2023-02-07T22:00:00Z,4664100
2023-02-07T21:00:00Z,4666632
2023-02-07T20:00:00Z,4667546
2023-02-07T19:00:00Z,4668071
2023-02-07T18:00:00Z,4669157
2023-02-07T17:00:00Z,4682521
2023-02-07T16:00:00Z,4685918
2023-02-07T15:00:00Z,4687455
2023-02-07T14:00:00Z,4689219
2023-02-07T13:00:00Z,4691119
2023-02-07T12:00:00Z,4694414
2023-02-07T11:00:00Z,4695171
2023-02-07T10:00:00Z,4703288
2023-02-07T09:00:00Z,4704365
2023-02-07T08:00:00Z,4711056
2023-02-07T07:00:00Z,4717448
2023-02-07T06:00:00Z,4724922
2023-02-07T05:00:00Z,4726092
2023-02-07T04:00:00Z,4726807
2023-02-07T03:00:00Z,4728037
2023-02-07T02:00:00Z,4728478
2023-02-07T01:00:00Z,4729441
2023-02-07T00:00:00Z,4730019
2023-02-06T23:00:00Z,4732676
2023-02-06T22:00:00Z,4734921
2023-02-06T21:00:00Z,4736606
2023-02-06T20:00:00Z,4965226
2023-02-06T19:00:00Z,4965533
2023-02-06T18:00:00Z,4967833
2023-02-06T17:00:00Z,4969078
2023-02-06T16:00:00Z,4970655
2023-02-06T15:00:00Z,4971699
2023-02-06T14:00:00Z,4974022
2023-02-06T13:00:00Z,5004822
2023-02-06T12:00:00Z,5009149
2023-02-06T11:00:00Z,5010922
2023-02-06T10:00:00Z,5012161
2023-02-06T09:00:00Z,5013254
2023-02-06T08:00:00Z,5015031
2023-02-06T07:00:00Z,5016603
2023-02-06T06:00:00Z,5034328
2023-02-06T05:00:00Z,5036618
2023-02-06T04:00:00Z,5039646
2023-02-06T03:00:00Z,5042066
2023-02-06T02:00:00Z,5043761
2023-02-06T01:00:00Z,5054345
2023-02-06T00:00:00Z,5056972
2023-02-05T23:00:00Z,5058620
2023-02-05T22:00:00Z,5060153
2023-02-05T21:00:00Z,5061960
2023-02-05T20:00:00Z,5063875
2023-02-05T19:00:00Z,5066361
2023-02-05T18:00:00Z,5068092
2023-02-05T17:00:00Z,5071287
2023-02-05T16:00:00Z,5073182
2023-02-05T15:00:00Z,5075850
2023-02-05T14:00:00Z,5079676
2023-02-05T13:00:00Z,5082071
2023-02-05T12:00:00Z,5084292
2023-02-05T11:00:00Z,5086212
2023-02-05T10:00:00Z,5087676
2023-02-05T09:00:00Z,5094150
2023-02-05T08:00:00Z,5097240
2023-02-05T07:00:00Z,5100846
2023-02-05T06:00:00Z,5102039
2023-02-05T05:00:00Z,5104055
2023-02-05T04:00:00Z,5107099
2023-02-05T03:00:00Z,5108595
2023-02-05T02:00:00Z,5111739
2023-02-05T01:00:00Z,5113223
2023-02-05T00:00:00Z,5114702
2023-02-04T23:00:00Z,5115870
2023-02-04T22:00:00Z,5117837
2023-02-04T21:00:00Z,5119143
2023-02-04T20:00:00Z,5120650
2023-02-04T19:00:00Z,5123626
2023-02-04T18:00:00Z,5128851
2023-02-04T17:00:00Z,5131075
2023-02-04T16:00:00Z,5132376
2023-02-04T15:00:00Z,5135170
2023-02-04T14:00:00Z,5138021
2023-02-04T13:00:00Z,5141226
2023-02-04T12:00:00Z,5143447
2023-02-04T11:00:00Z,null
2023-02-04T10:00:00Z,null
2023-02-04T09:00:00Z,null
2023-02-04T08:00:00Z,null
2023-02-04T07:00:00Z,null
2023-02-04T06:00:00Z,null
2023-02-04T05:00:00Z,null
2023-02-04T04:00:00Z,null
2023-02-04T03:00:00Z,null
2023-02-04T02:00:00Z,null
2023-02-04T01:00:00Z,null
2023-02-04T00:00:00Z,null
2023-02-03T23:00:00Z,null
2023-02-03T22:00:00Z,null
2023-02-03T21:00:00Z,null
2023-02-03T20:00:00Z,null
2023-02-03T19:00:00Z,null
2023-02-03T18:00:00Z,null
2023-02-03T17:00:00Z,null
2023-02-03T16:00:00Z,null
2023-02-03T15:00:00Z,null
2023-02-03T14:00:00Z,null
2023-02-03T13:00:00Z,null
2023-02-03T12:00:00Z,5281654
2023-02-03T11:00:00Z,5291801
2023-02-03T10:00:00Z,5293447
2023-02-03T09:00:00Z,5294824
2023-02-03T08:00:00Z,5297383
2023-02-03T07:00:00Z,5299511
2023-02-03T06:00:00Z,5301289
2023-02-03T05:00:00Z,5302506
2023-02-03T04:00:00Z,5304434
2023-02-03T03:00:00Z,5329337
2023-02-03T02:00:00Z,5331273
2023-02-03T01:00:00Z,5334334
2023-02-03T00:00:00Z,5335757
2023-02-02T23:00:00Z,5348773
2023-02-02T22:00:00Z,5351738
2023-02-02T21:00:00Z,5354491
2023-02-02T20:00:00Z,5358209
2023-02-02T19:00:00Z,5361735
2023-02-02T18:00:00Z,5363749
2023-02-02T17:00:00Z,5366449
2023-02-02T16:00:00Z,5391930
2023-02-02T15:00:00Z,5399861
2023-02-02T14:00:00Z,5409615
2023-02-02T13:00:00Z,5417008
2023-02-02T12:00:00Z,5438598
2023-02-02T11:00:00Z,5442379
2023-02-02T10:00:00Z,5448172
2023-02-02T09:00:00Z,5453128
2023-02-02T08:00:00Z,5455792
2023-02-02T07:00:00Z,5466718
2023-02-02T06:00:00Z,5471203
2023-02-02T05:00:00Z,5477423
2023-02-02T04:00:00Z,5490369
2023-02-02T03:00:00Z,5493818
2023-02-02T02:00:00Z,5505536
2023-02-02T01:00:00Z,5534192
2023-02-02T00:00:00Z,5544757
2023-02-01T23:00:00Z,5552129
2023-02-01T22:00:00Z,5557395
2023-02-01T21:00:00Z,5564210
2023-02-01T20:00:00Z,5571595
2023-02-01T19:00:00Z,5585451
2023-02-01T18:00:00Z,5614620
2023-02-01T17:00:00Z,5622086
2023-02-01T16:00:00Z,5635950
2023-02-01T15:00:00Z,5663850
2023-02-01T14:00:00Z,5672864
2023-02-01T13:00:00Z,5687375
2023-02-01T12:00:00Z,5704441
2023-02-01T11:00:00Z,5712722
2023-02-01T10:00:00Z,5722516
2023-02-01T09:00:00Z,5732806
2023-02-01T08:00:00Z,5856432
2023-02-01T07:00:00Z,5857086
2023-02-01T06:00:00Z,5874206
2023-02-01T05:00:00Z,5874206
2023-02-01T04:00:00Z,5881858
2023-02-01T03:00:00Z,5901398
2023-02-01T02:00:00Z,5907227
2023-02-01T01:00:00Z,5911725
2023-02-01T00:00:00Z,6122291
2023-01-31T23:00:00Z,6129002
2023-01-31T22:00:00Z,6138658
2023-01-31T21:00:00Z,6145755
2023-01-31T20:00:00Z,6159233
2023-01-31T19:00:00Z,6175759
2023-01-31T18:00:00Z,6183615
2023-01-31T17:00:00Z,6229141
2023-01-31T16:00:00Z,6251685
2023-01-31T15:00:00Z,6285698
2023-01-31T14:00:00Z,6304639
2023-01-31T13:00:00Z,6334199
2023-01-31T12:00:00Z,6381687
2023-01-31T11:00:00Z,6403519
2023-01-31T10:00:00Z,6448657
2023-01-31T09:00:00Z,6466717
2023-01-31T08:00:00Z,6473252
2023-01-31T07:00:00Z,6827703
2023-01-31T06:00:00Z,6841449
2023-01-31T05:00:00Z,6856776
2023-01-31T04:00:00Z,6878671
2023-01-31T03:00:00Z,6898060
2023-01-31T02:00:00Z,6928957
2023-01-31T01:00:00Z,6942686
2023-01-31T00:00:00Z,6979406
2023-01-30T23:00:00Z,7003137
2023-01-30T22:00:00Z,7018017
2023-01-30T21:00:00Z,7042407
2023-01-30T20:00:00Z,7056751
2023-01-30T19:00:00Z,7132320
2023-01-30T18:00:00Z,7459722
2023-01-30T17:00:00Z,7488394
2023-01-30T16:00:00Z,7520972
2023-01-30T15:00:00Z,null
2023-01-30T14:00:00Z,null
2023-01-30T13:00:00Z,null
2023-01-30T12:00:00Z,null
2023-01-30T11:00:00Z,null
2023-01-30T10:00:00Z,null
2023-01-30T09:00:00Z,null
2023-01-30T08:00:00Z,null
2023-01-30T07:00:00Z,null
2023-01-30T06:00:00Z,null
2023-01-30T05:00:00Z,null
2023-01-30T04:00:00Z,null
2023-01-30T03:00:00Z,null
2023-01-30T02:00:00Z,null
2023-01-30T01:00:00Z,null
2023-01-30T00:00:00Z,null
2023-01-29T23:00:00Z,null
2023-01-29T22:00:00Z,null
2023-01-29T21:00:00Z,null
2023-01-29T20:00:00Z,null
2023-01-29T19:00:00Z,null
2023-01-29T18:00:00Z,null
2023-01-29T17:00:00Z,null
2023-01-29T16:00:00Z,null
2023-01-29T15:00:00Z,null
2023-01-29T14:00:00Z,null
2023-01-29T13:00:00Z,null
2023-01-29T12:00:00Z,null
2023-01-29T11:00:00Z,null
2023-01-29T10:00:00Z,null
2023-01-29T09:00:00Z,null
2023-01-29T08:00:00Z,null
2023-01-29T07:00:00Z,null
2023-01-29T06:00:00Z,null
2023-01-29T05:00:00Z,null
2023-01-29T04:00:00Z,null
2023-01-29T03:00:00Z,null
2023-01-29T02:00:00Z,null
2023-01-29T01:00:00Z,null
2023-01-29T00:00:00Z,null
2023-01-28T23:00:00Z,null
2023-01-28T22:00:00Z,null
2023-01-28T21:00:00Z,null
2023-01-28T20:00:00Z,null
2023-01-28T19:00:00Z,null
2023-01-28T18:00:00Z,null
2023-01-28T17:00:00Z,null
2023-01-28T16:00:00Z,null
2023-01-28T15:00:00Z,null
2023-01-28T14:00:00Z,null
2023-01-28T13:00:00Z,null
2023-01-28T12:00:00Z,null
2023-01-28T11:00:00Z,null
2023-01-28T10:00:00Z,null
2023-01-28T09:00:00Z,null
2023-01-28T08:00:00Z,null
2023-01-28T07:00:00Z,null
2023-01-28T06:00:00Z,null
2023-01-28T05:00:00Z,null
2023-01-28T04:00:00Z,null
2023-01-28T03:00:00Z,null
2023-01-28T02:00:00Z,null
2023-01-28T01:00:00Z,null
2023-01-28T00:00:00Z,null
2023-01-27T23:00:00Z,null
2023-01-27T22:00:00Z,null
2023-01-27T21:00:00Z,null
2023-01-27T20:00:00Z,null
2023-01-27T19:00:00Z,null
2023-01-27T18:00:00Z,null
2023-01-27T17:00:00Z,null
2023-01-27T16:00:00Z,null
2023-01-27T15:00:00Z,null
2023-01-27T14:00:00Z,null
2023-01-27T13:00:00Z,null
2023-01-27T12:00:00Z,null
2023-01-27T11:00:00Z,null
2023-01-27T10:00:00Z,null
2023-01-27T09:00:00Z,null
2023-01-27T08:00:00Z,null
2023-01-27T07:00:00Z,null
2023-01-27T06:00:00Z,null
2023-01-27T05:00:00Z,null
2023-01-27T04:00:00Z,null
2023-01-27T03:00:00Z,null
2023-01-27T02:00:00Z,null
2023-01-27T01:00:00Z,null
2023-01-27T00:00:00Z,null
2023-01-26T23:00:00Z,null
2023-01-26T22:00:00Z,null
2023-01-26T21:00:00Z,null
2023-01-26T20:00:00Z,null
2023-01-26T19:00:00Z,null
2023-01-26T18:00:00Z,null
2023-01-26T17:00:00Z,null
2023-01-26T16:00:00Z,null
2023-01-26T15:00:00Z,null
2023-01-26T14:00:00Z,null
2023-01-26T13:00:00Z,null
2023-01-26T12:00:00Z,null
2023-01-26T11:00:00Z,null
2023-01-26T10:00:00Z,null
2023-01-26T09:00:00Z,null
2023-01-26T08:00:00Z,null
2023-01-26T07:00:00Z,null
2023-01-26T06:00:00Z,null
2023-01-26T05:00:00Z,null
2023-01-26T04:00:00Z,null
2023-01-26T03:00:00Z,null
2023-01-26T02:00:00Z,null
2023-01-26T01:00:00Z,null
2023-01-26T00:00:00Z,null
2023-01-25T23:00:00Z,null
2023-01-25T22:00:00Z,null
2023-01-25T21:00:00Z,null
2023-01-25T20:00:00Z,null
2023-01-25T19:00:00Z,null
2023-01-25T18:00:00Z,null
2023-01-25T17:00:00Z,null
2023-01-25T16:00:00Z,null
2023-01-25T15:00:00Z,null
2023-01-25T14:00:00Z,null
2023-01-25T13:00:00Z,null
2023-01-25T12:00:00Z,null
2023-01-25T11:00:00Z,null
2023-01-25T10:00:00Z,null
2023-01-25T09:00:00Z,null
2023-01-25T08:00:00Z,null
2023-01-25T07:00:00Z,null
2023-01-25T06:00:00Z,null
2023-01-25T05:00:00Z,null
2023-01-25T04:00:00Z,null
2023-01-25T03:00:00Z,null
2023-01-25T02:00:00Z,null
2023-01-25T01:00:00Z,null
2023-01-25T00:00:00Z,null
2023-01-24T23:00:00Z,null
2023-01-24T22:00:00Z,null
2023-01-24T21:00:00Z,null
2023-01-24T20:00:00Z,null
2023-01-24T19:00:00Z,null
2023-01-24T18:00:00Z,null
2023-01-24T17:00:00Z,null
2023-01-24T16:00:00Z,null
2023-01-24T15:00:00Z,null
2023-01-24T14:00:00Z,null
2023-01-24T13:00:00Z,null
2023-01-24T12:00:00Z,null
2023-01-24T11:00:00Z,null
2023-01-24T10:00:00Z,null
2023-01-24T09:00:00Z,null
2023-01-24T08:00:00Z,null
2023-01-24T07:00:00Z,null
2023-01-24T06:00:00Z,null
2023-01-24T05:00:00Z,null
2023-01-24T04:00:00Z,null
2023-01-24T03:00:00Z,null
2023-01-24T02:00:00Z,null
2023-01-24T01:00:00Z,null
2023-01-24T00:00:00Z,null
2023-01-23T23:00:00Z,null
2023-01-23T22:00:00Z,null
2023-01-23T21:00:00Z,null
2023-01-23T20:00:00Z,null
2023-01-23T19:00:00Z,null
2023-01-23T18:00:00Z,null
2023-01-23T17:00:00Z,null
2023-01-23T16:00:00Z,null
2023-01-23T15:00:00Z,null
2023-01-23T14:00:00Z,null
2023-01-23T13:00:00Z,null
2023-01-23T12:00:00Z,null
2023-01-23T11:00:00Z,null
2023-01-23T10:00:00Z,null
2023-01-23T09:00:00Z,null
2023-01-23T08:00:00Z,null
2023-01-23T07:00:00Z,null
2023-01-23T06:00:00Z,null
2023-01-23T05:00:00Z,null
2023-01-23T04:00:00Z,null
2023-01-23T03:00:00Z,null
2023-01-23T02:00:00Z,null
2023-01-23T01:00:00Z,null
2023-01-23T00:00:00Z,null
2023-01-22T23:00:00Z,null
2023-01-22T22:00:00Z,null
2023-01-22T21:00:00Z,null
2023-01-22T20:00:00Z,null
2023-01-22T19:00:00Z,null
2023-01-22T18:00:00Z,null
2023-01-22T17:00:00Z,null
2023-01-22T16:00:00Z,null
2023-01-22T15:00:00Z,null
2023-01-22T14:00:00Z,null
2023-01-22T13:00:00Z,null
2023-01-22T12:00:00Z,null
2023-01-22T11:00:00Z,null
2023-01-22T10:00:00Z,null
2023-01-22T09:00:00Z,null
2023-01-22T08:00:00Z,null
2023-01-22T07:00:00Z,null
2023-01-22T06:00:00Z,null
2023-01-22T05:00:00Z,null
2023-01-22T04:00:00Z,null
2023-01-22T03:00:00Z,null
2023-01-22T02:00:00Z,null
2023-01-22T01:00:00Z,null
2023-01-22T00:00:00Z,null
2023-01-21T23:00:00Z,null
2023-01-21T22:00:00Z,null
2023-01-21T21:00:00Z,null
2023-01-21T20:00:00Z,null
2023-01-21T19:00:00Z,null
2023-01-21T18:00:00Z,null
2023-01-21T17:00:00Z,null
