timestamp,amounts,ibc/ED07A3391A112B175915CD8FAF43A2DA8E4790EDE12566649D0C2F97716B8518
2023-05-08T02:00:00Z,7761387707
2023-05-08T01:00:00Z,7759264196
2023-05-08T00:00:00Z,7752264196
2023-05-07T23:00:00Z,7752264196
2023-05-07T22:00:00Z,7752441270
2023-05-07T21:00:00Z,7752441270
2023-05-07T20:00:00Z,7773329325
2023-05-07T19:00:00Z,7773329325
2023-05-07T18:00:00Z,7773329325
2023-05-07T17:00:00Z,7777086590
2023-05-07T16:00:00Z,7792197365
2023-05-07T15:00:00Z,7792197365
2023-05-07T14:00:00Z,7792197365
2023-05-07T13:00:00Z,7801154747
2023-05-07T12:00:00Z,7805290953
2023-05-07T11:00:00Z,7796854644
2023-05-07T10:00:00Z,7803578834
2023-05-07T09:00:00Z,7803578834
2023-05-07T08:00:00Z,7815283412
2023-05-07T07:00:00Z,7815283412
2023-05-07T06:00:00Z,7815663558
2023-05-07T05:00:00Z,7815663558
2023-05-07T04:00:00Z,7815663558
2023-05-07T03:00:00Z,7815663558
2023-05-07T02:00:00Z,7815663558
2023-05-07T01:00:00Z,7837460496
2023-05-07T00:00:00Z,7837460496
2023-05-06T23:00:00Z,7824671186
2023-05-06T22:00:00Z,7821692493
2023-05-06T21:00:00Z,7828876118
2023-05-06T20:00:00Z,7828876118
2023-05-06T19:00:00Z,7823870511
2023-05-06T18:00:00Z,7823870511
2023-05-06T17:00:00Z,7823870511
2023-05-06T16:00:00Z,7837827201
2023-05-06T15:00:00Z,7825649092
2023-05-06T14:00:00Z,7785881931
2023-05-06T13:00:00Z,7792178821
2023-05-06T12:00:00Z,7785485781
2023-05-06T11:00:00Z,7785485781
2023-05-06T10:00:00Z,7802192178
2023-05-06T09:00:00Z,7793767352
2023-05-06T08:00:00Z,7793767352
2023-05-06T07:00:00Z,7793767352
2023-05-06T06:00:00Z,7811713197
2023-05-06T05:00:00Z,7808178713
2023-05-06T04:00:00Z,7808178713
2023-05-06T03:00:00Z,7808178713
2023-05-06T02:00:00Z,7828594420
2023-05-06T01:00:00Z,7866473067
2023-05-06T00:00:00Z,7860594891
2023-05-05T23:00:00Z,7860703251
2023-05-05T22:00:00Z,7860703251
2023-05-05T21:00:00Z,7864037212
2023-05-05T20:00:00Z,7864037212
2023-05-05T19:00:00Z,7854127809
2023-05-05T18:00:00Z,7851945992
2023-05-05T17:00:00Z,7864382198
2023-05-05T16:00:00Z,7839996498
2023-05-05T15:00:00Z,7821607222
2023-05-05T14:00:00Z,7816224920
2023-05-05T13:00:00Z,7819126068
2023-05-05T12:00:00Z,7815149288
2023-05-05T11:00:00Z,7815149288
2023-05-05T10:00:00Z,7828287262
2023-05-05T09:00:00Z,7828287262
2023-05-05T08:00:00Z,7828283907
2023-05-05T07:00:00Z,7836202073
2023-05-05T06:00:00Z,7836202073
2023-05-05T05:00:00Z,7836202073
2023-05-05T04:00:00Z,7836202073
2023-05-05T03:00:00Z,7836202073
2023-05-05T02:00:00Z,7838737274
2023-05-05T01:00:00Z,7838737274
2023-05-05T00:00:00Z,7838737274
2023-05-04T23:00:00Z,7838737274
2023-05-04T22:00:00Z,7807872022
2023-05-04T21:00:00Z,7810456156
2023-05-04T20:00:00Z,7809005358
2023-05-04T19:00:00Z,7809214898
2023-05-04T18:00:00Z,7810977841
2023-05-04T17:00:00Z,7810977841
2023-05-04T16:00:00Z,7810977841
2023-05-04T15:00:00Z,7816039900
2023-05-04T14:00:00Z,7816039900
2023-05-04T13:00:00Z,7854826646
2023-05-04T12:00:00Z,7854826646
2023-05-04T11:00:00Z,7854826646
2023-05-04T10:00:00Z,7854826646
2023-05-04T09:00:00Z,7851467608
2023-05-04T08:00:00Z,7851467608
2023-05-04T07:00:00Z,7868880117
2023-05-04T06:00:00Z,7877124214
2023-05-04T05:00:00Z,7877124214
2023-05-04T04:00:00Z,7877124214
2023-05-04T03:00:00Z,7880418608
2023-05-04T02:00:00Z,7917158415
2023-05-04T01:00:00Z,7917278544
2023-05-04T00:00:00Z,7917278544
2023-05-03T23:00:00Z,7917278544
2023-05-03T22:00:00Z,7891238544
2023-05-03T21:00:00Z,7892872778
2023-05-03T20:00:00Z,7892872778
2023-05-03T19:00:00Z,7895052812
2023-05-03T18:00:00Z,7910458629
2023-05-03T17:00:00Z,7910458629
2023-05-03T16:00:00Z,7910458629
2023-05-03T15:00:00Z,7910458629
2023-05-03T14:00:00Z,7917383558
2023-05-03T13:00:00Z,7917383558
2023-05-03T12:00:00Z,7921284167
2023-05-03T11:00:00Z,7921284167
2023-05-03T10:00:00Z,7921284167
2023-05-03T09:00:00Z,7921284167
2023-05-03T08:00:00Z,7921284167
2023-05-03T07:00:00Z,7922209319
2023-05-03T06:00:00Z,7922209319
2023-05-03T05:00:00Z,7871206604
2023-05-03T04:00:00Z,7874975475
2023-05-03T03:00:00Z,7876442207
2023-05-03T02:00:00Z,7880887915
2023-05-03T01:00:00Z,7883015748
2023-05-03T00:00:00Z,7888977549
2023-05-02T23:00:00Z,7891967206
2023-05-02T22:00:00Z,7885541376
2023-05-02T21:00:00Z,7888537452
2023-05-02T20:00:00Z,7823902088
2023-05-02T19:00:00Z,7821735021
2023-05-02T18:00:00Z,7848176592
2023-05-02T17:00:00Z,7867950030
2023-05-02T16:00:00Z,7860224086
2023-05-02T15:00:00Z,7898103793
2023-05-02T14:00:00Z,7898534711
2023-05-02T13:00:00Z,7903153175
2023-05-02T12:00:00Z,7904111572
2023-05-02T11:00:00Z,7904111572
2023-05-02T10:00:00Z,7908720602
2023-05-02T09:00:00Z,7927423305
2023-05-02T08:00:00Z,7939174966
2023-05-02T07:00:00Z,7939174966
2023-05-02T06:00:00Z,7939174966
2023-05-02T05:00:00Z,7929794318
2023-05-02T04:00:00Z,7929794318
2023-05-02T03:00:00Z,7929794318
2023-05-02T02:00:00Z,7914508029
2023-05-02T01:00:00Z,7914508029
2023-05-02T00:00:00Z,7914508029
2023-05-01T23:00:00Z,7914508029
2023-05-01T22:00:00Z,7862370350
2023-05-01T21:00:00Z,7862370350
2023-05-01T20:00:00Z,7862370350
2023-05-01T19:00:00Z,7862386325
2023-05-01T18:00:00Z,7862386325
2023-05-01T17:00:00Z,7862386325
2023-05-01T16:00:00Z,7882012862
2023-05-01T15:00:00Z,7882792060
2023-05-01T14:00:00Z,7882792060
2023-05-01T13:00:00Z,7882792060
2023-05-01T12:00:00Z,7882792060
2023-05-01T11:00:00Z,7882792060
2023-05-01T10:00:00Z,7896321756
2023-05-01T09:00:00Z,7903872852
2023-05-01T08:00:00Z,7903872852
2023-05-01T07:00:00Z,7903872852
2023-05-01T06:00:00Z,7904330584
2023-05-01T05:00:00Z,7904330584
2023-05-01T04:00:00Z,7904330584
2023-05-01T03:00:00Z,7900779026
2023-05-01T02:00:00Z,7894989026
2023-05-01T01:00:00Z,7894989026
2023-05-01T00:00:00Z,7894989026
2023-04-30T23:00:00Z,7887792489
2023-04-30T22:00:00Z,7887907190
2023-04-30T21:00:00Z,7887907190
2023-04-30T20:00:00Z,7889540680
2023-04-30T19:00:00Z,7889540680
2023-04-30T18:00:00Z,7910771347
2023-04-30T17:00:00Z,7898598767
2023-04-30T16:00:00Z,7898598767
2023-04-30T15:00:00Z,7899518993
2023-04-30T14:00:00Z,7898653314
2023-04-30T13:00:00Z,7922350378
2023-04-30T12:00:00Z,7946943576
2023-04-30T11:00:00Z,7946202957
2023-04-30T10:00:00Z,7946202957
2023-04-30T09:00:00Z,7972989876
2023-04-30T08:00:00Z,7972989876
2023-04-30T07:00:00Z,7965898461
2023-04-30T06:00:00Z,7965898461
2023-04-30T05:00:00Z,7961082058
2023-04-30T04:00:00Z,7961082058
2023-04-30T03:00:00Z,7992024563
2023-04-30T02:00:00Z,7992024563
2023-04-30T01:00:00Z,7992024563
2023-04-30T00:00:00Z,7992024563
2023-04-29T23:00:00Z,7992024563
2023-04-29T22:00:00Z,7977284563
2023-04-29T21:00:00Z,8048704034
2023-04-29T20:00:00Z,8077905989
2023-04-29T19:00:00Z,8075174823
2023-04-29T18:00:00Z,8075174823
2023-04-29T17:00:00Z,8075174823
2023-04-29T16:00:00Z,8075752149
2023-04-29T15:00:00Z,8081793676
2023-04-29T14:00:00Z,8083480541
2023-04-29T13:00:00Z,8083962632
2023-04-29T12:00:00Z,8096235802
2023-04-29T11:00:00Z,8097232122
2023-04-29T10:00:00Z,8095986715
2023-04-29T09:00:00Z,8097099060
2023-04-29T08:00:00Z,8097099060
2023-04-29T07:00:00Z,8097099060
2023-04-29T06:00:00Z,8106993299
2023-04-29T05:00:00Z,8107037151
2023-04-29T04:00:00Z,8107037151
2023-04-29T03:00:00Z,8107037151
2023-04-29T02:00:00Z,8107163223
2023-04-29T01:00:00Z,8109712727
2023-04-29T00:00:00Z,8097437654
2023-04-28T23:00:00Z,8097437654
2023-04-28T22:00:00Z,8097437654
2023-04-28T21:00:00Z,8100499982
2023-04-28T20:00:00Z,8098530137
2023-04-28T19:00:00Z,8067561252
2023-04-28T18:00:00Z,8067561252
2023-04-28T17:00:00Z,8067561252
2023-04-28T16:00:00Z,8051986233
2023-04-28T15:00:00Z,8049186233
2023-04-28T14:00:00Z,8049186233
2023-04-28T13:00:00Z,8061811759
2023-04-28T12:00:00Z,8061811759
2023-04-28T11:00:00Z,8061811759
2023-04-28T10:00:00Z,8061811759
2023-04-28T09:00:00Z,8029353025
2023-04-28T08:00:00Z,8029353025
2023-04-28T07:00:00Z,8029353025
2023-04-28T06:00:00Z,8029353025
2023-04-28T05:00:00Z,8029346314
2023-04-28T04:00:00Z,8029346314
2023-04-28T03:00:00Z,8029346314
2023-04-28T02:00:00Z,8029346314
2023-04-28T01:00:00Z,8029346314
2023-04-28T00:00:00Z,8029346314
2023-04-27T23:00:00Z,8029346314
2023-04-27T22:00:00Z,8029346314
2023-04-27T21:00:00Z,8043513317
2023-04-27T20:00:00Z,8043648776
2023-04-27T19:00:00Z,8043648776
2023-04-27T18:00:00Z,8043648776
2023-04-27T17:00:00Z,8045348838
2023-04-27T16:00:00Z,8056605761
2023-04-27T15:00:00Z,8050916866
2023-04-27T14:00:00Z,8050916866
2023-04-27T13:00:00Z,8071095549
2023-04-27T12:00:00Z,8071095549
2023-04-27T11:00:00Z,8071576351
2023-04-27T10:00:00Z,8087065552
2023-04-27T09:00:00Z,8087065552
2023-04-27T08:00:00Z,8087065552
2023-04-27T07:00:00Z,8087819873
2023-04-27T06:00:00Z,8087819873
2023-04-27T05:00:00Z,8091895355
2023-04-27T04:00:00Z,8101572219
2023-04-27T03:00:00Z,8101572219
2023-04-27T02:00:00Z,8100472219
2023-04-27T01:00:00Z,8100472219
2023-04-27T00:00:00Z,8098108430
2023-04-26T23:00:00Z,8098108430
2023-04-26T22:00:00Z,8098108430
2023-04-26T21:00:00Z,8098108430
2023-04-26T20:00:00Z,8098108430
2023-04-26T19:00:00Z,8098108430
2023-04-26T18:00:00Z,8112663336
2023-04-26T17:00:00Z,8112663336
2023-04-26T16:00:00Z,8112663336
2023-04-26T15:00:00Z,8112853350
2023-04-26T14:00:00Z,8097413902
2023-04-26T13:00:00Z,8111995778
2023-04-26T12:00:00Z,8124462464
2023-04-26T11:00:00Z,8124462464
2023-04-26T10:00:00Z,8124462464
2023-04-26T09:00:00Z,8133802783
2023-04-26T08:00:00Z,8135996254
2023-04-26T07:00:00Z,8135996254
2023-04-26T06:00:00Z,8135996254
2023-04-26T05:00:00Z,8135996254
2023-04-26T04:00:00Z,8130439973
2023-04-26T03:00:00Z,8130439973
2023-04-26T02:00:00Z,8129873430
2023-04-26T01:00:00Z,8129873430
2023-04-26T00:00:00Z,8129873430
2023-04-25T23:00:00Z,8129873430
2023-04-25T22:00:00Z,8125716243
2023-04-25T21:00:00Z,8125716243
2023-04-25T20:00:00Z,8125716243
2023-04-25T19:00:00Z,8136793078
2023-04-25T18:00:00Z,8176493362
2023-04-25T17:00:00Z,8129271188
2023-04-25T16:00:00Z,8129395340
2023-04-25T15:00:00Z,8120495610
2023-04-25T14:00:00Z,8116529282
2023-04-25T13:00:00Z,8116529282
2023-04-25T12:00:00Z,8130456644
2023-04-25T11:00:00Z,8157238117
2023-04-25T10:00:00Z,8201022217
2023-04-25T09:00:00Z,8201164381
2023-04-25T08:00:00Z,8201164381
2023-04-25T07:00:00Z,8201164381
2023-04-25T06:00:00Z,8202595689
2023-04-25T05:00:00Z,8202595689
2023-04-25T04:00:00Z,8202595689
2023-04-25T03:00:00Z,8202595689
2023-04-25T02:00:00Z,8202595689
2023-04-25T01:00:00Z,8202595689
2023-04-25T00:00:00Z,8202595689
2023-04-24T23:00:00Z,8202724541
2023-04-24T22:00:00Z,8202724541
2023-04-24T21:00:00Z,8202724541
2023-04-24T20:00:00Z,8211893312
2023-04-24T19:00:00Z,8211943726
2023-04-24T18:00:00Z,8211943726
2023-04-24T17:00:00Z,8227697681
2023-04-24T16:00:00Z,8247814242
2023-04-24T15:00:00Z,8247814242
2023-04-24T14:00:00Z,8260487235
2023-04-24T13:00:00Z,8260487235
2023-04-24T12:00:00Z,8299678789
2023-04-24T11:00:00Z,8348357629
2023-04-24T10:00:00Z,8321772255
2023-04-24T09:00:00Z,8332754354
2023-04-24T08:00:00Z,8341988048
2023-04-24T07:00:00Z,8341988048
2023-04-24T06:00:00Z,8341988048
2023-04-24T05:00:00Z,8341988048
2023-04-24T04:00:00Z,8326368602
2023-04-24T03:00:00Z,8326368602
2023-04-24T02:00:00Z,8326368602
2023-04-24T01:00:00Z,8326368602
2023-04-24T00:00:00Z,8326368602
2023-04-23T23:00:00Z,8330194928
2023-04-23T22:00:00Z,8330194928
2023-04-23T21:00:00Z,8330194928
2023-04-23T20:00:00Z,8319873412
2023-04-23T19:00:00Z,8319873412
2023-04-23T18:00:00Z,8310686999
2023-04-23T17:00:00Z,8306354193
2023-04-23T16:00:00Z,8307272571
2023-04-23T15:00:00Z,8308713420
2023-04-23T14:00:00Z,8297107912
2023-04-23T13:00:00Z,8299144507
2023-04-23T12:00:00Z,8307246757
2023-04-23T11:00:00Z,8309186243
2023-04-23T10:00:00Z,8289032648
2023-04-23T09:00:00Z,8289032648
2023-04-23T08:00:00Z,8289032648
2023-04-23T07:00:00Z,8289032648
2023-04-23T06:00:00Z,8289032648
2023-04-23T05:00:00Z,8289032648
2023-04-23T04:00:00Z,8281347947
2023-04-23T03:00:00Z,8281347947
2023-04-23T02:00:00Z,8281358089
2023-04-23T01:00:00Z,8281358089
2023-04-23T00:00:00Z,8281358089
2023-04-22T23:00:00Z,8258584655
2023-04-22T22:00:00Z,8258584655
2023-04-22T21:00:00Z,8258584655
2023-04-22T20:00:00Z,8258584655
2023-04-22T19:00:00Z,8258584655
2023-04-22T18:00:00Z,8258584655
2023-04-22T17:00:00Z,8258584655
2023-04-22T16:00:00Z,8225983692
2023-04-22T15:00:00Z,8225983692
2023-04-22T14:00:00Z,8225983692
2023-04-22T13:00:00Z,8225983692
2023-04-22T12:00:00Z,8251411562
2023-04-22T11:00:00Z,8251411562
2023-04-22T10:00:00Z,8251411562
2023-04-22T09:00:00Z,8251411562
2023-04-22T08:00:00Z,8228099677
2023-04-22T07:00:00Z,8228099677
2023-04-22T06:00:00Z,8266343669
2023-04-22T05:00:00Z,8266343669
2023-04-22T04:00:00Z,8262043775
2023-04-22T03:00:00Z,8262043775
2023-04-22T02:00:00Z,8262043775
2023-04-22T01:00:00Z,8262043775
2023-04-22T00:00:00Z,8245265390
2023-04-21T23:00:00Z,8245265390
2023-04-21T22:00:00Z,8245265390
2023-04-21T21:00:00Z,8242784307
2023-04-21T20:00:00Z,8254723297
2023-04-21T19:00:00Z,8252573297
2023-04-21T18:00:00Z,8252530781
2023-04-21T17:00:00Z,8252530781
2023-04-21T16:00:00Z,8253098038
2023-04-21T15:00:00Z,8271319290
2023-04-21T14:00:00Z,8266662261
2023-04-21T13:00:00Z,8303364528
2023-04-21T12:00:00Z,8307994628
2023-04-21T11:00:00Z,8309812024
2023-04-21T10:00:00Z,8309812024
2023-04-21T09:00:00Z,8309812024
2023-04-21T08:00:00Z,8309812024
2023-04-21T07:00:00Z,8309812024
2023-04-21T06:00:00Z,8350321938
2023-04-21T05:00:00Z,8350321938
2023-04-21T04:00:00Z,8350321938
2023-04-21T03:00:00Z,8350321938
2023-04-21T02:00:00Z,8350331296
2023-04-21T01:00:00Z,8332997712
2023-04-21T00:00:00Z,8332481092
2023-04-20T23:00:00Z,8332481092
2023-04-20T22:00:00Z,8332481092
2023-04-20T21:00:00Z,8332488383
2023-04-20T20:00:00Z,8332488383
2023-04-20T19:00:00Z,8332488383
2023-04-20T18:00:00Z,8332488383
2023-04-20T17:00:00Z,8333892737
2023-04-20T16:00:00Z,8333892737
2023-04-20T15:00:00Z,8333892737
2023-04-20T14:00:00Z,8333892737
2023-04-20T13:00:00Z,8333892737
2023-04-20T12:00:00Z,8354000808
2023-04-20T11:00:00Z,8354000808
2023-04-20T10:00:00Z,8354000808
2023-04-20T09:00:00Z,8354000808
2023-04-20T08:00:00Z,8328233215
2023-04-20T07:00:00Z,8328233215
2023-04-20T06:00:00Z,8328236873
2023-04-20T05:00:00Z,8328236873
2023-04-20T04:00:00Z,8313504981
2023-04-20T03:00:00Z,8313504981
2023-04-20T02:00:00Z,8313504981
2023-04-20T01:00:00Z,8305761024
2023-04-20T00:00:00Z,8305761024
2023-04-19T23:00:00Z,8305761024
2023-04-19T22:00:00Z,8301563358
2023-04-19T21:00:00Z,8335816093
2023-04-19T20:00:00Z,8335816093
2023-04-19T19:00:00Z,null
2023-04-19T18:00:00Z,8347395173
2023-04-19T17:00:00Z,8331477649
2023-04-19T16:00:00Z,8331477649
2023-04-19T15:00:00Z,8328810936
2023-04-19T14:00:00Z,8328810936
2023-04-19T13:00:00Z,8324099685
2023-04-19T12:00:00Z,8324099685
2023-04-19T11:00:00Z,8326363164
2023-04-19T10:00:00Z,8326363164
2023-04-19T09:00:00Z,8339096321
2023-04-19T08:00:00Z,8340000555
2023-04-19T07:00:00Z,8346681664
2023-04-19T06:00:00Z,8346681664
2023-04-19T05:00:00Z,8346700251
2023-04-19T04:00:00Z,8356455038
2023-04-19T03:00:00Z,8363543909
2023-04-19T02:00:00Z,8368241808
2023-04-19T01:00:00Z,8363833383
2023-04-19T00:00:00Z,8376922059
2023-04-18T23:00:00Z,8376922059
2023-04-18T22:00:00Z,8376922059
2023-04-18T21:00:00Z,8376922059
2023-04-18T20:00:00Z,8381482098
2023-04-18T19:00:00Z,8381482098
2023-04-18T18:00:00Z,8381482098
2023-04-18T17:00:00Z,8381482098
2023-04-18T16:00:00Z,8376360222
2023-04-18T15:00:00Z,8377438062
2023-04-18T14:00:00Z,8367196505
2023-04-18T13:00:00Z,8400106542
2023-04-18T12:00:00Z,8399806542
2023-04-18T11:00:00Z,8399806542
2023-04-18T10:00:00Z,8399806542
2023-04-18T09:00:00Z,8403085107
2023-04-18T08:00:00Z,8403085107
2023-04-18T07:00:00Z,8403085107
2023-04-18T06:00:00Z,8403085107
2023-04-18T05:00:00Z,8403085107
2023-04-18T04:00:00Z,8404121828
2023-04-18T03:00:00Z,8404121828
2023-04-18T02:00:00Z,8404121828
2023-04-18T01:00:00Z,8404121828
2023-04-18T00:00:00Z,8404121828
2023-04-17T23:00:00Z,8404121828
2023-04-17T22:00:00Z,8402603045
2023-04-17T21:00:00Z,8402603045
2023-04-17T20:00:00Z,8381696482
2023-04-17T19:00:00Z,8381696482
2023-04-17T18:00:00Z,8426420913
2023-04-17T17:00:00Z,8458135158
2023-04-17T16:00:00Z,8483989793
2023-04-17T15:00:00Z,8465573417
2023-04-17T14:00:00Z,8465573417
2023-04-17T13:00:00Z,8465573417
2023-04-17T12:00:00Z,8476105662
2023-04-17T11:00:00Z,8491443089
2023-04-17T10:00:00Z,8491443089
2023-04-17T09:00:00Z,8491443089
2023-04-17T08:00:00Z,8499388241
2023-04-17T07:00:00Z,8509971028
2023-04-17T06:00:00Z,8511084571
2023-04-17T05:00:00Z,8519066640
2023-04-17T04:00:00Z,8535535330
2023-04-17T03:00:00Z,8535535330
2023-04-17T02:00:00Z,8535535330
2023-04-17T01:00:00Z,8535418818
2023-04-17T00:00:00Z,8555865020
2023-04-16T23:00:00Z,8555865020
2023-04-16T22:00:00Z,8555865020
2023-04-16T21:00:00Z,8551361062
2023-04-16T20:00:00Z,8551361062
2023-04-16T19:00:00Z,8579380514
2023-04-16T18:00:00Z,8575454499
2023-04-16T17:00:00Z,8584374425
2023-04-16T16:00:00Z,8573420567
2023-04-16T15:00:00Z,8577000518
2023-04-16T14:00:00Z,8606241912
2023-04-16T13:00:00Z,8604246254
2023-04-16T12:00:00Z,8605658780
2023-04-16T11:00:00Z,8605658780
2023-04-16T10:00:00Z,8605658780
2023-04-16T09:00:00Z,8617967199
2023-04-16T08:00:00Z,8620406215
2023-04-16T07:00:00Z,8600130703
2023-04-16T06:00:00Z,8600130703
2023-04-16T05:00:00Z,8600148996
2023-04-16T04:00:00Z,8606258683
2023-04-16T03:00:00Z,8598589574
2023-04-16T02:00:00Z,8598589574
2023-04-16T01:00:00Z,8583601397
2023-04-16T00:00:00Z,8568747702
2023-04-15T23:00:00Z,8568747702
2023-04-15T22:00:00Z,8575719166
2023-04-15T21:00:00Z,8559827873
2023-04-15T20:00:00Z,8603916976
2023-04-15T19:00:00Z,8605142801
2023-04-15T18:00:00Z,8611009623
2023-04-15T17:00:00Z,8602788516
2023-04-15T16:00:00Z,8623892363
2023-04-15T15:00:00Z,8624438191
2023-04-15T14:00:00Z,8695786990
2023-04-15T13:00:00Z,8712572336
2023-04-15T12:00:00Z,8712572336
2023-04-15T11:00:00Z,8747214000
2023-04-15T10:00:00Z,8747547000
2023-04-15T09:00:00Z,8750280795
2023-04-15T08:00:00Z,8750280795
2023-04-15T07:00:00Z,8750280795
2023-04-15T06:00:00Z,8761370345
2023-04-15T05:00:00Z,8759159406
2023-04-15T04:00:00Z,8759027482
2023-04-15T03:00:00Z,8759027482
2023-04-15T02:00:00Z,8762288340
2023-04-15T01:00:00Z,8762288340
2023-04-15T00:00:00Z,8778917828
2023-04-14T23:00:00Z,8789044429
2023-04-14T22:00:00Z,8810095769
2023-04-14T21:00:00Z,8825980973
2023-04-14T20:00:00Z,8825980973
2023-04-14T19:00:00Z,8874753976
2023-04-14T18:00:00Z,8874753976
2023-04-14T17:00:00Z,8883319162
2023-04-14T16:00:00Z,8878401692
2023-04-14T15:00:00Z,8868276077
2023-04-14T14:00:00Z,8904424915
2023-04-14T13:00:00Z,8903747524
2023-04-14T12:00:00Z,8910284707
2023-04-14T11:00:00Z,8913080958
2023-04-14T10:00:00Z,8913080958
2023-04-14T09:00:00Z,8913080958
2023-04-14T08:00:00Z,8918458248
2023-04-14T07:00:00Z,8918458248
2023-04-14T06:00:00Z,8919623557
2023-04-14T05:00:00Z,8919623557
2023-04-14T04:00:00Z,8930866182
2023-04-14T03:00:00Z,8930866182
2023-04-14T02:00:00Z,8996151170
2023-04-14T01:00:00Z,8992350312
2023-04-14T00:00:00Z,8964496438
2023-04-13T23:00:00Z,8964496438
2023-04-13T22:00:00Z,8943223958
2023-04-13T21:00:00Z,8953608683
2023-04-13T20:00:00Z,8953608683
2023-04-13T19:00:00Z,8953608683
2023-04-13T18:00:00Z,8953608683
2023-04-13T17:00:00Z,8953608683
2023-04-13T16:00:00Z,8951132052
2023-04-13T15:00:00Z,8949657241
2023-04-13T14:00:00Z,8950681085
2023-04-13T13:00:00Z,8950942537
2023-04-13T12:00:00Z,8950942537
2023-04-13T11:00:00Z,8973001181
2023-04-13T10:00:00Z,8973056479
2023-04-13T09:00:00Z,8973056479
2023-04-13T08:00:00Z,8944997656
2023-04-13T07:00:00Z,8971984722
2023-04-13T06:00:00Z,8971984722
2023-04-13T05:00:00Z,8971984722
2023-04-13T04:00:00Z,8971984722
2023-04-13T03:00:00Z,8971984722
2023-04-13T02:00:00Z,8971984722
2023-04-13T01:00:00Z,8952739893
2023-04-13T00:00:00Z,8952739893
2023-04-12T23:00:00Z,8955857726
2023-04-12T22:00:00Z,8936585121
2023-04-12T21:00:00Z,8936169758
2023-04-12T20:00:00Z,8936169758
2023-04-12T19:00:00Z,8936169758
2023-04-12T18:00:00Z,8931440184
2023-04-12T17:00:00Z,8931440184
2023-04-12T16:00:00Z,8943144098
2023-04-12T15:00:00Z,8944542931
2023-04-12T14:00:00Z,8944542931
2023-04-12T13:00:00Z,8944542931
2023-04-12T12:00:00Z,8944973092
2023-04-12T11:00:00Z,8944973092
2023-04-12T10:00:00Z,8953229474
2023-04-12T09:00:00Z,8953229474
2023-04-12T08:00:00Z,8953229474
2023-04-12T07:00:00Z,8966565021
2023-04-12T06:00:00Z,8966565021
2023-04-12T05:00:00Z,8959873136
2023-04-12T04:00:00Z,8959873136
2023-04-12T03:00:00Z,8959873136
2023-04-12T02:00:00Z,8959873136
2023-04-12T01:00:00Z,8959873136
2023-04-12T00:00:00Z,8959873136
2023-04-11T23:00:00Z,8959873136
2023-04-11T22:00:00Z,8957733138
2023-04-11T21:00:00Z,8957733138
2023-04-11T20:00:00Z,8938959368
2023-04-11T19:00:00Z,8952681881
2023-04-11T18:00:00Z,8967872084
2023-04-11T17:00:00Z,8967872084
2023-04-11T16:00:00Z,9104920976
2023-04-11T15:00:00Z,9107504133
2023-04-11T14:00:00Z,9177280902
2023-04-11T13:00:00Z,9147783957
2023-04-11T12:00:00Z,9147951748
2023-04-11T11:00:00Z,9157525142
2023-04-11T10:00:00Z,9168090423
2023-04-11T09:00:00Z,9177864753
2023-04-11T08:00:00Z,9177864753
2023-04-11T07:00:00Z,9169640902
2023-04-11T06:00:00Z,9171119881
2023-04-11T05:00:00Z,9160804626
2023-04-11T04:00:00Z,9160804626
2023-04-11T03:00:00Z,9160804626
2023-04-11T02:00:00Z,9154577884
2023-04-11T01:00:00Z,9154577884
2023-04-11T00:00:00Z,9165812785
2023-04-10T23:00:00Z,9164612785
2023-04-10T22:00:00Z,9163212254
2023-04-10T21:00:00Z,9163212254
2023-04-10T20:00:00Z,9163212254
2023-04-10T19:00:00Z,9160115028
2023-04-10T18:00:00Z,9169728203
2023-04-10T17:00:00Z,9169728203
2023-04-10T16:00:00Z,9169728203
2023-04-10T15:00:00Z,9168230033
2023-04-10T14:00:00Z,9168230033
2023-04-10T13:00:00Z,9198541296
2023-04-10T12:00:00Z,9198541296
2023-04-10T11:00:00Z,9200356396
2023-04-10T10:00:00Z,9200356396
2023-04-10T09:00:00Z,9164621344
2023-04-10T08:00:00Z,9164621344
2023-04-10T07:00:00Z,9164621344
2023-04-10T06:00:00Z,9184569331
2023-04-10T05:00:00Z,9184569331
2023-04-10T04:00:00Z,9184569331
2023-04-10T03:00:00Z,9184569331
2023-04-10T02:00:00Z,9184569331
2023-04-10T01:00:00Z,9184569331
2023-04-10T00:00:00Z,9184569331
2023-04-09T23:00:00Z,9197091426
2023-04-09T22:00:00Z,9197091426
2023-04-09T21:00:00Z,9197091426
2023-04-09T20:00:00Z,9197091426
2023-04-09T19:00:00Z,9197091426
2023-04-09T18:00:00Z,9195926355
2023-04-09T17:00:00Z,9181216739
2023-04-09T16:00:00Z,9206375196
2023-04-09T15:00:00Z,9183643182
2023-04-09T14:00:00Z,9187061156
2023-04-09T13:00:00Z,9211084346
2023-04-09T12:00:00Z,9223669818
2023-04-09T11:00:00Z,9223669818
2023-04-09T10:00:00Z,9247415178
2023-04-09T09:00:00Z,9235619269
2023-04-09T08:00:00Z,9227468946
2023-04-09T07:00:00Z,9229752751
2023-04-09T06:00:00Z,9229752751
2023-04-09T05:00:00Z,9245425321
2023-04-09T04:00:00Z,9245425321
2023-04-09T03:00:00Z,9245425321
2023-04-09T02:00:00Z,9243025100
2023-04-09T01:00:00Z,9231734671
2023-04-09T00:00:00Z,9231734671
2023-04-08T23:00:00Z,9231734671
2023-04-08T22:00:00Z,9233756407
2023-04-08T21:00:00Z,9232031934
2023-04-08T20:00:00Z,9232031934
2023-04-08T19:00:00Z,9232031934
2023-04-08T18:00:00Z,9231832187
2023-04-08T17:00:00Z,9231832187
2023-04-08T16:00:00Z,9231832187
2023-04-08T15:00:00Z,9214973435
2023-04-08T14:00:00Z,9230361987
2023-04-08T13:00:00Z,9233128560
2023-04-08T12:00:00Z,9230622038
2023-04-08T11:00:00Z,9230622038
2023-04-08T10:00:00Z,9230682745
2023-04-08T09:00:00Z,9230682745
2023-04-08T08:00:00Z,9246489923
2023-04-08T07:00:00Z,9230505448
2023-04-08T06:00:00Z,9226514585
2023-04-08T05:00:00Z,9226514585
2023-04-08T04:00:00Z,9226514585
2023-04-08T03:00:00Z,9262638014
2023-04-08T02:00:00Z,9260369382
2023-04-08T01:00:00Z,9241338152
2023-04-08T00:00:00Z,9241338152
2023-04-07T23:00:00Z,9234291174
2023-04-07T22:00:00Z,9250905989
2023-04-07T21:00:00Z,9250905989
2023-04-07T20:00:00Z,9235070195
2023-04-07T19:00:00Z,9235083961
2023-04-07T18:00:00Z,8959545897
2023-04-07T17:00:00Z,8969114964
2023-04-07T16:00:00Z,8969114964
2023-04-07T15:00:00Z,8969114964
2023-04-07T14:00:00Z,8973192479
2023-04-07T13:00:00Z,9071779466
2023-04-07T12:00:00Z,9080061214
2023-04-07T11:00:00Z,9040517872
2023-04-07T10:00:00Z,9040517872
2023-04-07T09:00:00Z,9160081646
2023-04-07T08:00:00Z,9160081646
2023-04-07T07:00:00Z,9160081646
2023-04-07T06:00:00Z,9160081646
2023-04-07T05:00:00Z,9160081646
2023-04-07T04:00:00Z,9160081646
2023-04-07T03:00:00Z,9176798280
2023-04-07T02:00:00Z,9176798280
2023-04-07T01:00:00Z,9176798280
2023-04-07T00:00:00Z,9176798280
2023-04-06T23:00:00Z,9176798280
2023-04-06T22:00:00Z,9176798280
2023-04-06T21:00:00Z,9176798280
2023-04-06T20:00:00Z,9186082437
2023-04-06T19:00:00Z,9186082437
2023-04-06T18:00:00Z,9168829840
2023-04-06T17:00:00Z,9168310357
2023-04-06T16:00:00Z,9175786232
2023-04-06T15:00:00Z,9175786232
2023-04-06T14:00:00Z,9138987441
2023-04-06T13:00:00Z,9118127172
2023-04-06T12:00:00Z,9127319009
2023-04-06T11:00:00Z,9139477251
2023-04-06T10:00:00Z,9139603709
2023-04-06T09:00:00Z,9139615790
2023-04-06T08:00:00Z,9139615790
2023-04-06T07:00:00Z,9147836772
2023-04-06T06:00:00Z,9120283700
2023-04-06T05:00:00Z,9114968060
2023-04-06T04:00:00Z,9120553497
2023-04-06T03:00:00Z,9120553497
2023-04-06T02:00:00Z,9120553497
2023-04-06T01:00:00Z,9120553497
2023-04-06T00:00:00Z,9099167106
2023-04-05T23:00:00Z,9128091870
2023-04-05T22:00:00Z,9128091870
2023-04-05T21:00:00Z,9115642543
2023-04-05T20:00:00Z,9105812558
2023-04-05T19:00:00Z,9111431950
2023-04-05T18:00:00Z,9129606932
2023-04-05T17:00:00Z,9095264653
2023-04-05T16:00:00Z,9093938344
2023-04-05T15:00:00Z,9099080611
2023-04-05T14:00:00Z,9106008058
2023-04-05T13:00:00Z,9121030128
2023-04-05T12:00:00Z,9126227882
2023-04-05T11:00:00Z,9139745173
2023-04-05T10:00:00Z,9139745173
2023-04-05T09:00:00Z,9142219656
2023-04-05T08:00:00Z,9142235259
2023-04-05T07:00:00Z,9107718236
2023-04-05T06:00:00Z,9107718236
2023-04-05T05:00:00Z,9124478033
2023-04-05T04:00:00Z,9125358017
2023-04-05T03:00:00Z,9125358017
2023-04-05T02:00:00Z,9125358017
2023-04-05T01:00:00Z,9125358017
2023-04-05T00:00:00Z,9125358017
2023-04-04T23:00:00Z,9125358017
2023-04-04T22:00:00Z,9103176919
2023-04-04T21:00:00Z,9107108507
2023-04-04T20:00:00Z,9107108507
2023-04-04T19:00:00Z,9119343524
2023-04-04T18:00:00Z,9119435264
2023-04-04T17:00:00Z,9119591301
2023-04-04T16:00:00Z,9120712180
2023-04-04T15:00:00Z,9120712180
2023-04-04T14:00:00Z,9149831325
2023-04-04T13:00:00Z,9187774116
2023-04-04T12:00:00Z,9235391278
2023-04-04T11:00:00Z,9258401428
2023-04-04T10:00:00Z,9253311429
2023-04-04T09:00:00Z,9256789516
2023-04-04T08:00:00Z,9244496365
2023-04-04T07:00:00Z,9244496365
2023-04-04T06:00:00Z,9244496365
2023-04-04T05:00:00Z,9244499652
2023-04-04T04:00:00Z,9244607695
2023-04-04T03:00:00Z,9244607695
2023-04-04T02:00:00Z,9244607695
2023-04-04T01:00:00Z,9244733608
2023-04-04T00:00:00Z,9244733608
2023-04-03T23:00:00Z,9244733608
2023-04-03T22:00:00Z,9248321369
2023-04-03T21:00:00Z,9248321369
2023-04-03T20:00:00Z,9214911791
2023-04-03T19:00:00Z,9214913041
2023-04-03T18:00:00Z,9216288341
2023-04-03T17:00:00Z,9219259200
2023-04-03T16:00:00Z,9219259200
2023-04-03T15:00:00Z,9230911699
2023-04-03T14:00:00Z,9230911699
2023-04-03T13:00:00Z,9230911699
2023-04-03T12:00:00Z,9230911699
2023-04-03T11:00:00Z,9226904716
2023-04-03T10:00:00Z,9227671477
2023-04-03T09:00:00Z,9228936001
2023-04-03T08:00:00Z,9229939232
2023-04-03T07:00:00Z,9226482607
2023-04-03T06:00:00Z,9226482607
2023-04-03T05:00:00Z,9226482607
2023-04-03T04:00:00Z,9226482607
2023-04-03T03:00:00Z,9226482607
2023-04-03T02:00:00Z,9226482607
2023-04-03T01:00:00Z,9228036885
2023-04-03T00:00:00Z,9228036885
2023-04-02T23:00:00Z,9228036885
2023-04-02T22:00:00Z,9210935649
2023-04-02T21:00:00Z,9189715694
2023-04-02T20:00:00Z,9189715694
2023-04-02T19:00:00Z,9189715694
2023-04-02T18:00:00Z,9189715694
2023-04-02T17:00:00Z,9189715694
2023-04-02T16:00:00Z,9189715694
2023-04-02T15:00:00Z,9181642679
2023-04-02T14:00:00Z,9181642679
2023-04-02T13:00:00Z,9181642679
2023-04-02T12:00:00Z,9173563375
2023-04-02T11:00:00Z,9177951812
2023-04-02T10:00:00Z,9179192263
2023-04-02T09:00:00Z,9179192263
2023-04-02T08:00:00Z,9179192263
2023-04-02T07:00:00Z,9187212661
2023-04-02T06:00:00Z,9187237453
2023-04-02T05:00:00Z,9187341118
2023-04-02T04:00:00Z,9194634714
2023-04-02T03:00:00Z,9194634714
2023-04-02T02:00:00Z,9194634714
2023-04-02T01:00:00Z,9194634714
2023-04-02T00:00:00Z,9177571204
2023-04-01T23:00:00Z,9177571204
2023-04-01T22:00:00Z,9184540623
2023-04-01T21:00:00Z,9168685097
2023-04-01T20:00:00Z,9169246403
2023-04-01T19:00:00Z,9169630185
2023-04-01T18:00:00Z,9176249403
2023-04-01T17:00:00Z,9178072347
2023-04-01T16:00:00Z,9179312860
2023-04-01T15:00:00Z,9179476373
2023-04-01T14:00:00Z,9173143086
2023-04-01T13:00:00Z,9191063268
2023-04-01T12:00:00Z,9186261900
2023-04-01T11:00:00Z,9190098053
2023-04-01T10:00:00Z,9192585968
2023-04-01T09:00:00Z,9195075232
2023-04-01T08:00:00Z,9196099034
2023-04-01T07:00:00Z,9196099034
2023-04-01T06:00:00Z,9196099034
2023-04-01T05:00:00Z,9196099034
2023-04-01T04:00:00Z,9196099034
2023-04-01T03:00:00Z,9225903108
2023-04-01T02:00:00Z,9225903108
2023-04-01T01:00:00Z,9234682662
2023-04-01T00:00:00Z,9234682662
2023-03-31T23:00:00Z,9234682662
2023-03-31T22:00:00Z,9234682662
2023-03-31T21:00:00Z,9234682662
2023-03-31T20:00:00Z,9235321896
2023-03-31T19:00:00Z,9235321896
2023-03-31T18:00:00Z,9278737214
2023-03-31T17:00:00Z,9278737214
2023-03-31T16:00:00Z,9281038916
2023-03-31T15:00:00Z,9281038916
2023-03-31T14:00:00Z,9281038916
2023-03-31T13:00:00Z,9281356026
2023-03-31T12:00:00Z,9281356026
2023-03-31T11:00:00Z,9285858034
2023-03-31T10:00:00Z,9286269497
2023-03-31T09:00:00Z,9302806887
2023-03-31T08:00:00Z,9298306887
2023-03-31T07:00:00Z,9301586866
2023-03-31T06:00:00Z,9301586866
2023-03-31T05:00:00Z,9301586866
2023-03-31T04:00:00Z,9298016557
2023-03-31T03:00:00Z,9310324578
2023-03-31T02:00:00Z,9310324578
2023-03-31T01:00:00Z,9310324578
2023-03-31T00:00:00Z,9310324578
2023-03-30T23:00:00Z,9300366427
2023-03-30T22:00:00Z,9329737998
2023-03-30T21:00:00Z,9320055075
2023-03-30T20:00:00Z,9346688895
2023-03-30T19:00:00Z,9351576465
2023-03-30T18:00:00Z,9351576465
2023-03-30T17:00:00Z,9346090262
2023-03-30T16:00:00Z,9340614221
2023-03-30T15:00:00Z,9342877295
2023-03-30T14:00:00Z,9342877295
2023-03-30T13:00:00Z,9342877295
2023-03-30T12:00:00Z,9320048219
2023-03-30T11:00:00Z,9348795781
2023-03-30T10:00:00Z,9339892815
2023-03-30T09:00:00Z,9339892815
2023-03-30T08:00:00Z,9335789651
2023-03-30T07:00:00Z,9340417726
2023-03-30T06:00:00Z,9342340312
2023-03-30T05:00:00Z,9357429910
2023-03-30T04:00:00Z,9331578979
2023-03-30T03:00:00Z,9375695541
2023-03-30T02:00:00Z,9375695541
2023-03-30T01:00:00Z,null
2023-03-30T00:00:00Z,null
2023-03-29T23:00:00Z,null
2023-03-29T22:00:00Z,null
2023-03-29T21:00:00Z,null
2023-03-29T20:00:00Z,null
2023-03-29T19:00:00Z,null
2023-03-29T18:00:00Z,9365663127
2023-03-29T17:00:00Z,9302442830
2023-03-29T16:00:00Z,9219969190
2023-03-29T15:00:00Z,9175289012
2023-03-29T14:00:00Z,9179622701
2023-03-29T13:00:00Z,9184342277
2023-03-29T12:00:00Z,9153849995
2023-03-29T11:00:00Z,9158200573
2023-03-29T10:00:00Z,9158328358
2023-03-29T09:00:00Z,9158328358
2023-03-29T08:00:00Z,9136307509
2023-03-29T07:00:00Z,9138738056
2023-03-29T06:00:00Z,9149567367
2023-03-29T05:00:00Z,9149567367
2023-03-29T04:00:00Z,9141964409
2023-03-29T03:00:00Z,9141964409
2023-03-29T02:00:00Z,9167489692
2023-03-29T01:00:00Z,9170472943
2023-03-29T00:00:00Z,9170472943
2023-03-28T23:00:00Z,9170472943
2023-03-28T22:00:00Z,9170472943
2023-03-28T21:00:00Z,9170472943
2023-03-28T20:00:00Z,9170472943
2023-03-28T19:00:00Z,9170444341
2023-03-28T18:00:00Z,9170444341
2023-03-28T17:00:00Z,9165164684
2023-03-28T16:00:00Z,9152697294
2023-03-28T15:00:00Z,9152697294
2023-03-28T14:00:00Z,8899420223
2023-03-28T13:00:00Z,8915947644
2023-03-28T12:00:00Z,8915947644
2023-03-28T11:00:00Z,8904095739
2023-03-28T10:00:00Z,8909028529
2023-03-28T09:00:00Z,8909028529
2023-03-28T08:00:00Z,8909028529
2023-03-28T07:00:00Z,8909028529
2023-03-28T06:00:00Z,8909028529
2023-03-28T05:00:00Z,8909028529
2023-03-28T04:00:00Z,8909028529
2023-03-28T03:00:00Z,8909028529
2023-03-28T02:00:00Z,8909028529
2023-03-28T01:00:00Z,8909028529
2023-03-28T00:00:00Z,8898444703
2023-03-27T23:00:00Z,8903307358
2023-03-27T22:00:00Z,8900716696
2023-03-27T21:00:00Z,8900716696
2023-03-27T20:00:00Z,8900716696
2023-03-27T19:00:00Z,8900716696
2023-03-27T18:00:00Z,8884595203
2023-03-27T17:00:00Z,8884257933
2023-03-27T16:00:00Z,8884748009
2023-03-27T15:00:00Z,8889659458
2023-03-27T14:00:00Z,8879127210
2023-03-27T13:00:00Z,8886045848
2023-03-27T12:00:00Z,8885129877
2023-03-27T11:00:00Z,8885129877
2023-03-27T10:00:00Z,8885129877
2023-03-27T09:00:00Z,8885129877
2023-03-27T08:00:00Z,8885129877
2023-03-27T07:00:00Z,8888813325
2023-03-27T06:00:00Z,8888813325
2023-03-27T05:00:00Z,8913769198
2023-03-27T04:00:00Z,8913769198
2023-03-27T03:00:00Z,8913769198
2023-03-27T02:00:00Z,8908114384
2023-03-27T01:00:00Z,8914474405
2023-03-27T00:00:00Z,8919419161
2023-03-26T23:00:00Z,8919419161
2023-03-26T22:00:00Z,8910573356
2023-03-26T21:00:00Z,8910573356
2023-03-26T20:00:00Z,8907966073
2023-03-26T19:00:00Z,9050632785
2023-03-26T18:00:00Z,9062625543
2023-03-26T17:00:00Z,8962134537
2023-03-26T16:00:00Z,8962396850
2023-03-26T15:00:00Z,8971560913
2023-03-26T14:00:00Z,8945819433
2023-03-26T13:00:00Z,8953836508
2023-03-26T12:00:00Z,8953836508
2023-03-26T11:00:00Z,8934128674
2023-03-26T10:00:00Z,8930640447
2023-03-26T09:00:00Z,8930969060
2023-03-26T08:00:00Z,8930969060
2023-03-26T07:00:00Z,8894371328
2023-03-26T06:00:00Z,8847443994
2023-03-26T05:00:00Z,8847443994
2023-03-26T04:00:00Z,8847443994
2023-03-26T03:00:00Z,8847443994
2023-03-26T02:00:00Z,8847443994
2023-03-26T01:00:00Z,8847443994
2023-03-26T00:00:00Z,8847443994
2023-03-25T23:00:00Z,8847443994
2023-03-25T22:00:00Z,8847443994
2023-03-25T21:00:00Z,8845019006
2023-03-25T20:00:00Z,8845187779
2023-03-25T19:00:00Z,8845187779
2023-03-25T18:00:00Z,8845187779
2023-03-25T17:00:00Z,8845187779
2023-03-25T16:00:00Z,8846318252
2023-03-25T15:00:00Z,8849955005
2023-03-25T14:00:00Z,8849955005
2023-03-25T13:00:00Z,8849955005
2023-03-25T12:00:00Z,8847694931
2023-03-25T11:00:00Z,8849206284
2023-03-25T10:00:00Z,8833149764
2023-03-25T09:00:00Z,8842532754
2023-03-25T08:00:00Z,8846920758
2023-03-25T07:00:00Z,8847033328
2023-03-25T06:00:00Z,8846766108
2023-03-25T05:00:00Z,8846766108
2023-03-25T04:00:00Z,8846766108
2023-03-25T03:00:00Z,8846766108
2023-03-25T02:00:00Z,8846766108
2023-03-25T01:00:00Z,8846766108
2023-03-25T00:00:00Z,8846766108
2023-03-24T23:00:00Z,8846374215
2023-03-24T22:00:00Z,8847821960
2023-03-24T21:00:00Z,8849336654
2023-03-24T20:00:00Z,8831628135
2023-03-24T19:00:00Z,8831628135
2023-03-24T18:00:00Z,8831646057
2023-03-24T17:00:00Z,null
2023-03-24T16:00:00Z,8832140155
2023-03-24T15:00:00Z,8846286116
2023-03-24T14:00:00Z,8846286116
2023-03-24T13:00:00Z,8846398674
2023-03-24T12:00:00Z,8820832855
2023-03-24T11:00:00Z,8820832855
2023-03-24T10:00:00Z,8820832855
2023-03-24T09:00:00Z,8820832855
2023-03-24T08:00:00Z,8820906453
2023-03-24T07:00:00Z,8810647452
2023-03-24T06:00:00Z,8866570646
2023-03-24T05:00:00Z,8863764596
2023-03-24T04:00:00Z,8858915311
2023-03-24T03:00:00Z,8859619895
2023-03-24T02:00:00Z,8859619895
2023-03-24T01:00:00Z,8859619895
2023-03-24T00:00:00Z,8859619895
2023-03-23T23:00:00Z,8859456868
2023-03-23T22:00:00Z,8859456868
2023-03-23T21:00:00Z,8859562863
2023-03-23T20:00:00Z,8842831022
2023-03-23T19:00:00Z,8860436942
2023-03-23T18:00:00Z,8860436942
2023-03-23T17:00:00Z,8873329669
2023-03-23T16:00:00Z,8944376750
2023-03-23T15:00:00Z,8944376750
2023-03-23T14:00:00Z,8950175820
2023-03-23T13:00:00Z,8947954835
2023-03-23T12:00:00Z,8944388454
2023-03-23T11:00:00Z,8944388454
2023-03-23T10:00:00Z,8990787866
2023-03-23T09:00:00Z,8977583413
2023-03-23T08:00:00Z,8977583413
2023-03-23T07:00:00Z,9002899557
2023-03-23T06:00:00Z,9002899557
2023-03-23T05:00:00Z,8978759619
2023-03-23T04:00:00Z,8986322922
2023-03-23T03:00:00Z,8986322922
2023-03-23T02:00:00Z,8972450129
2023-03-23T01:00:00Z,8972450129
2023-03-23T00:00:00Z,8972678244
2023-03-22T23:00:00Z,8972678244
2023-03-22T22:00:00Z,8955718172
2023-03-22T21:00:00Z,8939431395
2023-03-22T20:00:00Z,8955558477
2023-03-22T19:00:00Z,8983418796
2023-03-22T18:00:00Z,9007262305
2023-03-22T17:00:00Z,9016332785
2023-03-22T16:00:00Z,8984102608
2023-03-22T15:00:00Z,8984515591
2023-03-22T14:00:00Z,8984515591
2023-03-22T13:00:00Z,8984515591
2023-03-22T12:00:00Z,8984515591
2023-03-22T11:00:00Z,8994052771
2023-03-22T10:00:00Z,8994052771
2023-03-22T09:00:00Z,8994052771
2023-03-22T08:00:00Z,8994052771
2023-03-22T07:00:00Z,8994052771
2023-03-22T06:00:00Z,8994052771
2023-03-22T05:00:00Z,8994052771
2023-03-22T04:00:00Z,8994052771
2023-03-22T03:00:00Z,8993404804
2023-03-22T02:00:00Z,8993404804
2023-03-22T01:00:00Z,8993404804
2023-03-22T00:00:00Z,8997649418
2023-03-21T23:00:00Z,8997649418
2023-03-21T22:00:00Z,8997649418
2023-03-21T21:00:00Z,8996705389
2023-03-21T20:00:00Z,8996705389
2023-03-21T19:00:00Z,9000415216
2023-03-21T18:00:00Z,9007127926
2023-03-21T17:00:00Z,9006695776
2023-03-21T16:00:00Z,9007074265
2023-03-21T15:00:00Z,9009641608
2023-03-21T14:00:00Z,8998688758
2023-03-21T13:00:00Z,9015173010
2023-03-21T12:00:00Z,9015173010
2023-03-21T11:00:00Z,9032422514
2023-03-21T10:00:00Z,9032422514
2023-03-21T09:00:00Z,9032422514
2023-03-21T08:00:00Z,9032422514
2023-03-21T07:00:00Z,9050461884
2023-03-21T06:00:00Z,9051640762
2023-03-21T05:00:00Z,9051646657
2023-03-21T04:00:00Z,9051646657
2023-03-21T03:00:00Z,9031284579
2023-03-21T02:00:00Z,9031366745
2023-03-21T01:00:00Z,9031366745
2023-03-21T00:00:00Z,9033044323
2023-03-20T23:00:00Z,9033161749
2023-03-20T22:00:00Z,9033161749
2023-03-20T21:00:00Z,9033161749
2023-03-20T20:00:00Z,9033231216
2023-03-20T19:00:00Z,9049384335
2023-03-20T18:00:00Z,9033741016
2023-03-20T17:00:00Z,9026797547
2023-03-20T16:00:00Z,9023284789
2023-03-20T15:00:00Z,9023377534
2023-03-20T14:00:00Z,9024403384
2023-03-20T13:00:00Z,9049957745
2023-03-20T12:00:00Z,9052703349
2023-03-20T11:00:00Z,9052703349
2023-03-20T10:00:00Z,9048597964
2023-03-20T09:00:00Z,9049106051
2023-03-20T08:00:00Z,9049106051
2023-03-20T07:00:00Z,9047767826
2023-03-20T06:00:00Z,9062414664
2023-03-20T05:00:00Z,9075029653
2023-03-20T04:00:00Z,9075029653
2023-03-20T03:00:00Z,9071191489
2023-03-20T02:00:00Z,9071191489
2023-03-20T01:00:00Z,9066424699
2023-03-20T00:00:00Z,9072126229
2023-03-19T23:00:00Z,9072552478
2023-03-19T22:00:00Z,9082159053
2023-03-19T21:00:00Z,9084137352
2023-03-19T20:00:00Z,9082745452
2023-03-19T19:00:00Z,9082745452
2023-03-19T18:00:00Z,9078810155
2023-03-19T17:00:00Z,9090801936
2023-03-19T16:00:00Z,9091417630
2023-03-19T15:00:00Z,9078343084
2023-03-19T14:00:00Z,9059594928
2023-03-19T13:00:00Z,9051024538
2023-03-19T12:00:00Z,9051036317
2023-03-19T11:00:00Z,9051177479
2023-03-19T10:00:00Z,9051177479
2023-03-19T09:00:00Z,9051177479
2023-03-19T08:00:00Z,9051177479
2023-03-19T07:00:00Z,8958141087
2023-03-19T06:00:00Z,8958141087
2023-03-19T05:00:00Z,8958141087
2023-03-19T04:00:00Z,8958141087
2023-03-19T03:00:00Z,8957032507
2023-03-19T02:00:00Z,8962434160
2023-03-19T01:00:00Z,8960150238
2023-03-19T00:00:00Z,8961871173
2023-03-18T23:00:00Z,8961970852
2023-03-18T22:00:00Z,8961970852
2023-03-18T21:00:00Z,8961970852
2023-03-18T20:00:00Z,8960696386
2023-03-18T19:00:00Z,8878522951
2023-03-18T18:00:00Z,8862085635
2023-03-18T17:00:00Z,8869624013
2023-03-18T16:00:00Z,8869644669
2023-03-18T15:00:00Z,8919821278
2023-03-18T14:00:00Z,8919821278
2023-03-18T13:00:00Z,8936280058
2023-03-18T12:00:00Z,8937773682
2023-03-18T11:00:00Z,8939232909
2023-03-18T10:00:00Z,8942717261
2023-03-18T09:00:00Z,8943793777
2023-03-18T08:00:00Z,8943493777
2023-03-18T07:00:00Z,8943493777
2023-03-18T06:00:00Z,8940996224
2023-03-18T05:00:00Z,9088937086
2023-03-18T04:00:00Z,9095337061
2023-03-18T03:00:00Z,9095337061
2023-03-18T02:00:00Z,9090567432
2023-03-18T01:00:00Z,9038598409
2023-03-18T00:00:00Z,9042788602
2023-03-17T23:00:00Z,9043141451
2023-03-17T22:00:00Z,9042625817
2023-03-17T21:00:00Z,9042743426
2023-03-17T20:00:00Z,9043120284
2023-03-17T19:00:00Z,9043200021
2023-03-17T18:00:00Z,9043200021
2023-03-17T17:00:00Z,9043200021
2023-03-17T16:00:00Z,9044675610
2023-03-17T15:00:00Z,9044675610
2023-03-17T14:00:00Z,9044675610
2023-03-17T13:00:00Z,9044675610
2023-03-17T12:00:00Z,9042047313
2023-03-17T11:00:00Z,9033565611
2023-03-17T10:00:00Z,9112560230
2023-03-17T09:00:00Z,9134644870
2023-03-17T08:00:00Z,9134005198
2023-03-17T07:00:00Z,9134005198
2023-03-17T06:00:00Z,9137572459
2023-03-17T05:00:00Z,9137572459
2023-03-17T04:00:00Z,9142379350
2023-03-17T03:00:00Z,9142379350
2023-03-17T02:00:00Z,9142379350
2023-03-17T01:00:00Z,9142379350
2023-03-17T00:00:00Z,9142379350
2023-03-16T23:00:00Z,9144110349
2023-03-16T22:00:00Z,9144304840
2023-03-16T21:00:00Z,9148298459
2023-03-16T20:00:00Z,9154596342
2023-03-16T19:00:00Z,9154726438
2023-03-16T18:00:00Z,9154908778
2023-03-16T17:00:00Z,9154908778
2023-03-16T16:00:00Z,9145100577
2023-03-16T15:00:00Z,9138279943
2023-03-16T14:00:00Z,9138279943
2023-03-16T13:00:00Z,9184710372
2023-03-16T12:00:00Z,9184710372
2023-03-16T11:00:00Z,9184710372
2023-03-16T10:00:00Z,9184710372
2023-03-16T09:00:00Z,9184710372
2023-03-16T08:00:00Z,9197205613
2023-03-16T07:00:00Z,9170719110
2023-03-16T06:00:00Z,9170719110
2023-03-16T05:00:00Z,9170719110
2023-03-16T04:00:00Z,9170719110
2023-03-16T03:00:00Z,9174794773
2023-03-16T02:00:00Z,9174794773
2023-03-16T01:00:00Z,9174794773
2023-03-16T00:00:00Z,9225355406
2023-03-15T23:00:00Z,9225355406
2023-03-15T22:00:00Z,9225355406
2023-03-15T21:00:00Z,9202765535
2023-03-15T20:00:00Z,9202765535
2023-03-15T19:00:00Z,9202765535
2023-03-15T18:00:00Z,9201743378
2023-03-15T17:00:00Z,9212938705
2023-03-15T16:00:00Z,9222972149
2023-03-15T15:00:00Z,9222972149
2023-03-15T14:00:00Z,9235979275
2023-03-15T13:00:00Z,9235979275
2023-03-15T12:00:00Z,9237208104
2023-03-15T11:00:00Z,9261237455
2023-03-15T10:00:00Z,9261348116
2023-03-15T09:00:00Z,9261348116
2023-03-15T08:00:00Z,9261404009
2023-03-15T07:00:00Z,9259812279
2023-03-15T06:00:00Z,9242812667
2023-03-15T05:00:00Z,9242812667
2023-03-15T04:00:00Z,9224529566
2023-03-15T03:00:00Z,9224529566
2023-03-15T02:00:00Z,9224529566
2023-03-15T01:00:00Z,9207654805
2023-03-15T00:00:00Z,9248829970
2023-03-14T23:00:00Z,9222892040
2023-03-14T22:00:00Z,9222892040
2023-03-14T21:00:00Z,9229781431
2023-03-14T20:00:00Z,9229781431
2023-03-14T19:00:00Z,9169968551
2023-03-14T18:00:00Z,9123315934
2023-03-14T17:00:00Z,9123315934
2023-03-14T16:00:00Z,9093396552
2023-03-14T15:00:00Z,9093396552
2023-03-14T14:00:00Z,9081425760
2023-03-14T13:00:00Z,9035859976
2023-03-14T12:00:00Z,9012982890
2023-03-14T11:00:00Z,9013485561
2023-03-14T10:00:00Z,9013485561
2023-03-14T09:00:00Z,9008102810
2023-03-14T08:00:00Z,9007836773
2023-03-14T07:00:00Z,9007281136
2023-03-14T06:00:00Z,9007281136
2023-03-14T05:00:00Z,9031774461
2023-03-14T04:00:00Z,9036891975
2023-03-14T03:00:00Z,9036891975
2023-03-14T02:00:00Z,9057142030
2023-03-14T01:00:00Z,9038441179
2023-03-14T00:00:00Z,9038441179
2023-03-13T23:00:00Z,9038441179
2023-03-13T22:00:00Z,9038441179
2023-03-13T21:00:00Z,9038441179
2023-03-13T20:00:00Z,9052237172
2023-03-13T19:00:00Z,9055238259
2023-03-13T18:00:00Z,9035839524
2023-03-13T17:00:00Z,9035839524
2023-03-13T16:00:00Z,9035839524
2023-03-13T15:00:00Z,9031770136
2023-03-13T14:00:00Z,9031770136
2023-03-13T13:00:00Z,9036756525
2023-03-13T12:00:00Z,9036756525
2023-03-13T11:00:00Z,9036907772
2023-03-13T10:00:00Z,9036907772
2023-03-13T09:00:00Z,9036907772
2023-03-13T08:00:00Z,9036907772
2023-03-13T07:00:00Z,9033263444
2023-03-13T06:00:00Z,null
2023-03-13T05:00:00Z,null
2023-03-13T04:00:00Z,null
2023-03-13T03:00:00Z,null
2023-03-13T02:00:00Z,null
2023-03-13T01:00:00Z,null
2023-03-13T00:00:00Z,null
2023-03-12T23:00:00Z,null
2023-03-12T22:00:00Z,null
2023-03-12T21:00:00Z,null
2023-03-12T20:00:00Z,null
2023-03-12T19:00:00Z,null
2023-03-12T18:00:00Z,9022482383
2023-03-12T17:00:00Z,9034253484
2023-03-12T16:00:00Z,9034253484
2023-03-12T15:00:00Z,9034253484
2023-03-12T14:00:00Z,9034253484
2023-03-12T13:00:00Z,9024894108
2023-03-12T12:00:00Z,9024894108
2023-03-12T11:00:00Z,9014688848
2023-03-12T10:00:00Z,9014688848
2023-03-12T09:00:00Z,9020244134
2023-03-12T08:00:00Z,9027310044
2023-03-12T07:00:00Z,9027310044
2023-03-12T06:00:00Z,9017310044
2023-03-12T05:00:00Z,9022661559
2023-03-12T04:00:00Z,9029879984
2023-03-12T03:00:00Z,9029879984
2023-03-12T02:00:00Z,9029879984
2023-03-12T01:00:00Z,9029879984
2023-03-12T00:00:00Z,9026839243
2023-03-11T23:00:00Z,9026912970
2023-03-11T22:00:00Z,9026912970
2023-03-11T21:00:00Z,9043646256
2023-03-11T20:00:00Z,9060201325
2023-03-11T19:00:00Z,9060201325
2023-03-11T18:00:00Z,9087522314
2023-03-11T17:00:00Z,9078068462
2023-03-11T16:00:00Z,9087789710
2023-03-11T15:00:00Z,9087789710
2023-03-11T14:00:00Z,9085504418
2023-03-11T13:00:00Z,9088777449
2023-03-11T12:00:00Z,9088777449
2023-03-11T11:00:00Z,9124572318
2023-03-11T10:00:00Z,9131098176
2023-03-11T09:00:00Z,9148419868
2023-03-11T08:00:00Z,9156855368
2023-03-11T07:00:00Z,9161482993
2023-03-11T06:00:00Z,9179376011
2023-03-11T05:00:00Z,9179376011
2023-03-11T04:00:00Z,9222725012
2023-03-11T03:00:00Z,9222725012
2023-03-11T02:00:00Z,9215985931
2023-03-11T01:00:00Z,9190506538
2023-03-11T00:00:00Z,9217651599
2023-03-10T23:00:00Z,9194529040
2023-03-10T22:00:00Z,9198207324
2023-03-10T21:00:00Z,9170642356
2023-03-10T20:00:00Z,9163156599
2023-03-10T19:00:00Z,9141586742
2023-03-10T18:00:00Z,9145356802
2023-03-10T17:00:00Z,9145356802
2023-03-10T16:00:00Z,9145356802
2023-03-10T15:00:00Z,9142424261
2023-03-10T14:00:00Z,9127760265
2023-03-10T13:00:00Z,9127760265
2023-03-10T12:00:00Z,9127760265
2023-03-10T11:00:00Z,9132722443
2023-03-10T10:00:00Z,9132722443
2023-03-10T09:00:00Z,9160860965
2023-03-10T08:00:00Z,9160860965
2023-03-10T07:00:00Z,9160860965
2023-03-10T06:00:00Z,9160860965
2023-03-10T05:00:00Z,9160860965
2023-03-10T04:00:00Z,9190128697
2023-03-10T03:00:00Z,9210109227
2023-03-10T02:00:00Z,9210109227
2023-03-10T01:00:00Z,9152304592
2023-03-10T00:00:00Z,9152304592
2023-03-09T23:00:00Z,9135071582
2023-03-09T22:00:00Z,9158440960
2023-03-09T21:00:00Z,9158440960
2023-03-09T20:00:00Z,9127877432
2023-03-09T19:00:00Z,9134038465
2023-03-09T18:00:00Z,9134038465
2023-03-09T17:00:00Z,9140300273
2023-03-09T16:00:00Z,9152492461
2023-03-09T15:00:00Z,9152792688
2023-03-09T14:00:00Z,9158657011
2023-03-09T13:00:00Z,9158657011
2023-03-09T12:00:00Z,9158657011
2023-03-09T11:00:00Z,9158657011
2023-03-09T10:00:00Z,9134990112
2023-03-09T09:00:00Z,9134990112
2023-03-09T08:00:00Z,9134990112
2023-03-09T07:00:00Z,9134990112
2023-03-09T06:00:00Z,9113939632
2023-03-09T05:00:00Z,9113939632
2023-03-09T04:00:00Z,9113939632
2023-03-09T03:00:00Z,9107652343
2023-03-09T02:00:00Z,9107652343
2023-03-09T01:00:00Z,9119399050
2023-03-09T00:00:00Z,9139151647
2023-03-08T23:00:00Z,9128133058
2023-03-08T22:00:00Z,9131773055
2023-03-08T21:00:00Z,9101847275
2023-03-08T20:00:00Z,9114837802
2023-03-08T19:00:00Z,9135873815
2023-03-08T18:00:00Z,9136319126
2023-03-08T17:00:00Z,9136445862
2023-03-08T16:00:00Z,9134703474
2023-03-08T15:00:00Z,9134703474
2023-03-08T14:00:00Z,9144550899
2023-03-08T13:00:00Z,9144550899
2023-03-08T12:00:00Z,9144550899
2023-03-08T11:00:00Z,9172806579
2023-03-08T10:00:00Z,9172806579
2023-03-08T09:00:00Z,9176385377
2023-03-08T08:00:00Z,9146264071
2023-03-08T07:00:00Z,9146264071
2023-03-08T06:00:00Z,9148132668
2023-03-08T05:00:00Z,9160456302
2023-03-08T04:00:00Z,9170323419
2023-03-08T03:00:00Z,9171529694
2023-03-08T02:00:00Z,9181286074
2023-03-08T01:00:00Z,9172589342
2023-03-08T00:00:00Z,9172589342
2023-03-07T23:00:00Z,9165183455
2023-03-07T22:00:00Z,9147161695
2023-03-07T21:00:00Z,9135176072
2023-03-07T20:00:00Z,9157688847
2023-03-07T19:00:00Z,9168146674
2023-03-07T18:00:00Z,9168146674
2023-03-07T17:00:00Z,9168146674
2023-03-07T16:00:00Z,9189570029
2023-03-07T15:00:00Z,9202502232
2023-03-07T14:00:00Z,9267086184
2023-03-07T13:00:00Z,9268300123
2023-03-07T12:00:00Z,9285422552
2023-03-07T11:00:00Z,9311398018
2023-03-07T10:00:00Z,9315385978
2023-03-07T09:00:00Z,9314891191
2023-03-07T08:00:00Z,9306576656
2023-03-07T07:00:00Z,9306422554
2023-03-07T06:00:00Z,9306278210
2023-03-07T05:00:00Z,9306225948
2023-03-07T04:00:00Z,9305147750
2023-03-07T03:00:00Z,9342381637
2023-03-07T02:00:00Z,9348068508
2023-03-07T01:00:00Z,9348068508
2023-03-07T00:00:00Z,9355512690
2023-03-06T23:00:00Z,9374380056
2023-03-06T22:00:00Z,9391249402
2023-03-06T21:00:00Z,9408406708
2023-03-06T20:00:00Z,9396503867
2023-03-06T19:00:00Z,9406100913
2023-03-06T18:00:00Z,9410058837
2023-03-06T17:00:00Z,9428363650
2023-03-06T16:00:00Z,9418843354
2023-03-06T15:00:00Z,9418970677
2023-03-06T14:00:00Z,9418970677
2023-03-06T13:00:00Z,9410687297
2023-03-06T12:00:00Z,9410687297
2023-03-06T11:00:00Z,9413653898
2023-03-06T10:00:00Z,9413653898
2023-03-06T09:00:00Z,9413653898
2023-03-06T08:00:00Z,9413653898
2023-03-06T07:00:00Z,9413653898
2023-03-06T06:00:00Z,9413653898
2023-03-06T05:00:00Z,9413653898
2023-03-06T04:00:00Z,9446737409
2023-03-06T03:00:00Z,9446666797
2023-03-06T02:00:00Z,9471381805
2023-03-06T01:00:00Z,9469054456
2023-03-06T00:00:00Z,9469054456
2023-03-05T23:00:00Z,9469054456
2023-03-05T22:00:00Z,9469054456
2023-03-05T21:00:00Z,9469054456
2023-03-05T20:00:00Z,9459017641
2023-03-05T19:00:00Z,9459017641
2023-03-05T18:00:00Z,9459017641
2023-03-05T17:00:00Z,9459711134
2023-03-05T16:00:00Z,9459711134
2023-03-05T15:00:00Z,9457389955
2023-03-05T14:00:00Z,9457389955
2023-03-05T13:00:00Z,9456395732
2023-03-05T12:00:00Z,9480641556
2023-03-05T11:00:00Z,9480641556
2023-03-05T10:00:00Z,9480641556
2023-03-05T09:00:00Z,9480641556
2023-03-05T08:00:00Z,9480641556
2023-03-05T07:00:00Z,9498091611
2023-03-05T06:00:00Z,9498091611
2023-03-05T05:00:00Z,9508993149
2023-03-05T04:00:00Z,9513044895
2023-03-05T03:00:00Z,9513044895
2023-03-05T02:00:00Z,9513044895
2023-03-05T01:00:00Z,9528334976
2023-03-05T00:00:00Z,9530289257
2023-03-04T23:00:00Z,9530289257
2023-03-04T22:00:00Z,9530289257
2023-03-04T21:00:00Z,9505470796
2023-03-04T20:00:00Z,9523461885
2023-03-04T19:00:00Z,9525460214
2023-03-04T18:00:00Z,9500226106
2023-03-04T17:00:00Z,9501825629
2023-03-04T16:00:00Z,9501825629
2023-03-04T15:00:00Z,9512978625
2023-03-04T14:00:00Z,9512978625
2023-03-04T13:00:00Z,9515200756
2023-03-04T12:00:00Z,9531203893
2023-03-04T11:00:00Z,9532312574
2023-03-04T10:00:00Z,9532884425
2023-03-04T09:00:00Z,9535089777
2023-03-04T08:00:00Z,9521808615
2023-03-04T07:00:00Z,9521808615
2023-03-04T06:00:00Z,9521808615
2023-03-04T05:00:00Z,9521808615
2023-03-04T04:00:00Z,9526032304
2023-03-04T03:00:00Z,9526032304
2023-03-04T02:00:00Z,9526032304
2023-03-04T01:00:00Z,9526032304
2023-03-04T00:00:00Z,9526526356
2023-03-03T23:00:00Z,9515361389
2023-03-03T22:00:00Z,9494250233
2023-03-03T21:00:00Z,9450062255
2023-03-03T20:00:00Z,9469143244
2023-03-03T19:00:00Z,9468518634
2023-03-03T18:00:00Z,9446114070
2023-03-03T17:00:00Z,9446114070
2023-03-03T16:00:00Z,9449091883
2023-03-03T15:00:00Z,9451525966
2023-03-03T14:00:00Z,9459471218
2023-03-03T13:00:00Z,9412279967
2023-03-03T12:00:00Z,9412279967
2023-03-03T11:00:00Z,9412279967
2023-03-03T10:00:00Z,9421003814
2023-03-03T09:00:00Z,9429768473
2023-03-03T08:00:00Z,9429768473
2023-03-03T07:00:00Z,9429768473
2023-03-03T06:00:00Z,9420919485
2023-03-03T05:00:00Z,9410318818
2023-03-03T04:00:00Z,9410318818
2023-03-03T03:00:00Z,9410318818
2023-03-03T02:00:00Z,9387260986
2023-03-03T01:00:00Z,9356297521
2023-03-03T00:00:00Z,9356297521
2023-03-02T23:00:00Z,9356297521
2023-03-02T22:00:00Z,9356297521
2023-03-02T21:00:00Z,9331693115
2023-03-02T20:00:00Z,9323471116
2023-03-02T19:00:00Z,9328526850
2023-03-02T18:00:00Z,9307936335
2023-03-02T17:00:00Z,9315116193
2023-03-02T16:00:00Z,9304737675
2023-03-02T15:00:00Z,9304833154
2023-03-02T14:00:00Z,9299100191
2023-03-02T13:00:00Z,9279027956
2023-03-02T12:00:00Z,9269642077
2023-03-02T11:00:00Z,9269642077
2023-03-02T10:00:00Z,9283673726
2023-03-02T09:00:00Z,9283673726
2023-03-02T08:00:00Z,9283673726
2023-03-02T07:00:00Z,9283673726
2023-03-02T06:00:00Z,9283673726
2023-03-02T05:00:00Z,9283673726
2023-03-02T04:00:00Z,9283673726
2023-03-02T03:00:00Z,9285827533
2023-03-02T02:00:00Z,9285827533
2023-03-02T01:00:00Z,9267999166
2023-03-02T00:00:00Z,9267999166
2023-03-01T23:00:00Z,9267999166
2023-03-01T22:00:00Z,9268106493
2023-03-01T21:00:00Z,9253903301
2023-03-01T20:00:00Z,9253903301
2023-03-01T19:00:00Z,9283916291
2023-03-01T18:00:00Z,9283916291
2023-03-01T17:00:00Z,9304170209
2023-03-01T16:00:00Z,9304170209
2023-03-01T15:00:00Z,9303022861
2023-03-01T14:00:00Z,9321274500
2023-03-01T13:00:00Z,9323022824
2023-03-01T12:00:00Z,9309618976
2023-03-01T11:00:00Z,9276813885
2023-03-01T10:00:00Z,9286817286
2023-03-01T09:00:00Z,9295114395
2023-03-01T08:00:00Z,9295114395
2023-03-01T07:00:00Z,9295114395
2023-03-01T06:00:00Z,9295114395
2023-03-01T05:00:00Z,9295114395
2023-03-01T04:00:00Z,9296197780
2023-03-01T03:00:00Z,9296197780
2023-03-01T02:00:00Z,9296197780
2023-03-01T01:00:00Z,9198055999
2023-03-01T00:00:00Z,9207381631
2023-02-28T23:00:00Z,9208302930
2023-02-28T22:00:00Z,9212718538
2023-02-28T21:00:00Z,9210134950
2023-02-28T20:00:00Z,9190884305
2023-02-28T19:00:00Z,9216156448
2023-02-28T18:00:00Z,9221998387
2023-02-28T17:00:00Z,9216929444
2023-02-28T16:00:00Z,9217723116
2023-02-28T15:00:00Z,9209568746
2023-02-28T14:00:00Z,9239211208
2023-02-28T13:00:00Z,9228048953
2023-02-28T12:00:00Z,9242964393
2023-02-28T11:00:00Z,9268661044
2023-02-28T10:00:00Z,9268661044
2023-02-28T09:00:00Z,9268661044
2023-02-28T08:00:00Z,9268661044
2023-02-28T07:00:00Z,9268661044
2023-02-28T06:00:00Z,9262949385
2023-02-28T05:00:00Z,9288424428
2023-02-28T04:00:00Z,9288424428
2023-02-28T03:00:00Z,9288424428
2023-02-28T02:00:00Z,9288424428
2023-02-28T01:00:00Z,9290483564
2023-02-28T00:00:00Z,9290483564
2023-02-27T23:00:00Z,9304382691
2023-02-27T22:00:00Z,9307235765
2023-02-27T21:00:00Z,9306847271
2023-02-27T20:00:00Z,9306847271
2023-02-27T19:00:00Z,9307002474
2023-02-27T18:00:00Z,9308278738
2023-02-27T17:00:00Z,9312299005
2023-02-27T16:00:00Z,9312299005
2023-02-27T15:00:00Z,9312299005
2023-02-27T14:00:00Z,9312299005
2023-02-27T13:00:00Z,null
2023-02-27T12:00:00Z,9312299005
2023-02-27T11:00:00Z,9319390114
2023-02-27T10:00:00Z,9319390114
2023-02-27T09:00:00Z,9322608803
2023-02-27T08:00:00Z,9322608803
2023-02-27T07:00:00Z,9322608803
2023-02-27T06:00:00Z,9322608803
2023-02-27T05:00:00Z,9322608803
2023-02-27T04:00:00Z,9322608803
2023-02-27T03:00:00Z,9329983626
2023-02-27T02:00:00Z,9329983626
2023-02-27T01:00:00Z,9329983626
2023-02-27T00:00:00Z,9325328902
2023-02-26T23:00:00Z,9331966489
2023-02-26T22:00:00Z,9331966489
2023-02-26T21:00:00Z,9331966489
2023-02-26T20:00:00Z,9364161585
2023-02-26T19:00:00Z,9364161585
2023-02-26T18:00:00Z,9358349229
2023-02-26T17:00:00Z,9358021870
2023-02-26T16:00:00Z,9358021870
2023-02-26T15:00:00Z,9348655021
2023-02-26T14:00:00Z,9348655021
2023-02-26T13:00:00Z,9348655021
2023-02-26T12:00:00Z,9350071434
2023-02-26T11:00:00Z,9342482827
2023-02-26T10:00:00Z,9345713141
2023-02-26T09:00:00Z,9348544635
2023-02-26T08:00:00Z,9350959597
2023-02-26T07:00:00Z,9343227637
2023-02-26T06:00:00Z,9364263711
2023-02-26T05:00:00Z,9364263711
2023-02-26T04:00:00Z,9364263711
2023-02-26T03:00:00Z,9364263711
2023-02-26T02:00:00Z,9364263711
2023-02-26T01:00:00Z,9364573766
2023-02-26T00:00:00Z,9364573766
2023-02-25T23:00:00Z,9346772000
2023-02-25T22:00:00Z,9362625159
2023-02-25T21:00:00Z,9362800536
2023-02-25T20:00:00Z,9362800536
2023-02-25T19:00:00Z,9352526452
2023-02-25T18:00:00Z,9340860905
2023-02-25T17:00:00Z,9348747319
2023-02-25T16:00:00Z,9348775933
2023-02-25T15:00:00Z,9348775933
2023-02-25T14:00:00Z,9337926907
2023-02-25T13:00:00Z,9370037357
2023-02-25T12:00:00Z,9370037357
2023-02-25T11:00:00Z,9340596529
2023-02-25T10:00:00Z,9340596529
2023-02-25T09:00:00Z,9340229185
2023-02-25T08:00:00Z,9339811523
2023-02-25T07:00:00Z,9336091600
2023-02-25T06:00:00Z,9336194096
2023-02-25T05:00:00Z,9335266839
2023-02-25T04:00:00Z,9335266839
2023-02-25T03:00:00Z,9324669199
2023-02-25T02:00:00Z,9324669199
2023-02-25T01:00:00Z,9324669199
2023-02-25T00:00:00Z,9346439251
2023-02-24T23:00:00Z,9370896026
2023-02-24T22:00:00Z,9368412923
2023-02-24T21:00:00Z,9368412923
2023-02-24T20:00:00Z,9368412923
2023-02-24T19:00:00Z,9374188208
2023-02-24T18:00:00Z,9375228950
2023-02-24T17:00:00Z,9380030074
2023-02-24T16:00:00Z,9385005584
2023-02-24T15:00:00Z,9355831681
2023-02-24T14:00:00Z,9348500105
2023-02-24T13:00:00Z,9348643065
2023-02-24T12:00:00Z,9348643065
2023-02-24T11:00:00Z,9348643065
2023-02-24T10:00:00Z,9343048336
2023-02-24T09:00:00Z,9342584894
2023-02-24T08:00:00Z,9340738017
2023-02-24T07:00:00Z,9338761772
2023-02-24T06:00:00Z,null
2023-02-24T05:00:00Z,9338761772
2023-02-24T04:00:00Z,9366902087
2023-02-24T03:00:00Z,9368358905
2023-02-24T02:00:00Z,9352894554
2023-02-24T01:00:00Z,9352894554
2023-02-24T00:00:00Z,9355707332
2023-02-23T23:00:00Z,9347003946
2023-02-23T22:00:00Z,9326367725
2023-02-23T21:00:00Z,9357028770
2023-02-23T20:00:00Z,9346606672
2023-02-23T19:00:00Z,9370555924
2023-02-23T18:00:00Z,9370555924
2023-02-23T17:00:00Z,9365228138
2023-02-23T16:00:00Z,9365228138
2023-02-23T15:00:00Z,9367966851
2023-02-23T14:00:00Z,9367966851
2023-02-23T13:00:00Z,9344312546
2023-02-23T12:00:00Z,9344312546
2023-02-23T11:00:00Z,9361678962
2023-02-23T10:00:00Z,9315036003
2023-02-23T09:00:00Z,9315036003
2023-02-23T08:00:00Z,9315036003
2023-02-23T07:00:00Z,9314036504
2023-02-23T06:00:00Z,9316311248
2023-02-23T05:00:00Z,9304309453
2023-02-23T04:00:00Z,9304309453
2023-02-23T03:00:00Z,9350000560
2023-02-23T02:00:00Z,9350000560
2023-02-23T01:00:00Z,9351679148
2023-02-23T00:00:00Z,9353756118
2023-02-22T23:00:00Z,9366007898
2023-02-22T22:00:00Z,9373799322
2023-02-22T21:00:00Z,9363756922
2023-02-22T20:00:00Z,9370697916
2023-02-22T19:00:00Z,9350011456
2023-02-22T18:00:00Z,9368752281
2023-02-22T17:00:00Z,9368752281
2023-02-22T16:00:00Z,9373375451
2023-02-22T15:00:00Z,9375487219
2023-02-22T14:00:00Z,9375487219
2023-02-22T13:00:00Z,9375487219
2023-02-22T12:00:00Z,9363638256
2023-02-22T11:00:00Z,9341724107
2023-02-22T10:00:00Z,9330908291
2023-02-22T09:00:00Z,9324241281
2023-02-22T08:00:00Z,9324241281
2023-02-22T07:00:00Z,9337283128
2023-02-22T06:00:00Z,9326259158
2023-02-22T05:00:00Z,9326259158
2023-02-22T04:00:00Z,9335158126
2023-02-22T03:00:00Z,9315195260
2023-02-22T02:00:00Z,9327845148
2023-02-22T01:00:00Z,9318305269
2023-02-22T00:00:00Z,9318305269
2023-02-21T23:00:00Z,9318305269
2023-02-21T22:00:00Z,9329533483
2023-02-21T21:00:00Z,9339189361
2023-02-21T20:00:00Z,9344106599
2023-02-21T19:00:00Z,9349357733
2023-02-21T18:00:00Z,9363017125
2023-02-21T17:00:00Z,9368509239
2023-02-21T16:00:00Z,9369261245
2023-02-21T15:00:00Z,9369261245
2023-02-21T14:00:00Z,9369261245
2023-02-21T13:00:00Z,9369261245
2023-02-21T12:00:00Z,9369261245
2023-02-21T11:00:00Z,9359432682
2023-02-21T10:00:00Z,9352542364
2023-02-21T09:00:00Z,9352542364
2023-02-21T08:00:00Z,9367634966
2023-02-21T07:00:00Z,9355586699
2023-02-21T06:00:00Z,9356842984
2023-02-21T05:00:00Z,9356941822
2023-02-21T04:00:00Z,9356941822
2023-02-21T03:00:00Z,9356941822
2023-02-21T02:00:00Z,9356941822
2023-02-21T01:00:00Z,9355015474
2023-02-21T00:00:00Z,9332624000
2023-02-20T23:00:00Z,9334322615
2023-02-20T22:00:00Z,9341862466
2023-02-20T21:00:00Z,9356712559
2023-02-20T20:00:00Z,9363170565
2023-02-20T19:00:00Z,9366988842
2023-02-20T18:00:00Z,9373121626
2023-02-20T17:00:00Z,9372299355
2023-02-20T16:00:00Z,9395360468
2023-02-20T15:00:00Z,9387360468
2023-02-20T14:00:00Z,9387360468
2023-02-20T13:00:00Z,9388322061
2023-02-20T12:00:00Z,9388322061
2023-02-20T11:00:00Z,9389507145
2023-02-20T10:00:00Z,9389507145
2023-02-20T09:00:00Z,9389507145
2023-02-20T08:00:00Z,9389507145
2023-02-20T07:00:00Z,9389507145
2023-02-20T06:00:00Z,9389507145
2023-02-20T05:00:00Z,9390737883
2023-02-20T04:00:00Z,9390737883
2023-02-20T03:00:00Z,9390737883
2023-02-20T02:00:00Z,9390047236
2023-02-20T01:00:00Z,9426787844
2023-02-20T00:00:00Z,9420078109
2023-02-19T23:00:00Z,9420078109
2023-02-19T22:00:00Z,9423847184
2023-02-19T21:00:00Z,9423847184
2023-02-19T20:00:00Z,9431002190
2023-02-19T19:00:00Z,9431002190
2023-02-19T18:00:00Z,9431002190
2023-02-19T17:00:00Z,9424480142
2023-02-19T16:00:00Z,9424480142
2023-02-19T15:00:00Z,9424834722
2023-02-19T14:00:00Z,9425596251
2023-02-19T13:00:00Z,9425470457
2023-02-19T12:00:00Z,9425470457
2023-02-19T11:00:00Z,9430459487
2023-02-19T10:00:00Z,9433078057
2023-02-19T09:00:00Z,9433078057
2023-02-19T08:00:00Z,9439224146
2023-02-19T07:00:00Z,9443685037
2023-02-19T06:00:00Z,9443685037
2023-02-19T05:00:00Z,9443685037
2023-02-19T04:00:00Z,9443685037
2023-02-19T03:00:00Z,9443685037
2023-02-19T02:00:00Z,9443685037
2023-02-19T01:00:00Z,9444693908
2023-02-19T00:00:00Z,9445445780
2023-02-18T23:00:00Z,9445955679
2023-02-18T22:00:00Z,9437112797
2023-02-18T21:00:00Z,9436900112
2023-02-18T20:00:00Z,9432323634
2023-02-18T19:00:00Z,9432323634
2023-02-18T18:00:00Z,9442338890
2023-02-18T17:00:00Z,9500901928
2023-02-18T16:00:00Z,9504672235
2023-02-18T15:00:00Z,9532427585
2023-02-18T14:00:00Z,9532427585
2023-02-18T13:00:00Z,9534973654
2023-02-18T12:00:00Z,9536247200
2023-02-18T11:00:00Z,9536561580
2023-02-18T10:00:00Z,9529844993
2023-02-18T09:00:00Z,9530721332
2023-02-18T08:00:00Z,9531950016
2023-02-18T07:00:00Z,9531950016
2023-02-18T06:00:00Z,9531950016
2023-02-18T05:00:00Z,9533416902
2023-02-18T04:00:00Z,9535687757
2023-02-18T03:00:00Z,9539403167
2023-02-18T02:00:00Z,9533054566
2023-02-18T01:00:00Z,9512972183
2023-02-18T00:00:00Z,9512972183
2023-02-17T23:00:00Z,9512972183
2023-02-17T22:00:00Z,9505261179
2023-02-17T21:00:00Z,9505261179
2023-02-17T20:00:00Z,9515843428
2023-02-17T19:00:00Z,9519923162
2023-02-17T18:00:00Z,9513243530
2023-02-17T17:00:00Z,9469869980
2023-02-17T16:00:00Z,9469869980
2023-02-17T15:00:00Z,9441137348
2023-02-17T14:00:00Z,9441137348
2023-02-17T13:00:00Z,9441137348
2023-02-17T12:00:00Z,9435343690
2023-02-17T11:00:00Z,9423224014
2023-02-17T10:00:00Z,9417237005
2023-02-17T09:00:00Z,9411926128
2023-02-17T08:00:00Z,9411926128
2023-02-17T07:00:00Z,9375245545
2023-02-17T06:00:00Z,9375245545
2023-02-17T05:00:00Z,9375245545
2023-02-17T04:00:00Z,9375245545
2023-02-17T03:00:00Z,9365480286
2023-02-17T02:00:00Z,9384665924
2023-02-17T01:00:00Z,9384665924
2023-02-17T00:00:00Z,9388880140
2023-02-16T23:00:00Z,9353845372
2023-02-16T22:00:00Z,9341245404
2023-02-16T21:00:00Z,9341245404
2023-02-16T20:00:00Z,9318721160
2023-02-16T19:00:00Z,9305941160
2023-02-16T18:00:00Z,9309084507
2023-02-16T17:00:00Z,9309647265
2023-02-16T16:00:00Z,9310766498
2023-02-16T15:00:00Z,9308143139
2023-02-16T14:00:00Z,9318825684
2023-02-16T13:00:00Z,9323269587
2023-02-16T12:00:00Z,9343840395
2023-02-16T11:00:00Z,9396673454
2023-02-16T10:00:00Z,9396673454
2023-02-16T09:00:00Z,9393837971
2023-02-16T08:00:00Z,9393837971
2023-02-16T07:00:00Z,9411165353
2023-02-16T06:00:00Z,9409346070
2023-02-16T05:00:00Z,9409346070
2023-02-16T04:00:00Z,9419936071
2023-02-16T03:00:00Z,9419936071
2023-02-16T02:00:00Z,9397657415
2023-02-16T01:00:00Z,9419052102
2023-02-16T00:00:00Z,9419052102
2023-02-15T23:00:00Z,9424559358
2023-02-15T22:00:00Z,9435216337
2023-02-15T21:00:00Z,9418491737
2023-02-15T20:00:00Z,9422799441
2023-02-15T19:00:00Z,9425460649
2023-02-15T18:00:00Z,9439348597
2023-02-15T17:00:00Z,9431383746
2023-02-15T16:00:00Z,9434181700
2023-02-15T15:00:00Z,9433181700
2023-02-15T14:00:00Z,9433181700
2023-02-15T13:00:00Z,9456151033
2023-02-15T12:00:00Z,9457198781
2023-02-15T11:00:00Z,9460365620
2023-02-15T10:00:00Z,9505005312
2023-02-15T09:00:00Z,9493258590
2023-02-15T08:00:00Z,9493258590
2023-02-15T07:00:00Z,9493258590
2023-02-15T06:00:00Z,9484099329
2023-02-15T05:00:00Z,9510289051
2023-02-15T04:00:00Z,9487879637
2023-02-15T03:00:00Z,9505244679
2023-02-15T02:00:00Z,9492382049
2023-02-15T01:00:00Z,9465444689
2023-02-15T00:00:00Z,9465444689
2023-02-14T23:00:00Z,9465444689
2023-02-14T22:00:00Z,9469254578
2023-02-14T21:00:00Z,9469254578
2023-02-14T20:00:00Z,9471275720
2023-02-14T19:00:00Z,9467651987
2023-02-14T18:00:00Z,9471276053
2023-02-14T17:00:00Z,9476901774
2023-02-14T16:00:00Z,9481403414
2023-02-14T15:00:00Z,9492216573
2023-02-14T14:00:00Z,9499181517
2023-02-14T13:00:00Z,9502965807
2023-02-14T12:00:00Z,9502965807
2023-02-14T11:00:00Z,9506907629
2023-02-14T10:00:00Z,9506816175
2023-02-14T09:00:00Z,9506816175
2023-02-14T08:00:00Z,9501392630
2023-02-14T07:00:00Z,9501392630
2023-02-14T06:00:00Z,9497743035
2023-02-14T05:00:00Z,9492375992
2023-02-14T04:00:00Z,9492375992
2023-02-14T03:00:00Z,9484302927
2023-02-14T02:00:00Z,9478117625
2023-02-14T01:00:00Z,9526023690
2023-02-14T00:00:00Z,9490539505
2023-02-13T23:00:00Z,9490539505
2023-02-13T22:00:00Z,9496884741
2023-02-13T21:00:00Z,9496884741
2023-02-13T20:00:00Z,9465212535
2023-02-13T19:00:00Z,9468273473
2023-02-13T18:00:00Z,9500206185
2023-02-13T17:00:00Z,9500206185
2023-02-13T16:00:00Z,9513770881
2023-02-13T15:00:00Z,9517657437
2023-02-13T14:00:00Z,9495193580
2023-02-13T13:00:00Z,9495193580
2023-02-13T12:00:00Z,9505256644
2023-02-13T11:00:00Z,9506543238
2023-02-13T10:00:00Z,9504099910
2023-02-13T09:00:00Z,9504099910
2023-02-13T08:00:00Z,9489984672
2023-02-13T07:00:00Z,9489984672
2023-02-13T06:00:00Z,9462733033
2023-02-13T05:00:00Z,9462733033
2023-02-13T04:00:00Z,9462733033
2023-02-13T03:00:00Z,9462733033
2023-02-13T02:00:00Z,9462733033
2023-02-13T01:00:00Z,9506798378
2023-02-13T00:00:00Z,9484473226
2023-02-12T23:00:00Z,9484473226
2023-02-12T22:00:00Z,9501748872
2023-02-12T21:00:00Z,9501748872
2023-02-12T20:00:00Z,9502839878
2023-02-12T19:00:00Z,9492999984
2023-02-12T18:00:00Z,9492999984
2023-02-12T17:00:00Z,9491470939
2023-02-12T16:00:00Z,9491470939
2023-02-12T15:00:00Z,9478676402
2023-02-12T14:00:00Z,9467203661
2023-02-12T13:00:00Z,9467203661
2023-02-12T12:00:00Z,9479928674
2023-02-12T11:00:00Z,9455298339
2023-02-12T10:00:00Z,9455298339
2023-02-12T09:00:00Z,9450218369
2023-02-12T08:00:00Z,9458140152
2023-02-12T07:00:00Z,9458140152
2023-02-12T06:00:00Z,9458140152
2023-02-12T05:00:00Z,9458140152
2023-02-12T04:00:00Z,9500049299
2023-02-12T03:00:00Z,9500049299
2023-02-12T02:00:00Z,9500049299
2023-02-12T01:00:00Z,9500049299
2023-02-12T00:00:00Z,9500049299
2023-02-11T23:00:00Z,9500049299
2023-02-11T22:00:00Z,9499231652
2023-02-11T21:00:00Z,9472274742
2023-02-11T20:00:00Z,9472274742
2023-02-11T19:00:00Z,9455110321
2023-02-11T18:00:00Z,9461060452
2023-02-11T17:00:00Z,9471431809
2023-02-11T16:00:00Z,9472194325
2023-02-11T15:00:00Z,9486999420
2023-02-11T14:00:00Z,9486999420
2023-02-11T13:00:00Z,9474559598
2023-02-11T12:00:00Z,9489524744
2023-02-11T11:00:00Z,9489524744
2023-02-11T10:00:00Z,9494503306
2023-02-11T09:00:00Z,9522689548
2023-02-11T08:00:00Z,9511262193
2023-02-11T07:00:00Z,9509289620
2023-02-11T06:00:00Z,9509289620
2023-02-11T05:00:00Z,9509289620
2023-02-11T04:00:00Z,9509289620
2023-02-11T03:00:00Z,9509289620
2023-02-11T02:00:00Z,9509289620
2023-02-11T01:00:00Z,9507256138
2023-02-11T00:00:00Z,9507256138
2023-02-10T23:00:00Z,9507513625
2023-02-10T22:00:00Z,9503978683
2023-02-10T21:00:00Z,9528711001
2023-02-10T20:00:00Z,9504348822
2023-02-10T19:00:00Z,9512567314
2023-02-10T18:00:00Z,9512567314
2023-02-10T17:00:00Z,9510514232
2023-02-10T16:00:00Z,9504409887
2023-02-10T15:00:00Z,9503036981
2023-02-10T14:00:00Z,9526289576
2023-02-10T13:00:00Z,9526289576
2023-02-10T12:00:00Z,9526289576
2023-02-10T11:00:00Z,9526289576
2023-02-10T10:00:00Z,9526289576
2023-02-10T09:00:00Z,9518786201
2023-02-10T08:00:00Z,9512466740
2023-02-10T07:00:00Z,9512466740
2023-02-10T06:00:00Z,9507776566
2023-02-10T05:00:00Z,9483651111
2023-02-10T04:00:00Z,9483651111
2023-02-10T03:00:00Z,9483651111
2023-02-10T02:00:00Z,9494209757
2023-02-10T01:00:00Z,9494209757
2023-02-10T00:00:00Z,9494209757
2023-02-09T23:00:00Z,9523490977
2023-02-09T22:00:00Z,9546790858
2023-02-09T21:00:00Z,9533191831
2023-02-09T20:00:00Z,9512764775
2023-02-09T19:00:00Z,9519311938
2023-02-09T18:00:00Z,9535683566
2023-02-09T17:00:00Z,9535683566
2023-02-09T16:00:00Z,9563478178
2023-02-09T15:00:00Z,9563478178
2023-02-09T14:00:00Z,9563478178
2023-02-09T13:00:00Z,9566913283
2023-02-09T12:00:00Z,9620958056
2023-02-09T11:00:00Z,9620958056
2023-02-09T10:00:00Z,9597463553
2023-02-09T09:00:00Z,9597463553
2023-02-09T08:00:00Z,9603996387
2023-02-09T07:00:00Z,9604947788
2023-02-09T06:00:00Z,9604947788
2023-02-09T05:00:00Z,9583812097
2023-02-09T04:00:00Z,9578357873
2023-02-09T03:00:00Z,9568386739
2023-02-09T02:00:00Z,9594270402
2023-02-09T01:00:00Z,9594270402
2023-02-09T00:00:00Z,9590443780
2023-02-08T23:00:00Z,9590443780
2023-02-08T22:00:00Z,9590156578
2023-02-08T21:00:00Z,9632247041
2023-02-08T20:00:00Z,9641344110
2023-02-08T19:00:00Z,9655552287
2023-02-08T18:00:00Z,9695025743
2023-02-08T17:00:00Z,9679117472
2023-02-08T16:00:00Z,9642233812
2023-02-08T15:00:00Z,9697983616
2023-02-08T14:00:00Z,9697983616
2023-02-08T13:00:00Z,9697832066
2023-02-08T12:00:00Z,9689183532
2023-02-08T11:00:00Z,9689208820
2023-02-08T10:00:00Z,9708288221
2023-02-08T09:00:00Z,9708288221
2023-02-08T08:00:00Z,9730193048
2023-02-08T07:00:00Z,9730193048
2023-02-08T06:00:00Z,9731526725
2023-02-08T05:00:00Z,9729490947
2023-02-08T04:00:00Z,9729490947
2023-02-08T03:00:00Z,9704759543
2023-02-08T02:00:00Z,9719956168
2023-02-08T01:00:00Z,9736240896
2023-02-08T00:00:00Z,9687334401
2023-02-07T23:00:00Z,9703923208
2023-02-07T22:00:00Z,9732293043
2023-02-07T21:00:00Z,9760659852
2023-02-07T20:00:00Z,9778740551
2023-02-07T19:00:00Z,9755709408
2023-02-07T18:00:00Z,9804652788
2023-02-07T17:00:00Z,9809893982
2023-02-07T16:00:00Z,9828099510
2023-02-07T15:00:00Z,9827665330
2023-02-07T14:00:00Z,9846173811
2023-02-07T13:00:00Z,9824299630
2023-02-07T12:00:00Z,9824299630
2023-02-07T11:00:00Z,9859888607
2023-02-07T10:00:00Z,9868234419
2023-02-07T09:00:00Z,9875021261
2023-02-07T08:00:00Z,9874276377
2023-02-07T07:00:00Z,9904681911
2023-02-07T06:00:00Z,9931644752
2023-02-07T05:00:00Z,9931644752
2023-02-07T04:00:00Z,9931716599
2023-02-07T03:00:00Z,9931716599
2023-02-07T02:00:00Z,9951850044
2023-02-07T01:00:00Z,9956599520
2023-02-07T00:00:00Z,9986571262
2023-02-06T23:00:00Z,9959303963
2023-02-06T22:00:00Z,9963963000
2023-02-06T21:00:00Z,9964342378
2023-02-06T20:00:00Z,9988419423
2023-02-06T19:00:00Z,9980522171
2023-02-06T18:00:00Z,9988724242
2023-02-06T17:00:00Z,10025211389
2023-02-06T16:00:00Z,10063087365
2023-02-06T15:00:00Z,10064094704
2023-02-06T14:00:00Z,10078262668
2023-02-06T13:00:00Z,10123500849
2023-02-06T12:00:00Z,10142616481
2023-02-06T11:00:00Z,10133569592
2023-02-06T10:00:00Z,10182643579
2023-02-06T09:00:00Z,10178301628
2023-02-06T08:00:00Z,10183658520
2023-02-06T07:00:00Z,10183627044
2023-02-06T06:00:00Z,10197451616
2023-02-06T05:00:00Z,10197451616
2023-02-06T04:00:00Z,10220822413
2023-02-06T03:00:00Z,10222294714
2023-02-06T02:00:00Z,10239706351
2023-02-06T01:00:00Z,10215731231
2023-02-06T00:00:00Z,10216479864
2023-02-05T23:00:00Z,10226373979
2023-02-05T22:00:00Z,10211214650
2023-02-05T21:00:00Z,10211214650
2023-02-05T20:00:00Z,10206592851
2023-02-05T19:00:00Z,10206592851
2023-02-05T18:00:00Z,10206793155
2023-02-05T17:00:00Z,10216873649
2023-02-05T16:00:00Z,10214546574
2023-02-05T15:00:00Z,10214708949
2023-02-05T14:00:00Z,10187297994
2023-02-05T13:00:00Z,10188068532
2023-02-05T12:00:00Z,10181937945
2023-02-05T11:00:00Z,10171120666
2023-02-05T10:00:00Z,10170586016
2023-02-05T09:00:00Z,10170586016
2023-02-05T08:00:00Z,10177656298
2023-02-05T07:00:00Z,10174169803
2023-02-05T06:00:00Z,10174169803
2023-02-05T05:00:00Z,10174169803
2023-02-05T04:00:00Z,10175629245
2023-02-05T03:00:00Z,10175629245
2023-02-05T02:00:00Z,10175629245
2023-02-05T01:00:00Z,10169128706
2023-02-05T00:00:00Z,10169305182
2023-02-04T23:00:00Z,10154828337
2023-02-04T22:00:00Z,10154828337
2023-02-04T21:00:00Z,10166056818
2023-02-04T20:00:00Z,10146056818
2023-02-04T19:00:00Z,10146056818
2023-02-04T18:00:00Z,10180128038
2023-02-04T17:00:00Z,10180127186
2023-02-04T16:00:00Z,10150608900
2023-02-04T15:00:00Z,10166217057
2023-02-04T14:00:00Z,10146928080
2023-02-04T13:00:00Z,10146928080
2023-02-04T12:00:00Z,10148059932
2023-02-04T11:00:00Z,null
2023-02-04T10:00:00Z,null
2023-02-04T09:00:00Z,null
2023-02-04T08:00:00Z,null
2023-02-04T07:00:00Z,null
2023-02-04T06:00:00Z,null
2023-02-04T05:00:00Z,null
2023-02-04T04:00:00Z,null
2023-02-04T03:00:00Z,null
2023-02-04T02:00:00Z,null
2023-02-04T01:00:00Z,null
2023-02-04T00:00:00Z,null
2023-02-03T23:00:00Z,null
2023-02-03T22:00:00Z,null
2023-02-03T21:00:00Z,null
2023-02-03T20:00:00Z,null
2023-02-03T19:00:00Z,null
2023-02-03T18:00:00Z,null
2023-02-03T17:00:00Z,null
2023-02-03T16:00:00Z,null
2023-02-03T15:00:00Z,null
2023-02-03T14:00:00Z,null
2023-02-03T13:00:00Z,null
2023-02-03T12:00:00Z,10207089000
2023-02-03T11:00:00Z,10226607825
2023-02-03T10:00:00Z,10215608558
2023-02-03T09:00:00Z,10213519861
2023-02-03T08:00:00Z,10260330168
2023-02-03T07:00:00Z,10238493302
2023-02-03T06:00:00Z,10244090958
2023-02-03T05:00:00Z,10244090958
2023-02-03T04:00:00Z,10244090958
2023-02-03T03:00:00Z,10244090958
2023-02-03T02:00:00Z,10244090958
2023-02-03T01:00:00Z,10244090958
2023-02-03T00:00:00Z,10229439253
2023-02-02T23:00:00Z,10218601026
2023-02-02T22:00:00Z,10219132892
2023-02-02T21:00:00Z,10207768292
2023-02-02T20:00:00Z,10247704903
2023-02-02T19:00:00Z,10314102455
2023-02-02T18:00:00Z,10313279257
2023-02-02T17:00:00Z,10307655015
2023-02-02T16:00:00Z,10319370433
2023-02-02T15:00:00Z,10314698504
2023-02-02T14:00:00Z,10314775614
2023-02-02T13:00:00Z,10364779804
2023-02-02T12:00:00Z,10382751341
2023-02-02T11:00:00Z,10382751341
2023-02-02T10:00:00Z,10382903451
2023-02-02T09:00:00Z,10382903451
2023-02-02T08:00:00Z,10382903451
2023-02-02T07:00:00Z,10382903451
2023-02-02T06:00:00Z,10382903451
2023-02-02T05:00:00Z,10391525160
2023-02-02T04:00:00Z,10390650605
2023-02-02T03:00:00Z,10396907758
2023-02-02T02:00:00Z,10396907758
2023-02-02T01:00:00Z,10410830679
2023-02-02T00:00:00Z,10407762619
2023-02-01T23:00:00Z,10407762619
2023-02-01T22:00:00Z,10346812314
2023-02-01T21:00:00Z,10321732575
2023-02-01T20:00:00Z,10309975664
2023-02-01T19:00:00Z,10294194339
2023-02-01T18:00:00Z,10297195980
2023-02-01T17:00:00Z,10358576714
2023-02-01T16:00:00Z,10334506233
2023-02-01T15:00:00Z,10362826441
2023-02-01T14:00:00Z,10393790928
2023-02-01T13:00:00Z,10437150909
2023-02-01T12:00:00Z,10456410332
2023-02-01T11:00:00Z,10457584782
2023-02-01T10:00:00Z,10457584782
2023-02-01T09:00:00Z,10417286755
2023-02-01T08:00:00Z,10417138921
2023-02-01T07:00:00Z,10417138921
2023-02-01T06:00:00Z,10457214199
2023-02-01T05:00:00Z,10464759851
2023-02-01T04:00:00Z,10415858996
2023-02-01T03:00:00Z,10415858996
2023-02-01T02:00:00Z,10395701035
2023-02-01T01:00:00Z,10418448441
2023-02-01T00:00:00Z,10418448441
2023-01-31T23:00:00Z,10425638621
2023-01-31T22:00:00Z,10396903024
2023-01-31T21:00:00Z,10440082712
2023-01-31T20:00:00Z,10451896296
2023-01-31T19:00:00Z,10453153312
2023-01-31T18:00:00Z,10474286121
2023-01-31T17:00:00Z,10474286121
2023-01-31T16:00:00Z,10474286121
2023-01-31T15:00:00Z,10554855836
2023-01-31T14:00:00Z,10561684862
2023-01-31T13:00:00Z,10541167020
2023-01-31T12:00:00Z,10574383356
2023-01-31T11:00:00Z,10572883356
2023-01-31T10:00:00Z,10572883356
2023-01-31T09:00:00Z,10550772270
2023-01-31T08:00:00Z,10550772270
2023-01-31T07:00:00Z,10578234266
2023-01-31T06:00:00Z,10578234266
2023-01-31T05:00:00Z,10578234266
2023-01-31T04:00:00Z,10578234266
2023-01-31T03:00:00Z,10591549404
2023-01-31T02:00:00Z,10598530383
2023-01-31T01:00:00Z,10567760133
2023-01-31T00:00:00Z,10552882088
2023-01-30T23:00:00Z,10564038469
2023-01-30T22:00:00Z,10557414050
2023-01-30T21:00:00Z,10550402793
2023-01-30T20:00:00Z,10564004359
2023-01-30T19:00:00Z,10530088443
2023-01-30T18:00:00Z,10536509118
2023-01-30T17:00:00Z,10516353486
2023-01-30T16:00:00Z,10532964098
2023-01-30T15:00:00Z,10532964098
2023-01-30T14:00:00Z,10505481379
2023-01-30T13:00:00Z,10464396896
2023-01-30T12:00:00Z,10470786533
2023-01-30T11:00:00Z,10449335568
2023-01-30T10:00:00Z,10428069740
2023-01-30T09:00:00Z,10384130705
2023-01-30T08:00:00Z,10376890016
2023-01-30T07:00:00Z,10381455686
2023-01-30T06:00:00Z,10390395065
2023-01-30T05:00:00Z,10399991472
2023-01-30T04:00:00Z,10379588990
2023-01-30T03:00:00Z,10380241864
2023-01-30T02:00:00Z,10382618101
2023-01-30T01:00:00Z,10382618101
2023-01-30T00:00:00Z,10382618101
2023-01-29T23:00:00Z,10375498069
2023-01-29T22:00:00Z,10368132110
2023-01-29T21:00:00Z,10351710289
2023-01-29T20:00:00Z,10411580822
2023-01-29T19:00:00Z,10414982858
2023-01-29T18:00:00Z,10402833345
2023-01-29T17:00:00Z,10389719530
2023-01-29T16:00:00Z,10383149733
2023-01-29T15:00:00Z,10514635157
2023-01-29T14:00:00Z,10521779121
2023-01-29T13:00:00Z,10493173697
2023-01-29T12:00:00Z,10496277847
2023-01-29T11:00:00Z,10671582524
2023-01-29T10:00:00Z,10671582524
2023-01-29T09:00:00Z,10671582524
2023-01-29T08:00:00Z,10650087175
2023-01-29T07:00:00Z,10647687175
2023-01-29T06:00:00Z,10639690301
2023-01-29T05:00:00Z,10622596973
2023-01-29T04:00:00Z,10622596973
2023-01-29T03:00:00Z,10610547757
2023-01-29T02:00:00Z,10613616739
2023-01-29T01:00:00Z,10613821666
2023-01-29T00:00:00Z,10601021666
2023-01-28T23:00:00Z,10583101881
2023-01-28T22:00:00Z,10580871873
2023-01-28T21:00:00Z,10559100466
2023-01-28T20:00:00Z,10573041331
2023-01-28T19:00:00Z,10561744223
2023-01-28T18:00:00Z,10604069348
2023-01-28T17:00:00Z,10600632248
2023-01-28T16:00:00Z,10600632248
2023-01-28T15:00:00Z,10591166738
2023-01-28T14:00:00Z,10596907218
2023-01-28T13:00:00Z,10561717381
2023-01-28T12:00:00Z,10557205628
2023-01-28T11:00:00Z,10569296488
2023-01-28T10:00:00Z,10567623192
2023-01-28T09:00:00Z,10565745009
2023-01-28T08:00:00Z,10586824822
2023-01-28T07:00:00Z,10600722034
2023-01-28T06:00:00Z,10636118634
2023-01-28T05:00:00Z,10589139379
2023-01-28T04:00:00Z,10589092789
2023-01-28T03:00:00Z,10591428424
2023-01-28T02:00:00Z,10590121662
2023-01-28T01:00:00Z,10607957586
2023-01-28T00:00:00Z,10607957586
2023-01-27T23:00:00Z,10578898317
2023-01-27T22:00:00Z,10572469747
2023-01-27T21:00:00Z,10550638485
2023-01-27T20:00:00Z,10538506169
2023-01-27T19:00:00Z,10540705376
2023-01-27T18:00:00Z,10533730678
2023-01-27T17:00:00Z,10530694436
2023-01-27T16:00:00Z,10563157847
2023-01-27T15:00:00Z,10565501036
2023-01-27T14:00:00Z,10589180757
2023-01-27T13:00:00Z,10593719654
2023-01-27T12:00:00Z,10595232157
2023-01-27T11:00:00Z,10601671771
2023-01-27T10:00:00Z,10620434727
2023-01-27T09:00:00Z,10603141141
2023-01-27T08:00:00Z,null
2023-01-27T07:00:00Z,null
2023-01-27T06:00:00Z,null
2023-01-27T05:00:00Z,null
2023-01-27T04:00:00Z,null
2023-01-27T03:00:00Z,null
2023-01-27T02:00:00Z,null
2023-01-27T01:00:00Z,null
2023-01-27T00:00:00Z,null
2023-01-26T23:00:00Z,null
2023-01-26T22:00:00Z,null
2023-01-26T21:00:00Z,null
2023-01-26T20:00:00Z,null
2023-01-26T19:00:00Z,null
2023-01-26T18:00:00Z,null
2023-01-26T17:00:00Z,null
2023-01-26T16:00:00Z,null
2023-01-26T15:00:00Z,null
2023-01-26T14:00:00Z,null
2023-01-26T13:00:00Z,null
2023-01-26T12:00:00Z,null
2023-01-26T11:00:00Z,null
2023-01-26T10:00:00Z,null
2023-01-26T09:00:00Z,null
2023-01-26T08:00:00Z,null
2023-01-26T07:00:00Z,null
2023-01-26T06:00:00Z,null
2023-01-26T05:00:00Z,null
2023-01-26T04:00:00Z,null
2023-01-26T03:00:00Z,null
2023-01-26T02:00:00Z,null
2023-01-26T01:00:00Z,10630598079
2023-01-26T00:00:00Z,10630598079
2023-01-25T23:00:00Z,10632959629
2023-01-25T22:00:00Z,10632959629
2023-01-25T21:00:00Z,10849245633
2023-01-25T20:00:00Z,10844124849
2023-01-25T19:00:00Z,10856456385
2023-01-25T18:00:00Z,10892351888
2023-01-25T17:00:00Z,10876963425
2023-01-25T16:00:00Z,10882484129
2023-01-25T15:00:00Z,10866553483
2023-01-25T14:00:00Z,10830456598
2023-01-25T13:00:00Z,10843132494
2023-01-25T12:00:00Z,10799215776
2023-01-25T11:00:00Z,10794831670
2023-01-25T10:00:00Z,10794831670
2023-01-25T09:00:00Z,10821827326
2023-01-25T08:00:00Z,10782001987
2023-01-25T07:00:00Z,10790933095
2023-01-25T06:00:00Z,10769908747
2023-01-25T05:00:00Z,10767882494
2023-01-25T04:00:00Z,10766810518
2023-01-25T03:00:00Z,10755893159
2023-01-25T02:00:00Z,10773581939
2023-01-25T01:00:00Z,10774008129
2023-01-25T00:00:00Z,10774873790
2023-01-24T23:00:00Z,10734743582
2023-01-24T22:00:00Z,10757938130
2023-01-24T21:00:00Z,10706029722
2023-01-24T20:00:00Z,10710377408
2023-01-24T19:00:00Z,10746228757
2023-01-24T18:00:00Z,10733354370
2023-01-24T17:00:00Z,10673145519
2023-01-24T16:00:00Z,10721711545
2023-01-24T15:00:00Z,10724067140
2023-01-24T14:00:00Z,10724810128
2023-01-24T13:00:00Z,10742477078
2023-01-24T12:00:00Z,10730941810
2023-01-24T11:00:00Z,10716117293
2023-01-24T10:00:00Z,10693336739
2023-01-24T09:00:00Z,10682204696
2023-01-24T08:00:00Z,10682204696
2023-01-24T07:00:00Z,10662628100
2023-01-24T06:00:00Z,10869806713
2023-01-24T05:00:00Z,10841824938
2023-01-24T04:00:00Z,10869646109
2023-01-24T03:00:00Z,10877381328
2023-01-24T02:00:00Z,10866691123
2023-01-24T01:00:00Z,10844321821
2023-01-24T00:00:00Z,10875798794
2023-01-23T23:00:00Z,10865867782
2023-01-23T22:00:00Z,10819617351
2023-01-23T21:00:00Z,10831167269
2023-01-23T20:00:00Z,10858553639
2023-01-23T19:00:00Z,10927177623
2023-01-23T18:00:00Z,10925124736
2023-01-23T17:00:00Z,10901832506
2023-01-23T16:00:00Z,10947250347
2023-01-23T15:00:00Z,10933802600
2023-01-23T14:00:00Z,10999120021
2023-01-23T13:00:00Z,11043065539
2023-01-23T12:00:00Z,10965295483
2023-01-23T11:00:00Z,11132796907
2023-01-23T10:00:00Z,11121888266
2023-01-23T09:00:00Z,11147656911
2023-01-23T08:00:00Z,11167434048
2023-01-23T07:00:00Z,11132090421
2023-01-23T06:00:00Z,11134930179
2023-01-23T05:00:00Z,11114465179
2023-01-23T04:00:00Z,11133405002
2023-01-23T03:00:00Z,11173481458
2023-01-23T02:00:00Z,11173646230
2023-01-23T01:00:00Z,11177857115
2023-01-23T00:00:00Z,11164789892
2023-01-22T23:00:00Z,11164672415
2023-01-22T22:00:00Z,11205770151
2023-01-22T21:00:00Z,11251120578
2023-01-22T20:00:00Z,11227982887
2023-01-22T19:00:00Z,11056568858
2023-01-22T18:00:00Z,10999001250
2023-01-22T17:00:00Z,11219874294
2023-01-22T16:00:00Z,11219874294
2023-01-22T15:00:00Z,10898821368
2023-01-22T14:00:00Z,10885307129
2023-01-22T13:00:00Z,10902779501
2023-01-22T12:00:00Z,10924146920
2023-01-22T11:00:00Z,10990033981
2023-01-22T10:00:00Z,10993139617
2023-01-22T09:00:00Z,11011262650
2023-01-22T08:00:00Z,11134161202
2023-01-22T07:00:00Z,11182928520
2023-01-22T06:00:00Z,11188803762
2023-01-22T05:00:00Z,11188803762
2023-01-22T04:00:00Z,11184502482
2023-01-22T03:00:00Z,11173489189
2023-01-22T02:00:00Z,11174667433
2023-01-22T01:00:00Z,11176439271
2023-01-22T00:00:00Z,11192872280
2023-01-21T23:00:00Z,11192988702
2023-01-21T22:00:00Z,11163226568
2023-01-21T21:00:00Z,11139446516
2023-01-21T20:00:00Z,11151754004
2023-01-21T19:00:00Z,11151664043
