_time,price
2023-05-08T02:00:00.000Z,10.7678316
2023-05-08T01:00:00.000Z,11.10508426
2023-05-08T00:00:00.000Z,11.00334
2023-05-07T23:00:00.000Z,11.02318461
2023-05-07T22:00:00.000Z,11.0327855
2023-05-07T21:00:00.000Z,11.02284568
2023-05-07T20:00:00.000Z,11.00542412
2023-05-07T19:00:00.000Z,11.00486651
2023-05-07T18:00:00.000Z,10.95739662
2023-05-07T17:00:00.000Z,10.92656696
2023-05-07T16:00:00.000Z,10.93262864
2023-05-07T15:00:00.000Z,10.98894718
2023-05-07T14:00:00.000Z,10.94046498
2023-05-07T13:00:00.000Z,10.92171827
2023-05-07T12:00:00.000Z,10.91896079
2023-05-07T11:00:00.000Z,10.92277538
2023-05-07T10:00:00.000Z,10.86773247
2023-05-07T09:00:00.000Z,10.88356949
2023-05-07T08:00:00.000Z,10.88970542
2023-05-07T07:00:00.000Z,10.87015605
2023-05-07T06:00:00.000Z,10.86087322
2023-05-07T05:00:00.000Z,10.82587167
2023-05-07T04:00:00.000Z,10.81383694
2023-05-07T03:00:00.000Z,10.8202544
2023-05-07T02:00:00.000Z,10.85681488
2023-05-07T01:00:00.000Z,10.88025592
2023-05-07T00:00:00.000Z,10.85879688
2023-05-06T23:00:00.000Z,10.86598126
2023-05-06T22:00:00.000Z,10.87988436
2023-05-06T21:00:00.000Z,10.90997967
2023-05-06T20:00:00.000Z,10.92541431
2023-05-06T19:00:00.000Z,10.94337458
2023-05-06T18:00:00.000Z,10.85814154
2023-05-06T17:00:00.000Z,10.84912115
2023-05-06T16:00:00.000Z,10.80427618
2023-05-06T15:00:00.000Z,10.83044275
2023-05-06T14:00:00.000Z,10.91266496
2023-05-06T13:00:00.000Z,11.04162766
2023-05-06T12:00:00.000Z,11.07057392
2023-05-06T11:00:00.000Z,11.0371875
2023-05-06T10:00:00.000Z,11.02893146
2023-05-06T09:00:00.000Z,11.05683698
2023-05-06T08:00:00.000Z,11.07978044
2023-05-06T07:00:00.000Z,11.09188927
2023-05-06T06:00:00.000Z,11.1008082
2023-05-06T05:00:00.000Z,11.12053627
2023-05-06T04:00:00.000Z,11.14174253
2023-05-06T03:00:00.000Z,11.14384204
2023-05-06T02:00:00.000Z,11.206504
2023-05-06T01:00:00.000Z,11.25740981
2023-05-06T00:00:00.000Z,11.23137927
2023-05-05T23:00:00.000Z,11.24363437
2023-05-05T22:00:00.000Z,11.2552491
2023-05-05T21:00:00.000Z,11.25521781
2023-05-05T20:00:00.000Z,11.26806415
2023-05-05T19:00:00.000Z,11.22029541
2023-05-05T18:00:00.000Z,11.23755703
2023-05-05T17:00:00.000Z,11.26694305
2023-05-05T16:00:00.000Z,11.20384768
2023-05-05T15:00:00.000Z,11.22862518
2023-05-05T14:00:00.000Z,11.18733442
2023-05-05T13:00:00.000Z,11.06356603
2023-05-05T12:00:00.000Z,11.12725967
2023-05-05T11:00:00.000Z,11.11198239
2023-05-05T10:00:00.000Z,11.10725477
2023-05-05T09:00:00.000Z,11.07711073
2023-05-05T08:00:00.000Z,11.09330909
2023-05-05T07:00:00.000Z,11.05535474
2023-05-05T06:00:00.000Z,11.05923682
2023-05-05T05:00:00.000Z,11.10477495
2023-05-05T04:00:00.000Z,11.05239074
2023-05-05T03:00:00.000Z,11.07870611
2023-05-05T02:00:00.000Z,11.0701266
2023-05-05T01:00:00.000Z,11.00547276
2023-05-05T00:00:00.000Z,10.98253142
2023-05-04T23:00:00.000Z,10.9557873
2023-05-04T22:00:00.000Z,10.93455194
2023-05-04T21:00:00.000Z,10.94297162
2023-05-04T20:00:00.000Z,10.94457775
2023-05-04T19:00:00.000Z,10.91119548
2023-05-04T18:00:00.000Z,10.94933279
2023-05-04T17:00:00.000Z,10.95365552
2023-05-04T16:00:00.000Z,10.94999439
2023-05-04T15:00:00.000Z,10.97340986
2023-05-04T14:00:00.000Z,10.92691982
2023-05-04T13:00:00.000Z,11.02157235
2023-05-04T12:00:00.000Z,11.05902325
2023-05-04T11:00:00.000Z,11.12108803
2023-05-04T10:00:00.000Z,11.06411248
2023-05-04T09:00:00.000Z,11.07542845
2023-05-04T08:00:00.000Z,11.05498753
2023-05-04T07:00:00.000Z,11.07025217
2023-05-04T06:00:00.000Z,11.0847297
2023-05-04T05:00:00.000Z,11.03177146
2023-05-04T04:00:00.000Z,11.04566528
2023-05-04T03:00:00.000Z,11.04739136
2023-05-04T02:00:00.000Z,11.06456719
2023-05-04T01:00:00.000Z,11.06442
2023-05-04T00:00:00.000Z,11.10177223
2023-05-03T23:00:00.000Z,11.15459682
2023-05-03T22:00:00.000Z,11.09571946
2023-05-03T21:00:00.000Z,10.92185999
2023-05-03T20:00:00.000Z,10.87174208
2023-05-03T19:00:00.000Z,10.96436524
2023-05-03T18:00:00.000Z,10.84584914
2023-05-03T17:00:00.000Z,10.85710041
2023-05-03T16:00:00.000Z,10.85245271
2023-05-03T15:00:00.000Z,10.80632573
2023-05-03T14:00:00.000Z,10.87457472
2023-05-03T13:00:00.000Z,10.79251731
2023-05-03T12:00:00.000Z,10.93292987
2023-05-03T11:00:00.000Z,10.98403367
2023-05-03T10:00:00.000Z,11.00739062
2023-05-03T09:00:00.000Z,11.04902756
2023-05-03T08:00:00.000Z,11.04940553
2023-05-03T07:00:00.000Z,11.06096245
2023-05-03T06:00:00.000Z,10.9857141
2023-05-03T05:00:00.000Z,10.97044671
2023-05-03T04:00:00.000Z,10.95927874
2023-05-03T03:00:00.000Z,10.95602244
2023-05-03T02:00:00.000Z,10.96431001
2023-05-03T01:00:00.000Z,10.98416031
2023-05-03T00:00:00.000Z,11.040424
2023-05-02T23:00:00.000Z,11.0604246
2023-05-02T22:00:00.000Z,11.04187013
2023-05-02T21:00:00.000Z,11.04508593
2023-05-02T20:00:00.000Z,11.07499181
2023-05-02T19:00:00.000Z,11.0839896
2023-05-02T18:00:00.000Z,11.03578479
2023-05-02T17:00:00.000Z,10.98876288
2023-05-02T16:00:00.000Z,11.02803584
2023-05-02T15:00:00.000Z,11.00104315
2023-05-02T14:00:00.000Z,10.95723171
2023-05-02T13:00:00.000Z,11.01373578
2023-05-02T12:00:00.000Z,10.98666624
2023-05-02T11:00:00.000Z,10.97712046
2023-05-02T10:00:00.000Z,10.94356832
2023-05-02T09:00:00.000Z,11.00081438
2023-05-02T08:00:00.000Z,11.01051123
2023-05-02T07:00:00.000Z,10.96508697
2023-05-02T06:00:00.000Z,10.96932764
2023-05-02T05:00:00.000Z,10.94455949
2023-05-02T04:00:00.000Z,10.98920015
2023-05-02T03:00:00.000Z,10.99073547
2023-05-02T02:00:00.000Z,10.93458074
2023-05-02T01:00:00.000Z,10.9849817
2023-05-02T00:00:00.000Z,11.0091659
2023-05-01T23:00:00.000Z,10.99231453
2023-05-01T22:00:00.000Z,10.96349869
2023-05-01T21:00:00.000Z,10.88681386
2023-05-01T20:00:00.000Z,10.86445447
2023-05-01T19:00:00.000Z,10.92065273
2023-05-01T18:00:00.000Z,10.96602857
2023-05-01T17:00:00.000Z,11.03130039
2023-05-01T16:00:00.000Z,11.0718343
2023-05-01T15:00:00.000Z,11.12434593
2023-05-01T14:00:00.000Z,11.18071318
2023-05-01T13:00:00.000Z,11.25384546
2023-05-01T12:00:00.000Z,11.23027022
2023-05-01T11:00:00.000Z,11.28660149
2023-05-01T10:00:00.000Z,11.31626909
2023-05-01T09:00:00.000Z,11.29547709
2023-05-01T08:00:00.000Z,11.29621597
2023-05-01T07:00:00.000Z,11.30424727
2023-05-01T06:00:00.000Z,11.24948859
2023-05-01T05:00:00.000Z,11.26552311
2023-05-01T04:00:00.000Z,11.26079556
2023-05-01T03:00:00.000Z,11.30178285
2023-05-01T02:00:00.000Z,11.25002215
2023-05-01T01:00:00.000Z,11.50830293
2023-05-01T00:00:00.000Z,11.56737231
2023-04-30T23:00:00.000Z,11.5859206
2023-04-30T22:00:00.000Z,11.62349204
2023-04-30T21:00:00.000Z,11.48765715
2023-04-30T20:00:00.000Z,11.64041829
2023-04-30T19:00:00.000Z,11.80386288
2023-04-30T18:00:00.000Z,11.78402682
2023-04-30T17:00:00.000Z,11.82989789
2023-04-30T16:00:00.000Z,11.83286067
2023-04-30T15:00:00.000Z,11.87319699
2023-04-30T14:00:00.000Z,11.81069855
2023-04-30T13:00:00.000Z,11.7780585
2023-04-30T12:00:00.000Z,11.84056721
2023-04-30T11:00:00.000Z,11.88907914
2023-04-30T10:00:00.000Z,11.91050179
2023-04-30T09:00:00.000Z,11.93024283
2023-04-30T08:00:00.000Z,11.82897115
2023-04-30T07:00:00.000Z,11.80830191
2023-04-30T06:00:00.000Z,11.76921019
2023-04-30T05:00:00.000Z,11.74407377
2023-04-30T04:00:00.000Z,11.73087258
2023-04-30T03:00:00.000Z,11.71743023
2023-04-30T02:00:00.000Z,11.65129916
2023-04-30T01:00:00.000Z,11.70099448
2023-04-30T00:00:00.000Z,11.71955519
2023-04-29T23:00:00.000Z,11.65612597
2023-04-29T22:00:00.000Z,11.66692236
2023-04-29T21:00:00.000Z,11.69842897
2023-04-29T20:00:00.000Z,11.73984135
2023-04-29T19:00:00.000Z,11.71389156
2023-04-29T18:00:00.000Z,11.62476026
2023-04-29T17:00:00.000Z,11.7118471
2023-04-29T16:00:00.000Z,11.68774332
2023-04-29T15:00:00.000Z,11.71500027
2023-04-29T14:00:00.000Z,11.69357581
2023-04-29T13:00:00.000Z,11.69331762
2023-04-29T12:00:00.000Z,11.6783248
2023-04-29T11:00:00.000Z,11.64240391
2023-04-29T10:00:00.000Z,11.67042472
2023-04-29T09:00:00.000Z,11.67464416
2023-04-29T08:00:00.000Z,11.70913119
2023-04-29T07:00:00.000Z,11.71815221
2023-04-29T06:00:00.000Z,11.78883225
2023-04-29T05:00:00.000Z,11.74279208
2023-04-29T04:00:00.000Z,11.76768258
2023-04-29T03:00:00.000Z,11.73984395
2023-04-29T02:00:00.000Z,11.73553994
2023-04-29T01:00:00.000Z,11.70030995
2023-04-29T00:00:00.000Z,11.71867375
2023-04-28T23:00:00.000Z,11.74650875
2023-04-28T22:00:00.000Z,11.7102625
2023-04-28T21:00:00.000Z,11.66264256
2023-04-28T20:00:00.000Z,11.66466805
2023-04-28T19:00:00.000Z,11.67794484
2023-04-28T18:00:00.000Z,11.6882433
2023-04-28T17:00:00.000Z,11.68030362
2023-04-28T16:00:00.000Z,11.6892981
2023-04-28T15:00:00.000Z,11.55277681
2023-04-28T14:00:00.000Z,11.41367435
2023-04-28T13:00:00.000Z,11.41392852
2023-04-28T12:00:00.000Z,11.41057173
2023-04-28T11:00:00.000Z,11.44834079
2023-04-28T10:00:00.000Z,11.42253958
2023-04-28T09:00:00.000Z,11.41938808
2023-04-28T08:00:00.000Z,11.50607072
2023-04-28T07:00:00.000Z,11.4889495
2023-04-28T06:00:00.000Z,11.50298498
2023-04-28T05:00:00.000Z,11.5225596
2023-04-28T04:00:00.000Z,11.5275249
2023-04-28T03:00:00.000Z,11.44471341
2023-04-28T02:00:00.000Z,11.5698772
2023-04-28T01:00:00.000Z,11.51267329
2023-04-28T00:00:00.000Z,11.52812564
2023-04-27T23:00:00.000Z,11.47678348
2023-04-27T22:00:00.000Z,11.63134636
2023-04-27T21:00:00.000Z,11.6689509
2023-04-27T20:00:00.000Z,11.61837737
2023-04-27T19:00:00.000Z,11.58394319
2023-04-27T18:00:00.000Z,11.41788479
2023-04-27T17:00:00.000Z,11.39536957
2023-04-27T16:00:00.000Z,11.45682269
2023-04-27T15:00:00.000Z,11.38716227
2023-04-27T14:00:00.000Z,11.42914303
2023-04-27T13:00:00.000Z,11.44217328
2023-04-27T12:00:00.000Z,11.38653433
2023-04-27T11:00:00.000Z,11.44047352
2023-04-27T10:00:00.000Z,11.21256754
2023-04-27T09:00:00.000Z,11.22703359
2023-04-27T08:00:00.000Z,11.22534894
2023-04-27T07:00:00.000Z,11.24779567
2023-04-27T06:00:00.000Z,11.32470408
2023-04-27T05:00:00.000Z,11.28588241
2023-04-27T04:00:00.000Z,11.19603473
2023-04-27T03:00:00.000Z,11.16227473
2023-04-27T02:00:00.000Z,11.03455916
2023-04-27T01:00:00.000Z,11.19227559
2023-04-27T00:00:00.000Z,10.9272174
2023-04-26T23:00:00.000Z,10.82651103
2023-04-26T22:00:00.000Z,10.82192628
2023-04-26T21:00:00.000Z,10.59547609
2023-04-26T20:00:00.000Z,10.5711327
2023-04-26T19:00:00.000Z,11.23550971
2023-04-26T18:00:00.000Z,11.24414362
2023-04-26T17:00:00.000Z,11.2717999
2023-04-26T16:00:00.000Z,11.29356073
2023-04-26T15:00:00.000Z,11.25700355
2023-04-26T14:00:00.000Z,11.32141149
2023-04-26T13:00:00.000Z,11.3693483
2023-04-26T12:00:00.000Z,11.16951467
2023-04-26T11:00:00.000Z,11.21623542
2023-04-26T10:00:00.000Z,11.11966813
2023-04-26T09:00:00.000Z,11.08339279
2023-04-26T08:00:00.000Z,11.00249125
2023-04-26T07:00:00.000Z,11.04583257
2023-04-26T06:00:00.000Z,11.06094421
2023-04-26T05:00:00.000Z,11.02549853
2023-04-26T04:00:00.000Z,11.02227222
2023-04-26T03:00:00.000Z,11.03700794
2023-04-26T02:00:00.000Z,11.02082136
2023-04-26T01:00:00.000Z,11.03957021
2023-04-26T00:00:00.000Z,11.05327984
2023-04-25T23:00:00.000Z,11.02004089
2023-04-25T22:00:00.000Z,11.0620486
2023-04-25T21:00:00.000Z,10.98527162
2023-04-25T20:00:00.000Z,10.7401915
2023-04-25T19:00:00.000Z,10.76110067
2023-04-25T18:00:00.000Z,10.80545117
2023-04-25T17:00:00.000Z,10.75749339
2023-04-25T16:00:00.000Z,10.74201627
2023-04-25T15:00:00.000Z,10.76578825
2023-04-25T14:00:00.000Z,10.81791734
2023-04-25T13:00:00.000Z,10.77838455
2023-04-25T12:00:00.000Z,10.78066286
2023-04-25T11:00:00.000Z,10.74169415
2023-04-25T10:00:00.000Z,10.73628979
2023-04-25T09:00:00.000Z,10.76532498
2023-04-25T08:00:00.000Z,10.70018087
2023-04-25T07:00:00.000Z,10.77037312
2023-04-25T06:00:00.000Z,10.81080908
2023-04-25T05:00:00.000Z,10.83519758
2023-04-25T04:00:00.000Z,10.75860023
2023-04-25T03:00:00.000Z,10.81005159
2023-04-25T02:00:00.000Z,10.84665912
2023-04-25T01:00:00.000Z,10.85250247
2023-04-25T00:00:00.000Z,10.8850953
2023-04-24T23:00:00.000Z,10.85541411
2023-04-24T22:00:00.000Z,10.82991558
2023-04-24T21:00:00.000Z,10.82168147
2023-04-24T20:00:00.000Z,10.8040404
2023-04-24T19:00:00.000Z,10.84184081
2023-04-24T18:00:00.000Z,10.82430012
2023-04-24T17:00:00.000Z,10.73144497
2023-04-24T16:00:00.000Z,10.780166
2023-04-24T15:00:00.000Z,10.83227682
2023-04-24T14:00:00.000Z,10.952906
2023-04-24T13:00:00.000Z,10.82961076
2023-04-24T12:00:00.000Z,10.84566311
2023-04-24T11:00:00.000Z,10.78045654
2023-04-24T10:00:00.000Z,10.7227439
2023-04-24T09:00:00.000Z,10.67521199
2023-04-24T08:00:00.000Z,10.76133507
2023-04-24T07:00:00.000Z,10.77609842
2023-04-24T06:00:00.000Z,10.85437818
2023-04-24T05:00:00.000Z,10.87305064
2023-04-24T04:00:00.000Z,10.92044032
2023-04-24T03:00:00.000Z,10.90608874
2023-04-24T02:00:00.000Z,10.94279636
2023-04-24T01:00:00.000Z,10.89496488
2023-04-24T00:00:00.000Z,10.82650071
2023-04-23T23:00:00.000Z,10.81775804
2023-04-23T22:00:00.000Z,10.8007138
2023-04-23T21:00:00.000Z,10.78597969
2023-04-23T20:00:00.000Z,10.73522972
2023-04-23T19:00:00.000Z,10.63980644
2023-04-23T18:00:00.000Z,10.77305516
2023-04-23T17:00:00.000Z,10.85583918
2023-04-23T16:00:00.000Z,10.82967386
2023-04-23T15:00:00.000Z,10.85143417
2023-04-23T14:00:00.000Z,10.92967282
2023-04-23T13:00:00.000Z,10.96506166
2023-04-23T12:00:00.000Z,10.98658647
2023-04-23T11:00:00.000Z,10.95448499
2023-04-23T10:00:00.000Z,10.9800135
2023-04-23T09:00:00.000Z,10.98205166
2023-04-23T08:00:00.000Z,10.98080288
2023-04-23T07:00:00.000Z,10.94710087
2023-04-23T06:00:00.000Z,10.95496034
2023-04-23T05:00:00.000Z,10.94514254
2023-04-23T04:00:00.000Z,10.94377078
2023-04-23T03:00:00.000Z,10.92849829
2023-04-23T02:00:00.000Z,10.91562825
2023-04-23T01:00:00.000Z,10.92947285
2023-04-23T00:00:00.000Z,11.04205657
2023-04-22T23:00:00.000Z,11.04067147
2023-04-22T22:00:00.000Z,11.02191613
2023-04-22T21:00:00.000Z,11.00555303
2023-04-22T20:00:00.000Z,10.99909398
2023-04-22T19:00:00.000Z,10.9708459
2023-04-22T18:00:00.000Z,10.99270628
2023-04-22T17:00:00.000Z,10.9621895
2023-04-22T16:00:00.000Z,11.00089676
2023-04-22T15:00:00.000Z,10.97094883
2023-04-22T14:00:00.000Z,10.85621411
2023-04-22T13:00:00.000Z,10.91461386
2023-04-22T12:00:00.000Z,10.86035805
2023-04-22T11:00:00.000Z,10.8278023
2023-04-22T10:00:00.000Z,10.88255736
2023-04-22T09:00:00.000Z,10.86879309
2023-04-22T08:00:00.000Z,10.89328845
2023-04-22T07:00:00.000Z,10.82846545
2023-04-22T06:00:00.000Z,10.89170001
2023-04-22T05:00:00.000Z,10.85610084
2023-04-22T04:00:00.000Z,10.77351075
2023-04-22T03:00:00.000Z,10.76656315
2023-04-22T02:00:00.000Z,10.78459228
2023-04-22T01:00:00.000Z,10.747142
2023-04-22T00:00:00.000Z,10.80339331
2023-04-21T23:00:00.000Z,10.7451802
2023-04-21T22:00:00.000Z,10.70585001
2023-04-21T21:00:00.000Z,10.68823602
2023-04-21T20:00:00.000Z,10.77963192
2023-04-21T19:00:00.000Z,11.01038887
2023-04-21T18:00:00.000Z,11.07055678
2023-04-21T17:00:00.000Z,11.13681055
2023-04-21T16:00:00.000Z,11.12452646
2023-04-21T15:00:00.000Z,11.14352729
2023-04-21T14:00:00.000Z,11.20926888
2023-04-21T13:00:00.000Z,11.29735316
2023-04-21T12:00:00.000Z,11.2992747
2023-04-21T11:00:00.000Z,11.30711955
2023-04-21T10:00:00.000Z,11.38852378
2023-04-21T09:00:00.000Z,11.40841001
2023-04-21T08:00:00.000Z,11.41677492
2023-04-21T07:00:00.000Z,11.24427553
2023-04-21T06:00:00.000Z,11.3135326
2023-04-21T05:00:00.000Z,11.35510364
2023-04-21T04:00:00.000Z,11.41615706
2023-04-21T03:00:00.000Z,11.34666431
2023-04-21T02:00:00.000Z,11.33703782
2023-04-21T01:00:00.000Z,11.46597498
2023-04-21T00:00:00.000Z,11.39034712
2023-04-20T23:00:00.000Z,11.43066982
2023-04-20T22:00:00.000Z,11.4292966
2023-04-20T21:00:00.000Z,11.46743355
2023-04-20T20:00:00.000Z,11.37526502
2023-04-20T19:00:00.000Z,11.41170883
2023-04-20T18:00:00.000Z,11.38952891
2023-04-20T17:00:00.000Z,11.41578889
2023-04-20T16:00:00.000Z,11.59808164
2023-04-20T15:00:00.000Z,11.80564663
2023-04-20T14:00:00.000Z,11.86817936
2023-04-20T13:00:00.000Z,11.90179153
2023-04-20T12:00:00.000Z,11.73685352
2023-04-20T11:00:00.000Z,11.85867764
2023-04-20T10:00:00.000Z,11.8773295
2023-04-20T09:00:00.000Z,11.87350409
2023-04-20T08:00:00.000Z,11.91345799
2023-04-20T07:00:00.000Z,12.020512
2023-04-20T06:00:00.000Z,11.97668249
2023-04-20T05:00:00.000Z,11.98313216
2023-04-20T04:00:00.000Z,11.81074774
2023-04-20T03:00:00.000Z,11.77191146
2023-04-20T02:00:00.000Z,11.88052535
2023-04-20T01:00:00.000Z,11.81863109
2023-04-20T00:00:00.000Z,11.70608591
2023-04-19T23:00:00.000Z,11.89361923
2023-04-19T22:00:00.000Z,11.86858197
2023-04-19T21:00:00.000Z,11.86522369
2023-04-19T20:00:00.000Z,11.85687274
2023-04-19T19:00:00.000Z,11.83261583
2023-04-19T18:00:00.000Z,11.87136514
2023-04-19T17:00:00.000Z,11.95245357
2023-04-19T16:00:00.000Z,11.86994577
2023-04-19T15:00:00.000Z,11.95535315
2023-04-19T14:00:00.000Z,11.86746731
2023-04-19T13:00:00.000Z,11.78457968
2023-04-19T12:00:00.000Z,11.80423715
2023-04-19T11:00:00.000Z,11.77887417
2023-04-19T10:00:00.000Z,11.77428747
2023-04-19T09:00:00.000Z,11.75111376
2023-04-19T08:00:00.000Z,12.31854128
2023-04-19T07:00:00.000Z,12.32088124
2023-04-19T06:00:00.000Z,12.48366955
2023-04-19T05:00:00.000Z,12.46013244
2023-04-19T04:00:00.000Z,12.3899979
2023-04-19T03:00:00.000Z,12.41716085
2023-04-19T02:00:00.000Z,12.454843
2023-04-19T01:00:00.000Z,12.48581725
2023-04-19T00:00:00.000Z,12.55375161
2023-04-18T23:00:00.000Z,12.5377779
2023-04-18T22:00:00.000Z,12.54455176
2023-04-18T21:00:00.000Z,12.54653631
2023-04-18T20:00:00.000Z,12.45140607
2023-04-18T19:00:00.000Z,12.45229368
2023-04-18T18:00:00.000Z,12.39389948
2023-04-18T17:00:00.000Z,12.57628952
2023-04-18T16:00:00.000Z,12.56788553
2023-04-18T15:00:00.000Z,12.62478526
2023-04-18T14:00:00.000Z,12.70580642
2023-04-18T13:00:00.000Z,12.6862692
2023-04-18T12:00:00.000Z,12.76092016
2023-04-18T11:00:00.000Z,12.65240734
2023-04-18T10:00:00.000Z,12.65688224
2023-04-18T09:00:00.000Z,12.59654801
2023-04-18T08:00:00.000Z,12.67742934
2023-04-18T07:00:00.000Z,12.6383736
2023-04-18T06:00:00.000Z,12.56642296
2023-04-18T05:00:00.000Z,12.45781914
2023-04-18T04:00:00.000Z,12.47650403
2023-04-18T03:00:00.000Z,12.41560432
2023-04-18T02:00:00.000Z,12.29339742
2023-04-18T01:00:00.000Z,12.26869303
2023-04-18T00:00:00.000Z,12.34479393
2023-04-17T23:00:00.000Z,12.41997741
2023-04-17T22:00:00.000Z,12.40569658
2023-04-17T21:00:00.000Z,12.48040764
2023-04-17T20:00:00.000Z,12.50067669
2023-04-17T19:00:00.000Z,12.50894011
2023-04-17T18:00:00.000Z,12.45428824
2023-04-17T17:00:00.000Z,12.49252342
2023-04-17T16:00:00.000Z,12.46016826
2023-04-17T15:00:00.000Z,12.56434842
2023-04-17T14:00:00.000Z,12.59996924
2023-04-17T13:00:00.000Z,12.64259708
2023-04-17T12:00:00.000Z,12.57999016
2023-04-17T11:00:00.000Z,12.65502601
2023-04-17T10:00:00.000Z,12.57855243
2023-04-17T09:00:00.000Z,12.64317924
2023-04-17T08:00:00.000Z,12.5453377
2023-04-17T07:00:00.000Z,12.54100474
2023-04-17T06:00:00.000Z,12.69795551
2023-04-17T05:00:00.000Z,12.77974416
2023-04-17T04:00:00.000Z,12.84086921
2023-04-17T03:00:00.000Z,12.89959705
2023-04-17T02:00:00.000Z,12.78804942
2023-04-17T01:00:00.000Z,12.50233024
2023-04-17T00:00:00.000Z,12.69337564
2023-04-16T23:00:00.000Z,12.77803607
2023-04-16T22:00:00.000Z,12.8643301
2023-04-16T21:00:00.000Z,12.82471827
2023-04-16T20:00:00.000Z,12.73751587
2023-04-16T19:00:00.000Z,12.7735644
2023-04-16T18:00:00.000Z,12.70915715
2023-04-16T17:00:00.000Z,12.70804224
2023-04-16T16:00:00.000Z,12.72425251
2023-04-16T15:00:00.000Z,12.68778487
2023-04-16T14:00:00.000Z,12.5776323
2023-04-16T13:00:00.000Z,12.60901738
2023-04-16T12:00:00.000Z,12.60419983
2023-04-16T11:00:00.000Z,12.69588499
2023-04-16T10:00:00.000Z,12.76211186
2023-04-16T09:00:00.000Z,12.8751221
2023-04-16T08:00:00.000Z,12.7903348
2023-04-16T07:00:00.000Z,12.82413432
2023-04-16T06:00:00.000Z,12.76274248
2023-04-16T05:00:00.000Z,12.6925936
2023-04-16T04:00:00.000Z,12.72472244
2023-04-16T03:00:00.000Z,12.67126853
2023-04-16T02:00:00.000Z,12.62006483
2023-04-16T01:00:00.000Z,12.62036901
2023-04-16T00:00:00.000Z,12.3921285
2023-04-15T23:00:00.000Z,12.31772169
2023-04-15T22:00:00.000Z,12.27521666
2023-04-15T21:00:00.000Z,12.30612771
2023-04-15T20:00:00.000Z,12.39802992
2023-04-15T19:00:00.000Z,12.4631182
2023-04-15T18:00:00.000Z,12.35553338
2023-04-15T17:00:00.000Z,12.42440424
2023-04-15T16:00:00.000Z,12.37805995
2023-04-15T15:00:00.000Z,12.33767437
2023-04-15T14:00:00.000Z,12.27310137
2023-04-15T13:00:00.000Z,12.35307047
2023-04-15T12:00:00.000Z,12.35881606
2023-04-15T11:00:00.000Z,12.38712832
2023-04-15T10:00:00.000Z,12.34635565
2023-04-15T09:00:00.000Z,12.29737375
2023-04-15T08:00:00.000Z,12.2812991
2023-04-15T07:00:00.000Z,12.28453376
2023-04-15T06:00:00.000Z,12.2954217
2023-04-15T05:00:00.000Z,12.24246558
2023-04-15T04:00:00.000Z,12.23778832
2023-04-15T03:00:00.000Z,12.14589168
2023-04-15T02:00:00.000Z,12.16779183
2023-04-15T01:00:00.000Z,12.1644929
2023-04-15T00:00:00.000Z,12.26210493
2023-04-14T23:00:00.000Z,12.30162624
2023-04-14T22:00:00.000Z,12.27466267
2023-04-14T21:00:00.000Z,12.3728433
2023-04-14T20:00:00.000Z,12.39565378
2023-04-14T19:00:00.000Z,12.32287168
2023-04-14T18:00:00.000Z,12.2280799
2023-04-14T17:00:00.000Z,12.09818726
2023-04-14T16:00:00.000Z,12.18924538
2023-04-14T15:00:00.000Z,12.31534313
2023-04-14T14:00:00.000Z,12.25331209
2023-04-14T13:00:00.000Z,12.13117785
2023-04-14T12:00:00.000Z,12.30777166
2023-04-14T11:00:00.000Z,12.32955874
2023-04-14T10:00:00.000Z,12.38644577
2023-04-14T09:00:00.000Z,12.24316546
2023-04-14T08:00:00.000Z,12.09827905
2023-04-14T07:00:00.000Z,12.22146391
2023-04-14T06:00:00.000Z,12.1918007
2023-04-14T05:00:00.000Z,12.08849159
2023-04-14T04:00:00.000Z,12.05914577
2023-04-14T03:00:00.000Z,11.92955349
2023-04-14T02:00:00.000Z,12.02177918
2023-04-14T01:00:00.000Z,11.95460906
2023-04-14T00:00:00.000Z,11.82025699
2023-04-13T23:00:00.000Z,11.84317474
2023-04-13T22:00:00.000Z,11.81113379
2023-04-13T21:00:00.000Z,11.79549309
2023-04-13T20:00:00.000Z,11.83620009
2023-04-13T19:00:00.000Z,11.86113723
2023-04-13T18:00:00.000Z,11.90563008
2023-04-13T17:00:00.000Z,11.8993308
2023-04-13T16:00:00.000Z,11.81415612
2023-04-13T15:00:00.000Z,11.85036804
2023-04-13T14:00:00.000Z,11.7750778
2023-04-13T13:00:00.000Z,11.72354659
2023-04-13T12:00:00.000Z,11.55081977
2023-04-13T11:00:00.000Z,11.50013684
2023-04-13T10:00:00.000Z,11.48965228
2023-04-13T09:00:00.000Z,11.44802413
2023-04-13T08:00:00.000Z,11.34962761
2023-04-13T07:00:00.000Z,11.32526063
2023-04-13T06:00:00.000Z,11.35670654
2023-04-13T05:00:00.000Z,11.34926414
2023-04-13T04:00:00.000Z,11.32072906
2023-04-13T03:00:00.000Z,11.33103
2023-04-13T02:00:00.000Z,11.30192031
2023-04-13T01:00:00.000Z,11.29602708
2023-04-13T00:00:00.000Z,11.32315581
2023-04-12T23:00:00.000Z,11.28628251
2023-04-12T22:00:00.000Z,11.302764
2023-04-12T21:00:00.000Z,11.28037888
2023-04-12T20:00:00.000Z,11.21138225
2023-04-12T19:00:00.000Z,11.25474729
2023-04-12T18:00:00.000Z,11.31597495
2023-04-12T17:00:00.000Z,11.25681521
2023-04-12T16:00:00.000Z,11.26856607
2023-04-12T15:00:00.000Z,11.30496218
2023-04-12T14:00:00.000Z,11.23206716
2023-04-12T13:00:00.000Z,11.24559364
2023-04-12T12:00:00.000Z,11.13241686
2023-04-12T11:00:00.000Z,11.1208696
2023-04-12T10:00:00.000Z,11.10382352
2023-04-12T09:00:00.000Z,11.12115765
2023-04-12T08:00:00.000Z,11.13125797
2023-04-12T07:00:00.000Z,11.11418019
2023-04-12T06:00:00.000Z,11.07323542
2023-04-12T05:00:00.000Z,11.07015443
2023-04-12T04:00:00.000Z,11.04445159
2023-04-12T03:00:00.000Z,11.02651606
2023-04-12T02:00:00.000Z,11.1629642
2023-04-12T01:00:00.000Z,11.26062992
2023-04-12T00:00:00.000Z,11.27885769
2023-04-11T23:00:00.000Z,11.29097517
2023-04-11T22:00:00.000Z,11.27092798
2023-04-11T21:00:00.000Z,11.28487004
2023-04-11T20:00:00.000Z,11.24577165
2023-04-11T19:00:00.000Z,11.2866533
2023-04-11T18:00:00.000Z,11.2853341
2023-04-11T17:00:00.000Z,11.30350775
2023-04-11T16:00:00.000Z,11.34432985
2023-04-11T15:00:00.000Z,11.31112812
2023-04-11T14:00:00.000Z,11.32645437
2023-04-11T13:00:00.000Z,11.3344334
2023-04-11T12:00:00.000Z,11.36035149
2023-04-11T11:00:00.000Z,11.3439926
2023-04-11T10:00:00.000Z,11.31976327
2023-04-11T09:00:00.000Z,11.3539042
2023-04-11T08:00:00.000Z,11.32827298
2023-04-11T07:00:00.000Z,11.25229826
2023-04-11T06:00:00.000Z,11.23938949
2023-04-11T05:00:00.000Z,11.25797932
2023-04-11T04:00:00.000Z,11.20065332
2023-04-11T03:00:00.000Z,11.22220171
2023-04-11T02:00:00.000Z,11.24395031
2023-04-11T01:00:00.000Z,11.18270069
2023-04-11T00:00:00.000Z,11.18700961
2023-04-10T23:00:00.000Z,11.21050576
2023-04-10T22:00:00.000Z,11.12595126
2023-04-10T21:00:00.000Z,11.06921665
2023-04-10T20:00:00.000Z,11.13069387
2023-04-10T19:00:00.000Z,11.14958633
2023-04-10T18:00:00.000Z,11.13306398
2023-04-10T17:00:00.000Z,11.09602936
2023-04-10T16:00:00.000Z,11.01309348
2023-04-10T15:00:00.000Z,10.97611515
2023-04-10T14:00:00.000Z,10.95717095
2023-04-10T13:00:00.000Z,10.99005669
2023-04-10T12:00:00.000Z,11.01381854
2023-04-10T11:00:00.000Z,11.0319027
2023-04-10T10:00:00.000Z,11.03961028
2023-04-10T09:00:00.000Z,11.05172389
2023-04-10T08:00:00.000Z,11.0370227
2023-04-10T07:00:00.000Z,11.01080399
2023-04-10T06:00:00.000Z,11.02700482
2023-04-10T05:00:00.000Z,10.97925706
2023-04-10T04:00:00.000Z,10.98527482
2023-04-10T03:00:00.000Z,10.9624883
2023-04-10T02:00:00.000Z,10.93884901
2023-04-10T01:00:00.000Z,11.03197265
2023-04-10T00:00:00.000Z,11.04011635
2023-04-09T23:00:00.000Z,11.07217751
2023-04-09T22:00:00.000Z,11.0506748
2023-04-09T21:00:00.000Z,10.99228718
2023-04-09T20:00:00.000Z,11.02116676
2023-04-09T19:00:00.000Z,11.01164251
2023-04-09T18:00:00.000Z,10.95024272
2023-04-09T17:00:00.000Z,10.95548527
2023-04-09T16:00:00.000Z,10.95289952
2023-04-09T15:00:00.000Z,10.93348559
2023-04-09T14:00:00.000Z,10.94950938
2023-04-09T13:00:00.000Z,10.93630601
2023-04-09T12:00:00.000Z,10.94477755
2023-04-09T11:00:00.000Z,10.91354347
2023-04-09T10:00:00.000Z,10.92644181
2023-04-09T09:00:00.000Z,10.9594185
2023-04-09T08:00:00.000Z,10.94936265
2023-04-09T07:00:00.000Z,10.90927447
2023-04-09T06:00:00.000Z,10.99530945
2023-04-09T05:00:00.000Z,11.01620282
2023-04-09T04:00:00.000Z,11.01056414
2023-04-09T03:00:00.000Z,11.02534892
2023-04-09T02:00:00.000Z,11.04617523
2023-04-09T01:00:00.000Z,11.00680537
2023-04-09T00:00:00.000Z,10.95750062
2023-04-08T23:00:00.000Z,10.93456267
2023-04-08T22:00:00.000Z,10.95699051
2023-04-08T21:00:00.000Z,10.97049573
2023-04-08T20:00:00.000Z,10.95267621
2023-04-08T19:00:00.000Z,10.97147134
2023-04-08T18:00:00.000Z,11.00864534
2023-04-08T17:00:00.000Z,11.06918698
2023-04-08T16:00:00.000Z,11.07593297
2023-04-08T15:00:00.000Z,11.06309635
2023-04-08T14:00:00.000Z,11.0893841
2023-04-08T13:00:00.000Z,11.0699251
2023-04-08T12:00:00.000Z,11.08003683
2023-04-08T11:00:00.000Z,11.06242319
2023-04-08T10:00:00.000Z,11.10404097
2023-04-08T09:00:00.000Z,11.09250937
2023-04-08T08:00:00.000Z,11.10518223
2023-04-08T07:00:00.000Z,11.17043102
2023-04-08T06:00:00.000Z,11.12508296
2023-04-08T05:00:00.000Z,11.0625756
2023-04-08T04:00:00.000Z,11.06677634
2023-04-08T03:00:00.000Z,10.99809244
2023-04-08T02:00:00.000Z,10.95775943
2023-04-08T01:00:00.000Z,10.9760291
2023-04-08T00:00:00.000Z,11.05449305
2023-04-07T23:00:00.000Z,11.06879856
2023-04-07T22:00:00.000Z,11.01880864
2023-04-07T21:00:00.000Z,11.00149065
2023-04-07T20:00:00.000Z,11.03238265
2023-04-07T19:00:00.000Z,11.02570055
2023-04-07T18:00:00.000Z,11.04291145
2023-04-07T17:00:00.000Z,11.03088699
2023-04-07T16:00:00.000Z,11.05477823
2023-04-07T15:00:00.000Z,11.0631577
2023-04-07T14:00:00.000Z,11.0031107
2023-04-07T13:00:00.000Z,11.02964217
2023-04-07T12:00:00.000Z,10.96475432
2023-04-07T11:00:00.000Z,11.03283359
2023-04-07T10:00:00.000Z,10.9779853
2023-04-07T09:00:00.000Z,10.95732567
2023-04-07T08:00:00.000Z,10.98982756
2023-04-07T07:00:00.000Z,11.08939217
2023-04-07T06:00:00.000Z,11.14727221
2023-04-07T05:00:00.000Z,11.18578216
2023-04-07T04:00:00.000Z,11.16331897
2023-04-07T03:00:00.000Z,11.14559362
2023-04-07T02:00:00.000Z,11.29835739
2023-04-07T01:00:00.000Z,11.32104067
2023-04-07T00:00:00.000Z,11.3290796
2023-04-06T23:00:00.000Z,11.38913572
2023-04-06T22:00:00.000Z,11.39911423
2023-04-06T21:00:00.000Z,11.37442911
2023-04-06T20:00:00.000Z,11.39728195
2023-04-06T19:00:00.000Z,11.36998341
2023-04-06T18:00:00.000Z,11.41840802
2023-04-06T17:00:00.000Z,11.44973513
2023-04-06T16:00:00.000Z,11.47473035
2023-04-06T15:00:00.000Z,11.47367956
2023-04-06T14:00:00.000Z,11.42842836
2023-04-06T13:00:00.000Z,11.47249018
2023-04-06T12:00:00.000Z,11.54845712
2023-04-06T11:00:00.000Z,11.3211136
2023-04-06T10:00:00.000Z,11.34634564
2023-04-06T09:00:00.000Z,11.35414809
2023-04-06T08:00:00.000Z,11.27830007
2023-04-06T07:00:00.000Z,11.36574009
2023-04-06T06:00:00.000Z,11.35267498
2023-04-06T05:00:00.000Z,11.42931092
2023-04-06T04:00:00.000Z,11.4579484
2023-04-06T03:00:00.000Z,11.41739043
2023-04-06T02:00:00.000Z,11.4324491
2023-04-06T01:00:00.000Z,11.42850602
2023-04-06T00:00:00.000Z,11.52928974
2023-04-05T23:00:00.000Z,11.50414621
2023-04-05T22:00:00.000Z,11.43112167
2023-04-05T21:00:00.000Z,11.42696687
2023-04-05T20:00:00.000Z,11.42708095
2023-04-05T19:00:00.000Z,11.34970647
2023-04-05T18:00:00.000Z,11.35451275
2023-04-05T17:00:00.000Z,11.29446033
2023-04-05T16:00:00.000Z,11.29910233
2023-04-05T15:00:00.000Z,11.28288971
2023-04-05T14:00:00.000Z,11.3902236
2023-04-05T13:00:00.000Z,11.47502167
2023-04-05T12:00:00.000Z,11.5155944
2023-04-05T11:00:00.000Z,11.51330006
2023-04-05T10:00:00.000Z,11.49736064
2023-04-05T09:00:00.000Z,11.56287154
2023-04-05T08:00:00.000Z,11.50876385
2023-04-05T07:00:00.000Z,11.43460767
2023-04-05T06:00:00.000Z,11.47182133
2023-04-05T05:00:00.000Z,11.43878443
2023-04-05T04:00:00.000Z,11.47462187
2023-04-05T03:00:00.000Z,11.41497195
2023-04-05T02:00:00.000Z,11.37504836
2023-04-05T01:00:00.000Z,11.39127397
2023-04-05T00:00:00.000Z,11.27921974
2023-04-04T23:00:00.000Z,11.25937574
2023-04-04T22:00:00.000Z,11.28093015
2023-04-04T21:00:00.000Z,11.34223068
2023-04-04T20:00:00.000Z,11.36123215
2023-04-04T19:00:00.000Z,11.31573952
2023-04-04T18:00:00.000Z,11.32418467
2023-04-04T17:00:00.000Z,11.28975909
2023-04-04T16:00:00.000Z,11.30397561
2023-04-04T15:00:00.000Z,11.30049024
2023-04-04T14:00:00.000Z,11.27698261
2023-04-04T13:00:00.000Z,11.3505396
2023-04-04T12:00:00.000Z,11.35332969
2023-04-04T11:00:00.000Z,11.30391455
2023-04-04T10:00:00.000Z,11.34993218
2023-04-04T09:00:00.000Z,11.29083371
2023-04-04T08:00:00.000Z,11.21621784
2023-04-04T07:00:00.000Z,11.11166471
2023-04-04T06:00:00.000Z,11.05219499
2023-04-04T05:00:00.000Z,11.06550328
2023-04-04T04:00:00.000Z,11.13794535
2023-04-04T03:00:00.000Z,11.13017461
2023-04-04T02:00:00.000Z,11.14716211
2023-04-04T01:00:00.000Z,11.07179725
2023-04-04T00:00:00.000Z,11.16293314
2023-04-03T23:00:00.000Z,11.10036438
2023-04-03T22:00:00.000Z,10.91203863
2023-04-03T21:00:00.000Z,10.86810456
2023-04-03T20:00:00.000Z,11.16439811
2023-04-03T19:00:00.000Z,11.18588911
2023-04-03T18:00:00.000Z,11.05835672
2023-04-03T17:00:00.000Z,11.01075089
2023-04-03T16:00:00.000Z,11.04321361
2023-04-03T15:00:00.000Z,11.01968252
2023-04-03T14:00:00.000Z,11.13106693
2023-04-03T13:00:00.000Z,11.11453075
2023-04-03T12:00:00.000Z,11.10610311
2023-04-03T11:00:00.000Z,11.12268761
2023-04-03T10:00:00.000Z,11.1991776
2023-04-03T09:00:00.000Z,11.18476402
2023-04-03T08:00:00.000Z,11.04361303
2023-04-03T07:00:00.000Z,10.99395635
2023-04-03T06:00:00.000Z,10.95718508
2023-04-03T05:00:00.000Z,10.94508231
2023-04-03T04:00:00.000Z,10.9558468
2023-04-03T03:00:00.000Z,10.86969242
2023-04-03T02:00:00.000Z,10.82142714
2023-04-03T01:00:00.000Z,11.10361716
2023-04-03T00:00:00.000Z,11.12529053
2023-04-02T23:00:00.000Z,11.11399733
2023-04-02T22:00:00.000Z,11.08974877
2023-04-02T21:00:00.000Z,11.11061309
2023-04-02T20:00:00.000Z,11.0253741
2023-04-02T19:00:00.000Z,11.12734098
2023-04-02T18:00:00.000Z,11.18305025
2023-04-02T17:00:00.000Z,11.1478402
2023-04-02T16:00:00.000Z,11.07346793
2023-04-02T15:00:00.000Z,11.31294281
2023-04-02T14:00:00.000Z,11.29875271
2023-04-02T13:00:00.000Z,11.42674055
2023-04-02T12:00:00.000Z,11.50329214
2023-04-02T11:00:00.000Z,11.44599724
2023-04-02T10:00:00.000Z,11.41994079
2023-04-02T09:00:00.000Z,11.37153205
2023-04-02T08:00:00.000Z,11.41168198
2023-04-02T07:00:00.000Z,11.392498
2023-04-02T06:00:00.000Z,11.43814737
2023-04-02T05:00:00.000Z,11.37665099
2023-04-02T04:00:00.000Z,11.42483723
2023-04-02T03:00:00.000Z,11.39673788
2023-04-02T02:00:00.000Z,11.36068529
2023-04-02T01:00:00.000Z,11.34605752
2023-04-02T00:00:00.000Z,11.3985074
2023-04-01T23:00:00.000Z,11.43218176
2023-04-01T22:00:00.000Z,11.36826691
2023-04-01T21:00:00.000Z,11.42256617
2023-04-01T20:00:00.000Z,11.3508561
2023-04-01T19:00:00.000Z,11.25252989
2023-04-01T18:00:00.000Z,11.23210988
2023-04-01T17:00:00.000Z,11.18981921
2023-04-01T16:00:00.000Z,11.15394234
2023-04-01T15:00:00.000Z,11.1432732
2023-04-01T14:00:00.000Z,11.15715817
2023-04-01T13:00:00.000Z,11.15023698
2023-04-01T12:00:00.000Z,11.13616452
2023-04-01T11:00:00.000Z,11.13760332
2023-04-01T10:00:00.000Z,11.10604139
2023-04-01T09:00:00.000Z,11.1217692
2023-04-01T08:00:00.000Z,11.10659576
2023-04-01T07:00:00.000Z,11.13019246
2023-04-01T06:00:00.000Z,11.19702559
2023-04-01T05:00:00.000Z,11.2180048
2023-04-01T04:00:00.000Z,11.22312943
2023-04-01T03:00:00.000Z,11.23548197
2023-04-01T02:00:00.000Z,11.20318447
2023-04-01T01:00:00.000Z,11.16733775
2023-04-01T00:00:00.000Z,11.18778954
2023-03-31T23:00:00.000Z,11.20525945
2023-03-31T22:00:00.000Z,11.17030043
2023-03-31T21:00:00.000Z,11.10242923
2023-03-31T20:00:00.000Z,11.19661739
2023-03-31T19:00:00.000Z,11.16135554
2023-03-31T18:00:00.000Z,11.1544718
2023-03-31T17:00:00.000Z,11.26175777
2023-03-31T16:00:00.000Z,11.29391434
2023-03-31T15:00:00.000Z,11.29368738
2023-03-31T14:00:00.000Z,11.21186815
2023-03-31T13:00:00.000Z,11.11221556
2023-03-31T12:00:00.000Z,11.07204203
2023-03-31T11:00:00.000Z,11.08362176
2023-03-31T10:00:00.000Z,11.10964652
2023-03-31T09:00:00.000Z,11.11127864
2023-03-31T08:00:00.000Z,11.08896478
2023-03-31T07:00:00.000Z,11.17527828
2023-03-31T06:00:00.000Z,11.17075182
2023-03-31T05:00:00.000Z,11.21193495
2023-03-31T04:00:00.000Z,11.20757483
2023-03-31T03:00:00.000Z,11.154048
2023-03-31T02:00:00.000Z,11.14604819
2023-03-31T01:00:00.000Z,11.17465244
2023-03-31T00:00:00.000Z,11.14639104
2023-03-30T23:00:00.000Z,11.11797852
2023-03-30T22:00:00.000Z,11.16880509
2023-03-30T21:00:00.000Z,11.2057516
2023-03-30T20:00:00.000Z,11.20400219
2023-03-30T19:00:00.000Z,11.11912615
2023-03-30T18:00:00.000Z,11.01037496
2023-03-30T17:00:00.000Z,11.05919785
2023-03-30T16:00:00.000Z,11.04553265
2023-03-30T15:00:00.000Z,11.09421174
2023-03-30T14:00:00.000Z,11.12830696
2023-03-30T13:00:00.000Z,11.12853043
2023-03-30T12:00:00.000Z,11.11453177
2023-03-30T11:00:00.000Z,11.11447035
2023-03-30T10:00:00.000Z,11.13582433
2023-03-30T09:00:00.000Z,11.05807468
2023-03-30T08:00:00.000Z,11.20811157
2023-03-30T07:00:00.000Z,11.17524491
2023-03-30T06:00:00.000Z,11.19196129
2023-03-30T05:00:00.000Z,11.18736684
2023-03-30T04:00:00.000Z,11.20406499
2023-03-30T03:00:00.000Z,11.50589749
2023-03-30T02:00:00.000Z,11.33014901
2023-03-30T01:00:00.000Z,11.35071308
2023-03-30T00:00:00.000Z,11.43081908
2023-03-29T23:00:00.000Z,11.39880071
2023-03-29T22:00:00.000Z,11.43167811
2023-03-29T21:00:00.000Z,11.44521587
2023-03-29T20:00:00.000Z,11.4715777
2023-03-29T19:00:00.000Z,11.42686358
2023-03-29T18:00:00.000Z,11.49604616
2023-03-29T17:00:00.000Z,11.3436437
2023-03-29T16:00:00.000Z,11.21637625
2023-03-29T15:00:00.000Z,11.18182882
2023-03-29T14:00:00.000Z,11.28961782
2023-03-29T13:00:00.000Z,11.31676813
2023-03-29T12:00:00.000Z,11.31725503
2023-03-29T11:00:00.000Z,11.3105954
2023-03-29T10:00:00.000Z,11.31831662
2023-03-29T09:00:00.000Z,11.33003929
2023-03-29T08:00:00.000Z,11.25104712
2023-03-29T07:00:00.000Z,11.26120344
2023-03-29T06:00:00.000Z,11.21217132
2023-03-29T05:00:00.000Z,11.23372914
2023-03-29T04:00:00.000Z,11.20371022
2023-03-29T03:00:00.000Z,11.23148366
2023-03-29T02:00:00.000Z,11.21190961
2023-03-29T01:00:00.000Z,11.22463203
2023-03-29T00:00:00.000Z,11.2272969
2023-03-28T23:00:00.000Z,11.22168411
2023-03-28T22:00:00.000Z,11.24507006
2023-03-28T21:00:00.000Z,11.32124018
2023-03-28T20:00:00.000Z,11.37657717
2023-03-28T19:00:00.000Z,11.3816109
2023-03-28T18:00:00.000Z,11.25489654
2023-03-28T17:00:00.000Z,11.30404833
2023-03-28T16:00:00.000Z,11.32876255
2023-03-28T15:00:00.000Z,11.21740922
2023-03-28T14:00:00.000Z,11.23913507
2023-03-28T13:00:00.000Z,11.04985731
2023-03-28T12:00:00.000Z,11.01597837
2023-03-28T11:00:00.000Z,10.87306691
2023-03-28T10:00:00.000Z,10.90897752
2023-03-28T09:00:00.000Z,10.95680117
2023-03-28T08:00:00.000Z,10.87466589
2023-03-28T07:00:00.000Z,10.92011835
2023-03-28T06:00:00.000Z,10.81262054
2023-03-28T05:00:00.000Z,10.74649373
2023-03-28T04:00:00.000Z,10.71305924
2023-03-28T03:00:00.000Z,10.75111173
2023-03-28T02:00:00.000Z,10.81125875
2023-03-28T01:00:00.000Z,10.74301363
2023-03-28T00:00:00.000Z,10.84461458
2023-03-27T23:00:00.000Z,10.7985379
2023-03-27T22:00:00.000Z,10.84722367
2023-03-27T21:00:00.000Z,10.81023893
2023-03-27T20:00:00.000Z,10.82645688
2023-03-27T19:00:00.000Z,10.83596173
2023-03-27T18:00:00.000Z,10.78956365
2023-03-27T17:00:00.000Z,10.83853443
2023-03-27T16:00:00.000Z,10.80083192
2023-03-27T15:00:00.000Z,10.9137212
2023-03-27T14:00:00.000Z,11.09176538
2023-03-27T13:00:00.000Z,11.08566707
2023-03-27T12:00:00.000Z,11.14929659
2023-03-27T11:00:00.000Z,11.11407047
2023-03-27T10:00:00.000Z,11.1325894
2023-03-27T09:00:00.000Z,11.14427384
2023-03-27T08:00:00.000Z,11.08606645
2023-03-27T07:00:00.000Z,11.15036709
2023-03-27T06:00:00.000Z,11.13912144
2023-03-27T05:00:00.000Z,11.20728047
2023-03-27T04:00:00.000Z,11.20280585
2023-03-27T03:00:00.000Z,11.20591273
2023-03-27T02:00:00.000Z,11.19866199
2023-03-27T01:00:00.000Z,11.32164695
2023-03-27T00:00:00.000Z,11.32812872
2023-03-26T23:00:00.000Z,11.32545321
2023-03-26T22:00:00.000Z,11.23011874
2023-03-26T21:00:00.000Z,11.21218288
2023-03-26T20:00:00.000Z,11.26733669
2023-03-26T19:00:00.000Z,11.28378982
2023-03-26T18:00:00.000Z,11.28995059
2023-03-26T17:00:00.000Z,11.2398969
2023-03-26T16:00:00.000Z,11.29870495
2023-03-26T15:00:00.000Z,11.30389974
2023-03-26T14:00:00.000Z,11.44145066
2023-03-26T13:00:00.000Z,11.33413744
2023-03-26T12:00:00.000Z,11.30609141
2023-03-26T11:00:00.000Z,11.31529993
2023-03-26T10:00:00.000Z,11.28626187
2023-03-26T09:00:00.000Z,11.29227144
2023-03-26T08:00:00.000Z,11.22478989
2023-03-26T07:00:00.000Z,11.20739369
2023-03-26T06:00:00.000Z,11.20917151
2023-03-26T05:00:00.000Z,11.18450951
2023-03-26T04:00:00.000Z,11.19157454
2023-03-26T03:00:00.000Z,11.22566629
2023-03-26T02:00:00.000Z,11.21667061
2023-03-26T01:00:00.000Z,11.18361049
2023-03-26T00:00:00.000Z,11.10749748
2023-03-25T23:00:00.000Z,11.09529089
2023-03-25T22:00:00.000Z,11.04546487
2023-03-25T21:00:00.000Z,11.10337072
2023-03-25T20:00:00.000Z,10.95139397
2023-03-25T19:00:00.000Z,11.10409528
2023-03-25T18:00:00.000Z,11.19398037
2023-03-25T17:00:00.000Z,11.25179124
2023-03-25T16:00:00.000Z,11.27100472
2023-03-25T15:00:00.000Z,11.18115981
2023-03-25T14:00:00.000Z,11.20957969
2023-03-25T13:00:00.000Z,11.15930147
2023-03-25T12:00:00.000Z,11.23173575
2023-03-25T11:00:00.000Z,11.16864006
2023-03-25T10:00:00.000Z,11.11955553
2023-03-25T09:00:00.000Z,11.17019078
2023-03-25T08:00:00.000Z,11.21625377
2023-03-25T07:00:00.000Z,11.24233102
2023-03-25T06:00:00.000Z,11.19179561
2023-03-25T05:00:00.000Z,11.23857645
2023-03-25T04:00:00.000Z,11.26024948
2023-03-25T03:00:00.000Z,11.30809991
2023-03-25T02:00:00.000Z,11.24501448
2023-03-25T01:00:00.000Z,11.32147464
2023-03-25T00:00:00.000Z,11.20168525
2023-03-24T23:00:00.000Z,11.18731858
2023-03-24T22:00:00.000Z,11.1621307
2023-03-24T21:00:00.000Z,11.13693689
2023-03-24T20:00:00.000Z,11.25001759
2023-03-24T19:00:00.000Z,11.16767892
2023-03-24T18:00:00.000Z,11.15676518
2023-03-24T17:00:00.000Z,11.35184496
2023-03-24T16:00:00.000Z,11.28152789
2023-03-24T15:00:00.000Z,11.33060864
2023-03-24T14:00:00.000Z,11.33975349
2023-03-24T13:00:00.000Z,11.40027538
2023-03-24T12:00:00.000Z,11.3587645
2023-03-24T11:00:00.000Z,11.37762742
2023-03-24T10:00:00.000Z,11.35379537
2023-03-24T09:00:00.000Z,11.42844485
2023-03-24T08:00:00.000Z,11.59753302
2023-03-24T07:00:00.000Z,11.54811066
2023-03-24T06:00:00.000Z,11.57054788
2023-03-24T05:00:00.000Z,11.53582304
2023-03-24T04:00:00.000Z,11.62200967
2023-03-24T03:00:00.000Z,11.66174617
2023-03-24T02:00:00.000Z,11.69396934
2023-03-24T01:00:00.000Z,11.66994109
2023-03-24T00:00:00.000Z,11.69909714
2023-03-23T23:00:00.000Z,11.67956594
2023-03-23T22:00:00.000Z,11.68105075
2023-03-23T21:00:00.000Z,11.68893896
2023-03-23T20:00:00.000Z,11.75939402
2023-03-23T19:00:00.000Z,11.61930128
2023-03-23T18:00:00.000Z,11.74700062
2023-03-23T17:00:00.000Z,11.8086146
2023-03-23T16:00:00.000Z,11.9432963
2023-03-23T15:00:00.000Z,11.62340059
2023-03-23T14:00:00.000Z,11.49271551
2023-03-23T13:00:00.000Z,11.58899988
2023-03-23T12:00:00.000Z,11.66180582
2023-03-23T11:00:00.000Z,11.64630067
2023-03-23T10:00:00.000Z,11.64967246
2023-03-23T09:00:00.000Z,11.64342257
2023-03-23T08:00:00.000Z,11.66646336
2023-03-23T07:00:00.000Z,11.64956723
2023-03-23T06:00:00.000Z,11.6971576
2023-03-23T05:00:00.000Z,11.55952224
2023-03-23T04:00:00.000Z,11.42302156
2023-03-23T03:00:00.000Z,11.40758539
2023-03-23T02:00:00.000Z,11.28234186
2023-03-23T01:00:00.000Z,11.36680467
2023-03-23T00:00:00.000Z,11.33983687
2023-03-22T23:00:00.000Z,11.29766655
2023-03-22T22:00:00.000Z,11.27705859
2023-03-22T21:00:00.000Z,11.22760498
2023-03-22T20:00:00.000Z,11.04296689
2023-03-22T19:00:00.000Z,11.52945278
2023-03-22T18:00:00.000Z,11.68767032
2023-03-22T17:00:00.000Z,11.76080809
2023-03-22T16:00:00.000Z,11.81426205
2023-03-22T15:00:00.000Z,11.89407862
2023-03-22T14:00:00.000Z,11.79307829
2023-03-22T13:00:00.000Z,11.77285261
2023-03-22T12:00:00.000Z,11.70796549
2023-03-22T11:00:00.000Z,11.80344837
2023-03-22T10:00:00.000Z,11.75737806
2023-03-22T09:00:00.000Z,11.74192572
2023-03-22T08:00:00.000Z,11.83696046
2023-03-22T07:00:00.000Z,11.90587219
2023-03-22T06:00:00.000Z,11.92989596
2023-03-22T05:00:00.000Z,11.85332489
2023-03-22T04:00:00.000Z,11.85017203
2023-03-22T03:00:00.000Z,11.89022882
2023-03-22T02:00:00.000Z,11.83561078
2023-03-22T01:00:00.000Z,11.83035179
2023-03-22T00:00:00.000Z,11.94298028
2023-03-21T23:00:00.000Z,11.88114518
2023-03-21T22:00:00.000Z,11.95303396
2023-03-21T21:00:00.000Z,11.95162908
2023-03-21T20:00:00.000Z,11.98961108
2023-03-21T19:00:00.000Z,11.78869048
2023-03-21T18:00:00.000Z,11.9537312
2023-03-21T17:00:00.000Z,12.09115976
2023-03-21T16:00:00.000Z,11.99398165
2023-03-21T15:00:00.000Z,11.82525902
2023-03-21T14:00:00.000Z,11.94532375
2023-03-21T13:00:00.000Z,11.87201299
2023-03-21T12:00:00.000Z,11.68680658
2023-03-21T11:00:00.000Z,11.62939197
2023-03-21T10:00:00.000Z,11.52556962
2023-03-21T09:00:00.000Z,11.43337038
2023-03-21T08:00:00.000Z,11.44725406
2023-03-21T07:00:00.000Z,11.62116655
2023-03-21T06:00:00.000Z,11.5896005
2023-03-21T05:00:00.000Z,11.67735051
2023-03-21T04:00:00.000Z,11.6425565
2023-03-21T03:00:00.000Z,11.57819822
2023-03-21T02:00:00.000Z,11.62567619
2023-03-21T01:00:00.000Z,11.65256398
2023-03-21T00:00:00.000Z,11.55873266
2023-03-20T23:00:00.000Z,11.63735464
2023-03-20T22:00:00.000Z,11.6871873
2023-03-20T21:00:00.000Z,11.72432349
2023-03-20T20:00:00.000Z,11.62430616
2023-03-20T19:00:00.000Z,11.73633757
2023-03-20T18:00:00.000Z,11.6996895
2023-03-20T17:00:00.000Z,11.76812253
2023-03-20T16:00:00.000Z,12.0464705
2023-03-20T15:00:00.000Z,12.05476884
2023-03-20T14:00:00.000Z,12.0360385
2023-03-20T13:00:00.000Z,12.11576645
2023-03-20T12:00:00.000Z,12.08026649
2023-03-20T11:00:00.000Z,12.0313785
2023-03-20T10:00:00.000Z,12.12096522
2023-03-20T09:00:00.000Z,12.17908646
2023-03-20T08:00:00.000Z,12.21776291
2023-03-20T07:00:00.000Z,12.01511347
2023-03-20T06:00:00.000Z,11.9887914
2023-03-20T05:00:00.000Z,12.02056357
2023-03-20T04:00:00.000Z,12.10362934
2023-03-20T03:00:00.000Z,12.31798148
2023-03-20T02:00:00.000Z,12.38506979
2023-03-20T01:00:00.000Z,12.26852405
2023-03-20T00:00:00.000Z,12.34484913
2023-03-19T23:00:00.000Z,12.40724422
2023-03-19T22:00:00.000Z,12.3927764
2023-03-19T21:00:00.000Z,12.36560846
2023-03-19T20:00:00.000Z,12.77274046
2023-03-19T19:00:00.000Z,12.88997827
2023-03-19T18:00:00.000Z,12.87450962
2023-03-19T17:00:00.000Z,13.03788877
2023-03-19T16:00:00.000Z,12.47706618
2023-03-19T15:00:00.000Z,12.44416934
2023-03-19T14:00:00.000Z,12.38772301
2023-03-19T13:00:00.000Z,12.3440265
2023-03-19T12:00:00.000Z,12.38453881
2023-03-19T11:00:00.000Z,12.29914534
2023-03-19T10:00:00.000Z,12.29108844
2023-03-19T09:00:00.000Z,12.22088429
2023-03-19T08:00:00.000Z,12.18384646
2023-03-19T07:00:00.000Z,12.21361018
2023-03-19T06:00:00.000Z,12.29893499
2023-03-19T05:00:00.000Z,12.35135848
2023-03-19T04:00:00.000Z,12.42559127
2023-03-19T03:00:00.000Z,12.37650072
2023-03-19T02:00:00.000Z,12.39491887
2023-03-19T01:00:00.000Z,12.33813649
2023-03-19T00:00:00.000Z,12.22739746
2023-03-18T23:00:00.000Z,12.33596107
2023-03-18T22:00:00.000Z,12.48029026
2023-03-18T21:00:00.000Z,12.59755238
2023-03-18T20:00:00.000Z,12.49780123
2023-03-18T19:00:00.000Z,12.577068
2023-03-18T18:00:00.000Z,12.5243837
2023-03-18T17:00:00.000Z,12.55540152
2023-03-18T16:00:00.000Z,12.52938132
2023-03-18T15:00:00.000Z,13.14466462
2023-03-18T14:00:00.000Z,13.15676725
2023-03-18T13:00:00.000Z,13.2303155
2023-03-18T12:00:00.000Z,13.17759925
2023-03-18T11:00:00.000Z,13.22475265
2023-03-18T10:00:00.000Z,13.23278587
2023-03-18T09:00:00.000Z,13.27138069
2023-03-18T08:00:00.000Z,13.34263901
2023-03-18T07:00:00.000Z,13.16429858
2023-03-18T06:00:00.000Z,13.2019723
2023-03-18T05:00:00.000Z,13.1512656
2023-03-18T04:00:00.000Z,13.21388058
2023-03-18T03:00:00.000Z,13.10659609
2023-03-18T02:00:00.000Z,13.1454268
2023-03-18T01:00:00.000Z,13.13628712
2023-03-18T00:00:00.000Z,13.1872799
2023-03-17T23:00:00.000Z,13.07946117
2023-03-17T22:00:00.000Z,13.01819022
2023-03-17T21:00:00.000Z,12.79888311
2023-03-17T20:00:00.000Z,12.8154675
2023-03-17T19:00:00.000Z,12.7902162
2023-03-17T18:00:00.000Z,12.77230642
2023-03-17T17:00:00.000Z,12.72054341
2023-03-17T16:00:00.000Z,12.76472401
2023-03-17T15:00:00.000Z,12.72251675
2023-03-17T14:00:00.000Z,12.99690465
2023-03-17T13:00:00.000Z,13.10859982
2023-03-17T12:00:00.000Z,13.27524886
2023-03-17T11:00:00.000Z,13.21579703
2023-03-17T10:00:00.000Z,13.10272665
2023-03-17T09:00:00.000Z,13.01317386
2023-03-17T08:00:00.000Z,13.00857881
2023-03-17T07:00:00.000Z,13.14684641
2023-03-17T06:00:00.000Z,12.99086479
2023-03-17T05:00:00.000Z,13.01633884
2023-03-17T04:00:00.000Z,13.03142603
2023-03-17T03:00:00.000Z,13.10899363
2023-03-17T02:00:00.000Z,12.9775469
2023-03-17T01:00:00.000Z,12.74128144
2023-03-17T00:00:00.000Z,12.85079061
2023-03-16T23:00:00.000Z,12.7993712
2023-03-16T22:00:00.000Z,12.85386618
2023-03-16T21:00:00.000Z,12.83029635
2023-03-16T20:00:00.000Z,12.85320361
2023-03-16T19:00:00.000Z,12.46309193
2023-03-16T18:00:00.000Z,12.50855751
2023-03-16T17:00:00.000Z,12.57346578
2023-03-16T16:00:00.000Z,12.6772152
2023-03-16T15:00:00.000Z,12.66634675
2023-03-16T14:00:00.000Z,12.56259134
2023-03-16T13:00:00.000Z,12.51743921
2023-03-16T12:00:00.000Z,12.71112171
2023-03-16T11:00:00.000Z,12.59064492
2023-03-16T10:00:00.000Z,12.61688493
2023-03-16T09:00:00.000Z,12.60872545
2023-03-16T08:00:00.000Z,12.62723722
2023-03-16T07:00:00.000Z,12.56295976
2023-03-16T06:00:00.000Z,12.53881794
2023-03-16T05:00:00.000Z,12.4040753
2023-03-16T04:00:00.000Z,12.41379443
2023-03-16T03:00:00.000Z,12.49967074
2023-03-16T02:00:00.000Z,12.4268353
2023-03-16T01:00:00.000Z,12.46793078
2023-03-16T00:00:00.000Z,12.44734929
2023-03-15T23:00:00.000Z,12.62371904
2023-03-15T22:00:00.000Z,12.56950319
2023-03-15T21:00:00.000Z,12.61886036
2023-03-15T20:00:00.000Z,12.13071589
2023-03-15T19:00:00.000Z,12.10154809
2023-03-15T18:00:00.000Z,11.94585523
2023-03-15T17:00:00.000Z,11.71293907
2023-03-15T16:00:00.000Z,12.06528886
2023-03-15T15:00:00.000Z,12.32848373
2023-03-15T14:00:00.000Z,12.56352462
2023-03-15T13:00:00.000Z,12.57830477
2023-03-15T12:00:00.000Z,12.72355029
2023-03-15T11:00:00.000Z,12.77252977
2023-03-15T10:00:00.000Z,12.89557338
2023-03-15T09:00:00.000Z,13.23744443
2023-03-15T08:00:00.000Z,13.11529384
2023-03-15T07:00:00.000Z,13.12170006
2023-03-15T06:00:00.000Z,13.16497941
2023-03-15T05:00:00.000Z,13.31719849
2023-03-15T04:00:00.000Z,13.28488319
2023-03-15T03:00:00.000Z,13.17334966
2023-03-15T02:00:00.000Z,13.1685402
2023-03-15T01:00:00.000Z,13.06393687
2023-03-15T00:00:00.000Z,13.07425793
2023-03-14T23:00:00.000Z,13.21661661
2023-03-14T22:00:00.000Z,13.12553394
2023-03-14T21:00:00.000Z,13.06064893
2023-03-14T20:00:00.000Z,13.37145474
2023-03-14T19:00:00.000Z,12.94185495
2023-03-14T18:00:00.000Z,13.00093354
2023-03-14T17:00:00.000Z,12.81283539
2023-03-14T16:00:00.000Z,12.86716993
2023-03-14T15:00:00.000Z,12.85680455
2023-03-14T14:00:00.000Z,12.60894672
2023-03-14T13:00:00.000Z,12.56320755
2023-03-14T12:00:00.000Z,12.10957699
2023-03-14T11:00:00.000Z,12.14974717
2023-03-14T10:00:00.000Z,12.15978383
2023-03-14T09:00:00.000Z,12.20374491
2023-03-14T08:00:00.000Z,12.11505232
2023-03-14T07:00:00.000Z,12.19487501
2023-03-14T06:00:00.000Z,12.04035379
2023-03-14T05:00:00.000Z,12.02013748
2023-03-14T04:00:00.000Z,12.00695833
2023-03-14T03:00:00.000Z,11.94498269
2023-03-14T02:00:00.000Z,12.00175086
2023-03-14T01:00:00.000Z,11.99951763
2023-03-14T00:00:00.000Z,12.01104419
2023-03-13T23:00:00.000Z,12.09555491
2023-03-13T22:00:00.000Z,12.03046808
2023-03-13T21:00:00.000Z,12.01703558
2023-03-13T20:00:00.000Z,12.04064272
2023-03-13T19:00:00.000Z,12.051259
2023-03-13T18:00:00.000Z,12.02222129
2023-03-13T17:00:00.000Z,12.03620282
2023-03-13T16:00:00.000Z,12.01818378
2023-03-13T15:00:00.000Z,11.95641983
2023-03-13T14:00:00.000Z,11.52775753
2023-03-13T13:00:00.000Z,11.36664729
2023-03-13T12:00:00.000Z,11.5029613
2023-03-13T11:00:00.000Z,11.60580688
2023-03-13T10:00:00.000Z,11.52555374
2023-03-13T09:00:00.000Z,11.69452972
2023-03-13T08:00:00.000Z,11.88112917
2023-03-13T07:00:00.000Z,11.8692013
2023-03-13T06:00:00.000Z,11.85445462
2023-03-13T05:00:00.000Z,11.82102187
2023-03-13T04:00:00.000Z,11.71862637
2023-03-13T03:00:00.000Z,11.78839191
2023-03-13T02:00:00.000Z,11.85664436
2023-03-13T01:00:00.000Z,11.89374132
2023-03-13T00:00:00.000Z,11.77559217
2023-03-12T23:00:00.000Z,11.62529526
2023-03-12T22:00:00.000Z,11.50771328
2023-03-12T21:00:00.000Z,11.45374391
2023-03-12T20:00:00.000Z,11.34853552
2023-03-12T19:00:00.000Z,11.44404549
2023-03-12T18:00:00.000Z,11.4130563
2023-03-12T17:00:00.000Z,11.16883453
2023-03-12T16:00:00.000Z,11.17113029
2023-03-12T15:00:00.000Z,11.2565568
2023-03-12T14:00:00.000Z,11.24335327
2023-03-12T13:00:00.000Z,11.16693417
2023-03-12T12:00:00.000Z,11.18584227
2023-03-12T11:00:00.000Z,11.17978295
2023-03-12T10:00:00.000Z,11.1546847
2023-03-12T09:00:00.000Z,11.14317967
2023-03-12T08:00:00.000Z,11.05290443
2023-03-12T07:00:00.000Z,11.04078107
2023-03-12T06:00:00.000Z,11.07554672
2023-03-12T05:00:00.000Z,11.07869987
2023-03-12T04:00:00.000Z,11.05752722
2023-03-12T03:00:00.000Z,11.0650942
2023-03-12T02:00:00.000Z,11.02678894
2023-03-12T01:00:00.000Z,11.03181019
2023-03-12T00:00:00.000Z,11.1164734
2023-03-11T23:00:00.000Z,11.00912465
2023-03-11T22:00:00.000Z,10.94782612
2023-03-11T21:00:00.000Z,11.00428111
2023-03-11T20:00:00.000Z,10.92820088
2023-03-11T19:00:00.000Z,10.91876316
2023-03-11T18:00:00.000Z,10.89490876
2023-03-11T17:00:00.000Z,10.78987575
2023-03-11T16:00:00.000Z,10.71124532
2023-03-11T15:00:00.000Z,10.79367746
2023-03-11T14:00:00.000Z,10.80838402
2023-03-11T13:00:00.000Z,10.81149737
2023-03-11T12:00:00.000Z,10.76013409
2023-03-11T11:00:00.000Z,10.770638
2023-03-11T10:00:00.000Z,10.83675776
2023-03-11T09:00:00.000Z,10.86593993
2023-03-11T08:00:00.000Z,10.91896368
2023-03-11T07:00:00.000Z,11.17790001
2023-03-11T06:00:00.000Z,11.22766003
2023-03-11T05:00:00.000Z,11.1372226
2023-03-11T04:00:00.000Z,11.18160267
2023-03-11T03:00:00.000Z,11.26669939
2023-03-11T02:00:00.000Z,11.37921034
2023-03-11T01:00:00.000Z,11.16855628
2023-03-11T00:00:00.000Z,11.15077127
2023-03-10T23:00:00.000Z,11.12329608
2023-03-10T22:00:00.000Z,11.04479224
2023-03-10T21:00:00.000Z,10.99452342
2023-03-10T20:00:00.000Z,11.03492399
2023-03-10T19:00:00.000Z,10.85552094
2023-03-10T18:00:00.000Z,11.01265333
2023-03-10T17:00:00.000Z,11.13448245
2023-03-10T16:00:00.000Z,11.07421815
2023-03-10T15:00:00.000Z,10.96910277
2023-03-10T14:00:00.000Z,11.07298215
2023-03-10T13:00:00.000Z,10.74639909
2023-03-10T12:00:00.000Z,10.55013768
2023-03-10T11:00:00.000Z,10.41974294
2023-03-10T10:00:00.000Z,10.50459557
2023-03-10T09:00:00.000Z,10.79974229
2023-03-10T08:00:00.000Z,10.84800097
2023-03-10T07:00:00.000Z,10.76381748
2023-03-10T06:00:00.000Z,11.01257004
2023-03-10T05:00:00.000Z,10.92494043
2023-03-10T04:00:00.000Z,11.0915719
2023-03-10T03:00:00.000Z,11.07325322
2023-03-10T02:00:00.000Z,11.06821774
2023-03-10T01:00:00.000Z,10.89890253
2023-03-10T00:00:00.000Z,11.01046007
2023-03-09T23:00:00.000Z,10.77079311
2023-03-09T22:00:00.000Z,10.85767682
2023-03-09T21:00:00.000Z,10.62206306
2023-03-09T20:00:00.000Z,10.73842622
2023-03-09T19:00:00.000Z,10.67233819
2023-03-09T18:00:00.000Z,10.81360963
2023-03-09T17:00:00.000Z,10.71325557
2023-03-09T16:00:00.000Z,10.80874704
2023-03-09T15:00:00.000Z,10.88703884
2023-03-09T14:00:00.000Z,10.77244639
2023-03-09T13:00:00.000Z,10.63493436
2023-03-09T12:00:00.000Z,10.69980457
2023-03-09T11:00:00.000Z,10.81231503
2023-03-09T10:00:00.000Z,10.81390214
2023-03-09T09:00:00.000Z,10.83370195
2023-03-09T08:00:00.000Z,10.84322737
2023-03-09T07:00:00.000Z,10.89030414
2023-03-09T06:00:00.000Z,10.93155403
2023-03-09T05:00:00.000Z,10.93026183
2023-03-09T04:00:00.000Z,10.87045487
2023-03-09T03:00:00.000Z,10.90253898
2023-03-09T02:00:00.000Z,10.87688703
2023-03-09T01:00:00.000Z,10.88720063
2023-03-09T00:00:00.000Z,10.96234703
2023-03-08T23:00:00.000Z,10.98195206
2023-03-08T22:00:00.000Z,11.21382774
2023-03-08T21:00:00.000Z,11.36843559
2023-03-08T20:00:00.000Z,11.30226018
2023-03-08T19:00:00.000Z,11.24256915
2023-03-08T18:00:00.000Z,11.28754359
2023-03-08T17:00:00.000Z,11.33788132
2023-03-08T16:00:00.000Z,11.35720809
2023-03-08T15:00:00.000Z,11.17982452
2023-03-08T14:00:00.000Z,11.20672478
2023-03-08T13:00:00.000Z,11.42336883
2023-03-08T12:00:00.000Z,11.48488393
2023-03-08T11:00:00.000Z,11.51773842
2023-03-08T10:00:00.000Z,11.45876011
2023-03-08T09:00:00.000Z,11.47062074
2023-03-08T08:00:00.000Z,11.47645606
2023-03-08T07:00:00.000Z,11.56713944
2023-03-08T06:00:00.000Z,11.55231114
2023-03-08T05:00:00.000Z,11.71335932
2023-03-08T04:00:00.000Z,11.74759203
2023-03-08T03:00:00.000Z,11.74592685
2023-03-08T02:00:00.000Z,11.74875532
2023-03-08T01:00:00.000Z,11.77042748
2023-03-08T00:00:00.000Z,11.7479372
2023-03-07T23:00:00.000Z,11.65633139
2023-03-07T22:00:00.000Z,11.6629372
2023-03-07T21:00:00.000Z,11.69742862
2023-03-07T20:00:00.000Z,11.69729601
2023-03-07T19:00:00.000Z,11.70331386
2023-03-07T18:00:00.000Z,11.75834853
2023-03-07T17:00:00.000Z,11.6114642
2023-03-07T16:00:00.000Z,11.72274833
2023-03-07T15:00:00.000Z,11.68617528
2023-03-07T14:00:00.000Z,11.67675533
2023-03-07T13:00:00.000Z,11.74579857
2023-03-07T12:00:00.000Z,11.7532257
2023-03-07T11:00:00.000Z,11.81399759
2023-03-07T10:00:00.000Z,11.88748016
2023-03-07T09:00:00.000Z,11.96033317
2023-03-07T08:00:00.000Z,11.9685716
2023-03-07T07:00:00.000Z,12.00526297
2023-03-07T06:00:00.000Z,12.03657274
2023-03-07T05:00:00.000Z,12.02535984
2023-03-07T04:00:00.000Z,12.01158412
2023-03-07T03:00:00.000Z,12.03952877
2023-03-07T02:00:00.000Z,12.06594452
2023-03-07T01:00:00.000Z,11.96641539
2023-03-07T00:00:00.000Z,11.98710817
2023-03-06T23:00:00.000Z,12.05480875
2023-03-06T22:00:00.000Z,12.04531021
2023-03-06T21:00:00.000Z,12.03929459
2023-03-06T20:00:00.000Z,12.06316018
2023-03-06T19:00:00.000Z,12.14388472
2023-03-06T18:00:00.000Z,12.14376206
2023-03-06T17:00:00.000Z,12.17693059
2023-03-06T16:00:00.000Z,12.18069492
2023-03-06T15:00:00.000Z,12.11811815
2023-03-06T14:00:00.000Z,12.02351694
2023-03-06T13:00:00.000Z,11.99245211
2023-03-06T12:00:00.000Z,11.95951304
2023-03-06T11:00:00.000Z,12.00475804
2023-03-06T10:00:00.000Z,12.02870219
2023-03-06T09:00:00.000Z,12.03402591
2023-03-06T08:00:00.000Z,12.00811778
2023-03-06T07:00:00.000Z,11.97328564
2023-03-06T06:00:00.000Z,11.89917553
2023-03-06T05:00:00.000Z,11.91871885
2023-03-06T04:00:00.000Z,11.9691852
2023-03-06T03:00:00.000Z,11.93030749
2023-03-06T02:00:00.000Z,11.93027636
2023-03-06T01:00:00.000Z,12.02876655
2023-03-06T00:00:00.000Z,12.02612352
2023-03-05T23:00:00.000Z,12.05632447
2023-03-05T22:00:00.000Z,12.14836217
2023-03-05T21:00:00.000Z,12.1874996
2023-03-05T20:00:00.000Z,12.17915979
2023-03-05T19:00:00.000Z,12.2110911
2023-03-05T18:00:00.000Z,12.21244339
2023-03-05T17:00:00.000Z,12.17816039
2023-03-05T16:00:00.000Z,12.18060799
2023-03-05T15:00:00.000Z,12.17297645
2023-03-05T14:00:00.000Z,12.15596885
2023-03-05T13:00:00.000Z,12.1471406
2023-03-05T12:00:00.000Z,12.13802512
2023-03-05T11:00:00.000Z,12.15208022
2023-03-05T10:00:00.000Z,12.10783109
2023-03-05T09:00:00.000Z,12.07839139
2023-03-05T08:00:00.000Z,12.11597356
2023-03-05T07:00:00.000Z,12.12736764
2023-03-05T06:00:00.000Z,12.18485277
2023-03-05T05:00:00.000Z,12.22347561
2023-03-05T04:00:00.000Z,12.19426926
2023-03-05T03:00:00.000Z,12.08871742
2023-03-05T02:00:00.000Z,12.11705662
2023-03-05T01:00:00.000Z,11.94094521
2023-03-05T00:00:00.000Z,11.83279027
2023-03-04T23:00:00.000Z,11.77559978
2023-03-04T22:00:00.000Z,11.66861733
2023-03-04T21:00:00.000Z,11.73397006
2023-03-04T20:00:00.000Z,11.79042252
2023-03-04T19:00:00.000Z,11.90879609
2023-03-04T18:00:00.000Z,11.91219141
2023-03-04T17:00:00.000Z,11.93045555
2023-03-04T16:00:00.000Z,11.91349924
2023-03-04T15:00:00.000Z,11.96737643
2023-03-04T14:00:00.000Z,11.99670561
2023-03-04T13:00:00.000Z,12.00692225
2023-03-04T12:00:00.000Z,11.98070534
2023-03-04T11:00:00.000Z,11.97058279
2023-03-04T10:00:00.000Z,11.98988516
2023-03-04T09:00:00.000Z,12.00745956
2023-03-04T08:00:00.000Z,12.02385308
2023-03-04T07:00:00.000Z,12.02974217
2023-03-04T06:00:00.000Z,11.97296389
2023-03-04T05:00:00.000Z,11.97308837
2023-03-04T04:00:00.000Z,11.99827099
2023-03-04T03:00:00.000Z,12.01733153
2023-03-04T02:00:00.000Z,12.02146225
2023-03-04T01:00:00.000Z,12.05647719
2023-03-04T00:00:00.000Z,11.9999256
2023-03-03T23:00:00.000Z,11.94990405
2023-03-03T22:00:00.000Z,11.91412239
2023-03-03T21:00:00.000Z,11.98317755
2023-03-03T20:00:00.000Z,12.02202684
2023-03-03T19:00:00.000Z,11.98650019
2023-03-03T18:00:00.000Z,12.0447212
2023-03-03T17:00:00.000Z,11.98132335
2023-03-03T16:00:00.000Z,11.95455266
2023-03-03T15:00:00.000Z,11.99933638
2023-03-03T14:00:00.000Z,11.97818126
2023-03-03T13:00:00.000Z,11.94457402
2023-03-03T12:00:00.000Z,11.9851856
2023-03-03T11:00:00.000Z,12.01956124
2023-03-03T10:00:00.000Z,12.05704629
2023-03-03T09:00:00.000Z,12.02532674
2023-03-03T08:00:00.000Z,11.97930172
2023-03-03T07:00:00.000Z,11.92300364
2023-03-03T06:00:00.000Z,11.92563507
2023-03-03T05:00:00.000Z,11.89045121
2023-03-03T04:00:00.000Z,11.80533567
2023-03-03T03:00:00.000Z,11.74370485
2023-03-03T02:00:00.000Z,11.64603758
2023-03-03T01:00:00.000Z,12.37374848
2023-03-03T00:00:00.000Z,12.45223068
2023-03-02T23:00:00.000Z,12.47137715
2023-03-02T22:00:00.000Z,12.40488645
2023-03-02T21:00:00.000Z,12.44911462
2023-03-02T20:00:00.000Z,12.42333556
2023-03-02T19:00:00.000Z,12.40931146
2023-03-02T18:00:00.000Z,12.31143947
2023-03-02T17:00:00.000Z,12.27621435
2023-03-02T16:00:00.000Z,12.36758202
2023-03-02T15:00:00.000Z,12.22471007
2023-03-02T14:00:00.000Z,12.25320369
2023-03-02T13:00:00.000Z,12.26486567
2023-03-02T12:00:00.000Z,12.35265154
2023-03-02T11:00:00.000Z,12.35190669
2023-03-02T10:00:00.000Z,12.39690743
2023-03-02T09:00:00.000Z,12.42801785
2023-03-02T08:00:00.000Z,12.39142556
2023-03-02T07:00:00.000Z,12.42733579
2023-03-02T06:00:00.000Z,12.50414461
2023-03-02T05:00:00.000Z,12.63589047
2023-03-02T04:00:00.000Z,12.62417434
2023-03-02T03:00:00.000Z,12.61437634
2023-03-02T02:00:00.000Z,12.70566494
2023-03-02T01:00:00.000Z,12.78860821
2023-03-02T00:00:00.000Z,12.77115189
2023-03-01T23:00:00.000Z,12.66737632
2023-03-01T22:00:00.000Z,12.68480083
2023-03-01T21:00:00.000Z,12.58049915
2023-03-01T20:00:00.000Z,12.5760506
2023-03-01T19:00:00.000Z,12.72029931
2023-03-01T18:00:00.000Z,12.79837203
2023-03-01T17:00:00.000Z,12.79901102
2023-03-01T16:00:00.000Z,12.83221846
2023-03-01T15:00:00.000Z,12.88787419
2023-03-01T14:00:00.000Z,12.857548
2023-03-01T13:00:00.000Z,12.81524476
2023-03-01T12:00:00.000Z,12.82027221
2023-03-01T11:00:00.000Z,12.76169598
2023-03-01T10:00:00.000Z,12.71358689
2023-03-01T09:00:00.000Z,12.67408182
2023-03-01T08:00:00.000Z,12.61557483
2023-03-01T07:00:00.000Z,12.64055519
2023-03-01T06:00:00.000Z,12.58845957
2023-03-01T05:00:00.000Z,12.59696054
2023-03-01T04:00:00.000Z,12.48771581
2023-03-01T03:00:00.000Z,12.41515872
2023-03-01T02:00:00.000Z,12.3847378
2023-03-01T01:00:00.000Z,12.2514342
2023-03-01T00:00:00.000Z,12.26514539
2023-02-28T23:00:00.000Z,12.28573921
2023-02-28T22:00:00.000Z,12.17114747
2023-02-28T21:00:00.000Z,12.3880388
2023-02-28T20:00:00.000Z,12.40089267
2023-02-28T19:00:00.000Z,12.52907988
2023-02-28T18:00:00.000Z,12.54560558
2023-02-28T17:00:00.000Z,12.48815623
2023-02-28T16:00:00.000Z,12.55284609
2023-02-28T15:00:00.000Z,12.53111888
2023-02-28T14:00:00.000Z,12.53338401
2023-02-28T13:00:00.000Z,12.56416873
2023-02-28T12:00:00.000Z,12.51164589
2023-02-28T11:00:00.000Z,12.50700994
2023-02-28T10:00:00.000Z,12.46829946
2023-02-28T09:00:00.000Z,12.50540746
2023-02-28T08:00:00.000Z,12.53884648
2023-02-28T07:00:00.000Z,12.69079926
2023-02-28T06:00:00.000Z,12.72204293
2023-02-28T05:00:00.000Z,12.71026889
2023-02-28T04:00:00.000Z,12.78539445
2023-02-28T03:00:00.000Z,12.74420249
2023-02-28T02:00:00.000Z,12.74958536
2023-02-28T01:00:00.000Z,12.75313684
2023-02-28T00:00:00.000Z,12.78458479
2023-02-27T23:00:00.000Z,12.77036609
2023-02-27T22:00:00.000Z,12.72968315
2023-02-27T21:00:00.000Z,12.69023772
2023-02-27T20:00:00.000Z,12.7074198
2023-02-27T19:00:00.000Z,12.63347305
2023-02-27T18:00:00.000Z,12.80962613
2023-02-27T17:00:00.000Z,12.86737615
2023-02-27T16:00:00.000Z,12.94021264
2023-02-27T15:00:00.000Z,13.04076508
2023-02-27T14:00:00.000Z,12.9407234
2023-02-27T13:00:00.000Z,12.76412895
2023-02-27T12:00:00.000Z,12.7799699
2023-02-27T11:00:00.000Z,12.708372
2023-02-27T10:00:00.000Z,12.71964248
2023-02-27T09:00:00.000Z,12.71026299
2023-02-27T08:00:00.000Z,12.75857332
2023-02-27T07:00:00.000Z,12.7685114
2023-02-27T06:00:00.000Z,12.76126123
2023-02-27T05:00:00.000Z,12.81414604
2023-02-27T04:00:00.000Z,12.88588065
2023-02-27T03:00:00.000Z,12.90669436
2023-02-27T02:00:00.000Z,12.89729815
2023-02-27T01:00:00.000Z,12.86591727
2023-02-27T00:00:00.000Z,12.97097843
2023-02-26T23:00:00.000Z,12.93544717
2023-02-26T22:00:00.000Z,13.02889
2023-02-26T21:00:00.000Z,13.06758169
2023-02-26T20:00:00.000Z,13.03782887
2023-02-26T19:00:00.000Z,13.01084731
2023-02-26T18:00:00.000Z,12.8841454
2023-02-26T17:00:00.000Z,12.89062662
2023-02-26T16:00:00.000Z,12.92913523
2023-02-26T15:00:00.000Z,12.91016415
2023-02-26T14:00:00.000Z,12.89273527
2023-02-26T13:00:00.000Z,12.90137716
2023-02-26T12:00:00.000Z,12.96861217
2023-02-26T11:00:00.000Z,12.9609174
2023-02-26T10:00:00.000Z,12.98148556
2023-02-26T09:00:00.000Z,12.94508389
2023-02-26T08:00:00.000Z,12.9657738
2023-02-26T07:00:00.000Z,12.94568783
2023-02-26T06:00:00.000Z,12.93164453
2023-02-26T05:00:00.000Z,12.94042454
2023-02-26T04:00:00.000Z,12.97210139
2023-02-26T03:00:00.000Z,12.92943345
2023-02-26T02:00:00.000Z,12.84777627
2023-02-26T01:00:00.000Z,12.80090108
2023-02-26T00:00:00.000Z,12.83396062
2023-02-25T23:00:00.000Z,12.74453951
2023-02-25T22:00:00.000Z,12.56489374
2023-02-25T21:00:00.000Z,12.62381439
2023-02-25T20:00:00.000Z,12.77096901
2023-02-25T19:00:00.000Z,12.86057755
2023-02-25T18:00:00.000Z,12.98595588
2023-02-25T17:00:00.000Z,12.99581259
2023-02-25T16:00:00.000Z,13.00035791
2023-02-25T15:00:00.000Z,13.06240418
2023-02-25T14:00:00.000Z,13.07975815
2023-02-25T13:00:00.000Z,13.10261627
2023-02-25T12:00:00.000Z,13.13366737
2023-02-25T11:00:00.000Z,13.08886162
2023-02-25T10:00:00.000Z,13.09278055
2023-02-25T09:00:00.000Z,13.09825496
2023-02-25T08:00:00.000Z,13.05088647
2023-02-25T07:00:00.000Z,13.00678249
2023-02-25T06:00:00.000Z,13.00812312
2023-02-25T05:00:00.000Z,13.01672376
2023-02-25T04:00:00.000Z,12.97622465
2023-02-25T03:00:00.000Z,12.96853158
2023-02-25T02:00:00.000Z,13.08362328
2023-02-25T01:00:00.000Z,13.01469817
2023-02-25T00:00:00.000Z,13.08284206
2023-02-24T23:00:00.000Z,12.99672818
2023-02-24T22:00:00.000Z,13.07633707
2023-02-24T21:00:00.000Z,13.11332484
2023-02-24T20:00:00.000Z,13.02143433
2023-02-24T19:00:00.000Z,13.04970127
2023-02-24T18:00:00.000Z,13.08301736
2023-02-24T17:00:00.000Z,13.11584572
2023-02-24T16:00:00.000Z,13.27477563
2023-02-24T15:00:00.000Z,13.47721822
2023-02-24T14:00:00.000Z,13.51672142
2023-02-24T13:00:00.000Z,13.63168842
2023-02-24T12:00:00.000Z,13.62772418
2023-02-24T11:00:00.000Z,13.61386045
2023-02-24T10:00:00.000Z,13.65278515
2023-02-24T09:00:00.000Z,13.69791935
2023-02-24T08:00:00.000Z,13.74452034
2023-02-24T07:00:00.000Z,13.78692243
2023-02-24T06:00:00.000Z,13.70753701
2023-02-24T05:00:00.000Z,13.76912786
2023-02-24T04:00:00.000Z,13.77596723
2023-02-24T03:00:00.000Z,13.73369099
2023-02-24T02:00:00.000Z,13.78240451
2023-02-24T01:00:00.000Z,13.7986646
2023-02-24T00:00:00.000Z,13.72849853
2023-02-23T23:00:00.000Z,13.66428812
2023-02-23T22:00:00.000Z,13.69537226
2023-02-23T21:00:00.000Z,13.65014089
2023-02-23T20:00:00.000Z,13.61973002
2023-02-23T19:00:00.000Z,13.5418507
2023-02-23T18:00:00.000Z,13.55950752
2023-02-23T17:00:00.000Z,13.59165619
2023-02-23T16:00:00.000Z,13.62837281
2023-02-23T15:00:00.000Z,13.72758034
2023-02-23T14:00:00.000Z,13.70570335
2023-02-23T13:00:00.000Z,13.68105527
2023-02-23T12:00:00.000Z,13.56953118
2023-02-23T11:00:00.000Z,13.88771886
2023-02-23T10:00:00.000Z,13.69918039
2023-02-23T09:00:00.000Z,13.76212433
2023-02-23T08:00:00.000Z,13.74132593
2023-02-23T07:00:00.000Z,13.72886037
2023-02-23T06:00:00.000Z,13.7368499
2023-02-23T05:00:00.000Z,13.78492201
2023-02-23T04:00:00.000Z,13.7271247
2023-02-23T03:00:00.000Z,13.76628137
2023-02-23T02:00:00.000Z,13.59994102
2023-02-23T01:00:00.000Z,13.55645939
2023-02-23T00:00:00.000Z,13.58910883
2023-02-22T23:00:00.000Z,13.53957935
2023-02-22T22:00:00.000Z,13.43519354
2023-02-22T21:00:00.000Z,13.40568097
2023-02-22T20:00:00.000Z,13.39825559
2023-02-22T19:00:00.000Z,13.37299193
2023-02-22T18:00:00.000Z,13.35215659
2023-02-22T17:00:00.000Z,13.26253469
2023-02-22T16:00:00.000Z,13.28358926
2023-02-22T15:00:00.000Z,13.5284167
2023-02-22T14:00:00.000Z,13.63880278
2023-02-22T13:00:00.000Z,13.5823893
2023-02-22T12:00:00.000Z,13.55052879
2023-02-22T11:00:00.000Z,13.58797366
2023-02-22T10:00:00.000Z,13.52710514
2023-02-22T09:00:00.000Z,13.41432842
2023-02-22T08:00:00.000Z,13.61652541
2023-02-22T07:00:00.000Z,13.5558052
2023-02-22T06:00:00.000Z,13.74179128
2023-02-22T05:00:00.000Z,13.79835803
2023-02-22T04:00:00.000Z,13.88868094
2023-02-22T03:00:00.000Z,13.79063188
2023-02-22T02:00:00.000Z,13.87059337
2023-02-22T01:00:00.000Z,13.81953011
2023-02-22T00:00:00.000Z,13.86627359
2023-02-21T23:00:00.000Z,13.79456959
2023-02-21T22:00:00.000Z,13.70239889
2023-02-21T21:00:00.000Z,13.82923827
2023-02-21T20:00:00.000Z,13.90251552
2023-02-21T19:00:00.000Z,13.99305801
2023-02-21T18:00:00.000Z,13.9573931
2023-02-21T17:00:00.000Z,13.89992621
2023-02-21T16:00:00.000Z,13.99813894
2023-02-21T15:00:00.000Z,13.91596861
2023-02-21T14:00:00.000Z,13.85413476
2023-02-21T13:00:00.000Z,14.01735952
2023-02-21T12:00:00.000Z,14.00720522
2023-02-21T11:00:00.000Z,14.06397026
2023-02-21T10:00:00.000Z,14.1323702
2023-02-21T09:00:00.000Z,14.0552399
2023-02-21T08:00:00.000Z,14.32134222
2023-02-21T07:00:00.000Z,14.36725558
2023-02-21T06:00:00.000Z,14.35083513
2023-02-21T05:00:00.000Z,14.34953698
2023-02-21T04:00:00.000Z,14.44289909
2023-02-21T03:00:00.000Z,14.52202585
2023-02-21T02:00:00.000Z,14.45170648
2023-02-21T01:00:00.000Z,14.43529757
2023-02-21T00:00:00.000Z,14.41159968
2023-02-20T23:00:00.000Z,14.36255383
2023-02-20T22:00:00.000Z,14.44102936
2023-02-20T21:00:00.000Z,14.42059578
2023-02-20T20:00:00.000Z,14.50568194
2023-02-20T19:00:00.000Z,14.48027869
2023-02-20T18:00:00.000Z,14.51691832
2023-02-20T17:00:00.000Z,14.49942297
2023-02-20T16:00:00.000Z,14.41172061
2023-02-20T15:00:00.000Z,14.42630843
2023-02-20T14:00:00.000Z,14.4048168
2023-02-20T13:00:00.000Z,14.37926172
2023-02-20T12:00:00.000Z,14.47954504
2023-02-20T11:00:00.000Z,14.43687254
2023-02-20T10:00:00.000Z,14.42305185
2023-02-20T09:00:00.000Z,14.31730322
2023-02-20T08:00:00.000Z,14.39539611
2023-02-20T07:00:00.000Z,14.33416981
2023-02-20T06:00:00.000Z,14.33817203
2023-02-20T05:00:00.000Z,14.24713384
2023-02-20T04:00:00.000Z,14.15500903
2023-02-20T03:00:00.000Z,14.0854646
2023-02-20T02:00:00.000Z,14.00626031
2023-02-20T01:00:00.000Z,14.13888549
2023-02-20T00:00:00.000Z,14.14170604
2023-02-19T23:00:00.000Z,14.18668631
2023-02-19T22:00:00.000Z,14.22680426
2023-02-19T21:00:00.000Z,14.12615808
2023-02-19T20:00:00.000Z,14.19519167
2023-02-19T19:00:00.000Z,14.21061087
2023-02-19T18:00:00.000Z,14.20411807
2023-02-19T17:00:00.000Z,14.33516913
2023-02-19T16:00:00.000Z,14.51825177
2023-02-19T15:00:00.000Z,14.49677796
2023-02-19T14:00:00.000Z,14.52758022
2023-02-19T13:00:00.000Z,14.64264386
2023-02-19T12:00:00.000Z,14.7126372
2023-02-19T11:00:00.000Z,14.72215359
2023-02-19T10:00:00.000Z,14.69066622
2023-02-19T09:00:00.000Z,14.56898506
2023-02-19T08:00:00.000Z,14.70694577
2023-02-19T07:00:00.000Z,14.50946787
2023-02-19T06:00:00.000Z,14.48393305
2023-02-19T05:00:00.000Z,14.58738278
2023-02-19T04:00:00.000Z,14.43653347
2023-02-19T03:00:00.000Z,14.44268071
2023-02-19T02:00:00.000Z,14.42707531
2023-02-19T01:00:00.000Z,14.43861066
2023-02-19T00:00:00.000Z,14.3003924
2023-02-18T23:00:00.000Z,14.31255214
2023-02-18T22:00:00.000Z,14.30338308
2023-02-18T21:00:00.000Z,14.23380707
2023-02-18T20:00:00.000Z,14.25107037
2023-02-18T19:00:00.000Z,14.35551436
2023-02-18T18:00:00.000Z,14.42001214
2023-02-18T17:00:00.000Z,14.24654362
2023-02-18T16:00:00.000Z,14.32606326
2023-02-18T15:00:00.000Z,14.22462493
2023-02-18T14:00:00.000Z,14.1623826
2023-02-18T13:00:00.000Z,14.1596506
2023-02-18T12:00:00.000Z,14.0211675
2023-02-18T11:00:00.000Z,13.95880353
2023-02-18T10:00:00.000Z,14.04804641
2023-02-18T09:00:00.000Z,14.02669608
2023-02-18T08:00:00.000Z,14.0518515
2023-02-18T07:00:00.000Z,14.12793824
2023-02-18T06:00:00.000Z,14.17280369
2023-02-18T05:00:00.000Z,14.18320015
2023-02-18T04:00:00.000Z,14.1443019
2023-02-18T03:00:00.000Z,14.11561289
2023-02-18T02:00:00.000Z,14.2130527
2023-02-18T01:00:00.000Z,14.19419295
2023-02-18T00:00:00.000Z,14.19295918
2023-02-17T23:00:00.000Z,14.13666599
2023-02-17T22:00:00.000Z,14.10077964
2023-02-17T21:00:00.000Z,14.25254798
2023-02-17T20:00:00.000Z,14.21675662
2023-02-17T19:00:00.000Z,14.15935802
2023-02-17T18:00:00.000Z,14.12849235
2023-02-17T17:00:00.000Z,13.97737026
2023-02-17T16:00:00.000Z,13.86028897
2023-02-17T15:00:00.000Z,13.72283993
2023-02-17T14:00:00.000Z,13.73784145
2023-02-17T13:00:00.000Z,13.86464281
2023-02-17T12:00:00.000Z,13.84043042
2023-02-17T11:00:00.000Z,13.82958809
2023-02-17T10:00:00.000Z,13.81259671
2023-02-17T09:00:00.000Z,13.85923565
2023-02-17T08:00:00.000Z,13.83309281
2023-02-17T07:00:00.000Z,13.73935999
2023-02-17T06:00:00.000Z,13.71138551
2023-02-17T05:00:00.000Z,13.74293452
2023-02-17T04:00:00.000Z,13.76955468
2023-02-17T03:00:00.000Z,13.71980494
2023-02-17T02:00:00.000Z,13.74052493
2023-02-17T01:00:00.000Z,13.63377904
2023-02-17T00:00:00.000Z,13.42304218
2023-02-16T23:00:00.000Z,13.51469271
2023-02-16T22:00:00.000Z,13.88938067
2023-02-16T21:00:00.000Z,14.00942485
2023-02-16T20:00:00.000Z,14.07918889
2023-02-16T19:00:00.000Z,14.23700239
2023-02-16T18:00:00.000Z,14.24803319
2023-02-16T17:00:00.000Z,14.25573483
2023-02-16T16:00:00.000Z,14.14602293
2023-02-16T15:00:00.000Z,13.90248619
2023-02-16T14:00:00.000Z,13.80396112
2023-02-16T13:00:00.000Z,13.96473816
2023-02-16T12:00:00.000Z,13.95907517
2023-02-16T11:00:00.000Z,14.033103
2023-02-16T10:00:00.000Z,14.08536739
2023-02-16T09:00:00.000Z,14.03808603
2023-02-16T08:00:00.000Z,14.08628743
2023-02-16T07:00:00.000Z,14.26004511
2023-02-16T06:00:00.000Z,14.26033986
2023-02-16T05:00:00.000Z,14.2874806
2023-02-16T04:00:00.000Z,14.29953807
2023-02-16T03:00:00.000Z,14.33053882
2023-02-16T02:00:00.000Z,14.31907338
2023-02-16T01:00:00.000Z,14.20554481
2023-02-16T00:00:00.000Z,14.27341069
2023-02-15T23:00:00.000Z,14.14543663
2023-02-15T22:00:00.000Z,14.00156702
2023-02-15T21:00:00.000Z,14.05792867
2023-02-15T20:00:00.000Z,13.76231368
2023-02-15T19:00:00.000Z,13.56913987
2023-02-15T18:00:00.000Z,13.51148256
2023-02-15T17:00:00.000Z,13.43767293
2023-02-15T16:00:00.000Z,13.46504872
2023-02-15T15:00:00.000Z,13.42183229
2023-02-15T14:00:00.000Z,13.4952957
2023-02-15T13:00:00.000Z,13.52994491
2023-02-15T12:00:00.000Z,13.46030174
2023-02-15T11:00:00.000Z,13.39514824
2023-02-15T10:00:00.000Z,13.35474202
2023-02-15T09:00:00.000Z,13.30126777
2023-02-15T08:00:00.000Z,13.32320733
2023-02-15T07:00:00.000Z,13.36627453
2023-02-15T06:00:00.000Z,13.33630502
2023-02-15T05:00:00.000Z,13.31566529
2023-02-15T04:00:00.000Z,13.28725017
2023-02-15T03:00:00.000Z,13.27076603
2023-02-15T02:00:00.000Z,13.27272956
2023-02-15T01:00:00.000Z,13.3142423
2023-02-15T00:00:00.000Z,13.41043299
2023-02-14T23:00:00.000Z,13.39084307
2023-02-14T22:00:00.000Z,13.42539678
2023-02-14T21:00:00.000Z,13.45209387
2023-02-14T20:00:00.000Z,13.51397712
2023-02-14T19:00:00.000Z,13.54433437
2023-02-14T18:00:00.000Z,13.42724936
2023-02-14T17:00:00.000Z,13.24348591
2023-02-14T16:00:00.000Z,13.35862624
2023-02-14T15:00:00.000Z,13.33095775
2023-02-14T14:00:00.000Z,13.21886996
2023-02-14T13:00:00.000Z,13.12193144
2023-02-14T12:00:00.000Z,13.10113663
2023-02-14T11:00:00.000Z,13.17250261
2023-02-14T10:00:00.000Z,13.26954774
2023-02-14T09:00:00.000Z,13.13879158
2023-02-14T08:00:00.000Z,13.2067689
2023-02-14T07:00:00.000Z,13.1367615
2023-02-14T06:00:00.000Z,13.07064074
2023-02-14T05:00:00.000Z,13.02465809
2023-02-14T04:00:00.000Z,13.00847159
2023-02-14T03:00:00.000Z,13.05321181
2023-02-14T02:00:00.000Z,13.04523494
2023-02-14T01:00:00.000Z,13.09135396
2023-02-14T00:00:00.000Z,13.13844556
2023-02-13T23:00:00.000Z,13.00662874
2023-02-13T22:00:00.000Z,12.98684432
2023-02-13T21:00:00.000Z,13.00695252
2023-02-13T20:00:00.000Z,12.97601488
2023-02-13T19:00:00.000Z,12.9610555
2023-02-13T18:00:00.000Z,12.74082009
2023-02-13T17:00:00.000Z,12.82524467
2023-02-13T16:00:00.000Z,12.91940099
2023-02-13T15:00:00.000Z,13.04480674
2023-02-13T14:00:00.000Z,12.97950988
2023-02-13T13:00:00.000Z,13.12161739
2023-02-13T12:00:00.000Z,13.01754113
2023-02-13T11:00:00.000Z,12.96965106
2023-02-13T10:00:00.000Z,12.92731224
2023-02-13T09:00:00.000Z,13.13728758
2023-02-13T08:00:00.000Z,13.45950086
2023-02-13T07:00:00.000Z,13.44731546
2023-02-13T06:00:00.000Z,13.40807311
2023-02-13T05:00:00.000Z,13.40869582
2023-02-13T04:00:00.000Z,13.29602933
2023-02-13T03:00:00.000Z,13.23246308
2023-02-13T02:00:00.000Z,13.27361927
2023-02-13T01:00:00.000Z,13.47187304
2023-02-13T00:00:00.000Z,13.53652211
2023-02-12T23:00:00.000Z,13.59364072
2023-02-12T22:00:00.000Z,13.58228683
2023-02-12T21:00:00.000Z,13.87724276
2023-02-12T20:00:00.000Z,13.90114965
2023-02-12T19:00:00.000Z,13.87764676
2023-02-12T18:00:00.000Z,13.88326348
2023-02-12T17:00:00.000Z,13.91935956
2023-02-12T16:00:00.000Z,13.85816711
2023-02-12T15:00:00.000Z,13.86548645
2023-02-12T14:00:00.000Z,13.80313627
2023-02-12T13:00:00.000Z,13.79180577
2023-02-12T12:00:00.000Z,13.87312398
2023-02-12T11:00:00.000Z,13.85416131
2023-02-12T10:00:00.000Z,13.83621411
2023-02-12T09:00:00.000Z,13.74781351
2023-02-12T08:00:00.000Z,13.73860988
2023-02-12T07:00:00.000Z,13.70228611
2023-02-12T06:00:00.000Z,13.65769828
2023-02-12T05:00:00.000Z,13.63578057
2023-02-12T04:00:00.000Z,13.66547856
2023-02-12T03:00:00.000Z,13.69984422
2023-02-12T02:00:00.000Z,13.68538334
2023-02-12T01:00:00.000Z,13.73568493
2023-02-12T00:00:00.000Z,13.7582722
2023-02-11T23:00:00.000Z,13.73453137
2023-02-11T22:00:00.000Z,13.6873669
2023-02-11T21:00:00.000Z,13.56522544
2023-02-11T20:00:00.000Z,13.56300754
2023-02-11T19:00:00.000Z,13.52084173
2023-02-11T18:00:00.000Z,13.5570419
2023-02-11T17:00:00.000Z,13.59690463
2023-02-11T16:00:00.000Z,13.64303267
2023-02-11T15:00:00.000Z,13.68020863
2023-02-11T14:00:00.000Z,13.62787289
2023-02-11T13:00:00.000Z,13.50928207
2023-02-11T12:00:00.000Z,13.50861836
2023-02-11T11:00:00.000Z,13.48981061
2023-02-11T10:00:00.000Z,13.53453292
2023-02-11T09:00:00.000Z,13.50469654
2023-02-11T08:00:00.000Z,13.52112075
2023-02-11T07:00:00.000Z,13.52946554
2023-02-11T06:00:00.000Z,13.5074647
2023-02-11T05:00:00.000Z,13.5893488
2023-02-11T04:00:00.000Z,13.63896071
2023-02-11T03:00:00.000Z,13.65235544
2023-02-11T02:00:00.000Z,13.6336958
2023-02-11T01:00:00.000Z,13.71533004
2023-02-11T00:00:00.000Z,13.71111961
2023-02-10T23:00:00.000Z,13.69169674
2023-02-10T22:00:00.000Z,13.68352615
2023-02-10T21:00:00.000Z,13.76586116
2023-02-10T20:00:00.000Z,13.8879507
2023-02-10T19:00:00.000Z,13.80549186
2023-02-10T18:00:00.000Z,13.71935106
2023-02-10T17:00:00.000Z,13.63470287
2023-02-10T16:00:00.000Z,13.74177052
2023-02-10T15:00:00.000Z,13.771755
2023-02-10T14:00:00.000Z,13.91405731
2023-02-10T13:00:00.000Z,13.85063716
2023-02-10T12:00:00.000Z,13.76521655
2023-02-10T11:00:00.000Z,13.87023495
2023-02-10T10:00:00.000Z,13.9587725
2023-02-10T09:00:00.000Z,13.9505336
2023-02-10T08:00:00.000Z,13.87014661
2023-02-10T07:00:00.000Z,13.79196584
2023-02-10T06:00:00.000Z,13.62118349
2023-02-10T05:00:00.000Z,13.60192905
2023-02-10T04:00:00.000Z,13.64871922
2023-02-10T03:00:00.000Z,13.73410992
2023-02-10T02:00:00.000Z,13.5656774
2023-02-10T01:00:00.000Z,13.47820192
2023-02-10T00:00:00.000Z,13.50199085
2023-02-09T23:00:00.000Z,13.38032402
2023-02-09T22:00:00.000Z,13.75642401
2023-02-09T21:00:00.000Z,13.82930721
2023-02-09T20:00:00.000Z,13.81534359
2023-02-09T19:00:00.000Z,14.37457887
2023-02-09T18:00:00.000Z,14.30789776
2023-02-09T17:00:00.000Z,14.28585552
2023-02-09T16:00:00.000Z,14.61516339
2023-02-09T15:00:00.000Z,14.7246779
2023-02-09T14:00:00.000Z,14.63508514
2023-02-09T13:00:00.000Z,14.6197933
2023-02-09T12:00:00.000Z,14.66841352
2023-02-09T11:00:00.000Z,14.70709327
2023-02-09T10:00:00.000Z,14.7703609
2023-02-09T09:00:00.000Z,14.81567644
2023-02-09T08:00:00.000Z,14.74828822
2023-02-09T07:00:00.000Z,14.76120606
2023-02-09T06:00:00.000Z,14.70942276
2023-02-09T05:00:00.000Z,14.62089487
2023-02-09T04:00:00.000Z,14.53309033
2023-02-09T03:00:00.000Z,14.87415344
2023-02-09T02:00:00.000Z,15.10166719
2023-02-09T01:00:00.000Z,15.14722256
2023-02-09T00:00:00.000Z,15.14870002
2023-02-08T23:00:00.000Z,15.03689372
2023-02-08T22:00:00.000Z,15.14513717
2023-02-08T21:00:00.000Z,14.85002607
2023-02-08T20:00:00.000Z,14.89980779
2023-02-08T19:00:00.000Z,14.92602842
2023-02-08T18:00:00.000Z,15.1834947
2023-02-08T17:00:00.000Z,14.97843458
2023-02-08T16:00:00.000Z,14.91928911
2023-02-08T15:00:00.000Z,15.22013843
2023-02-08T14:00:00.000Z,15.28582787
2023-02-08T13:00:00.000Z,15.10622918
2023-02-08T12:00:00.000Z,15.11180975
2023-02-08T11:00:00.000Z,14.90605367
2023-02-08T10:00:00.000Z,14.86450549
2023-02-08T09:00:00.000Z,14.84787497
2023-02-08T08:00:00.000Z,14.93553898
2023-02-08T07:00:00.000Z,14.90972217
2023-02-08T06:00:00.000Z,14.88742254
2023-02-08T05:00:00.000Z,14.9882341
2023-02-08T04:00:00.000Z,15.03857748
2023-02-08T03:00:00.000Z,15.14793447
2023-02-08T02:00:00.000Z,15.00347251
2023-02-08T01:00:00.000Z,14.99885999
2023-02-08T00:00:00.000Z,14.95539127
2023-02-07T23:00:00.000Z,14.87858165
2023-02-07T22:00:00.000Z,14.83977933
2023-02-07T21:00:00.000Z,14.67860955
2023-02-07T20:00:00.000Z,14.57694731
2023-02-07T19:00:00.000Z,14.3930781
2023-02-07T18:00:00.000Z,14.72497534
2023-02-07T17:00:00.000Z,14.51270049
2023-02-07T16:00:00.000Z,14.53055756
2023-02-07T15:00:00.000Z,14.62093237
2023-02-07T14:00:00.000Z,14.61898397
2023-02-07T13:00:00.000Z,14.69441515
2023-02-07T12:00:00.000Z,14.68306526
2023-02-07T11:00:00.000Z,14.68010876
2023-02-07T10:00:00.000Z,14.62684454
2023-02-07T09:00:00.000Z,14.44474646
2023-02-07T08:00:00.000Z,14.50237479
2023-02-07T07:00:00.000Z,14.52019756
2023-02-07T06:00:00.000Z,14.38185323
2023-02-07T05:00:00.000Z,14.33924017
2023-02-07T04:00:00.000Z,14.31583582
2023-02-07T03:00:00.000Z,14.28832291
2023-02-07T02:00:00.000Z,14.24349367
2023-02-07T01:00:00.000Z,14.21601631
2023-02-07T00:00:00.000Z,14.14091615
2023-02-06T23:00:00.000Z,14.36549392
2023-02-06T22:00:00.000Z,14.29993017
2023-02-06T21:00:00.000Z,14.49654189
2023-02-06T20:00:00.000Z,14.5545902
2023-02-06T19:00:00.000Z,14.55164612
2023-02-06T18:00:00.000Z,14.55164142
2023-02-06T17:00:00.000Z,14.45850337
2023-02-06T16:00:00.000Z,14.48607352
2023-02-06T15:00:00.000Z,14.33987466
2023-02-06T14:00:00.000Z,14.34207744
2023-02-06T13:00:00.000Z,14.36506451
2023-02-06T12:00:00.000Z,14.34285697
2023-02-06T11:00:00.000Z,14.30191217
2023-02-06T10:00:00.000Z,14.311504
2023-02-06T09:00:00.000Z,14.38592733
2023-02-06T08:00:00.000Z,14.41505559
2023-02-06T07:00:00.000Z,14.30276562
2023-02-06T06:00:00.000Z,14.34167339
2023-02-06T05:00:00.000Z,14.4509333
2023-02-06T04:00:00.000Z,14.46695196
2023-02-06T03:00:00.000Z,14.48033175
2023-02-06T02:00:00.000Z,14.63521098
2023-02-06T01:00:00.000Z,14.73839042
2023-02-06T00:00:00.000Z,14.75478175
2023-02-05T23:00:00.000Z,14.65078343
2023-02-05T22:00:00.000Z,14.54021469
2023-02-05T21:00:00.000Z,14.61707438
2023-02-05T20:00:00.000Z,14.58936889
2023-02-05T19:00:00.000Z,14.49315371
2023-02-05T18:00:00.000Z,14.40036178
2023-02-05T17:00:00.000Z,14.4357255
2023-02-05T16:00:00.000Z,14.47850533
2023-02-05T15:00:00.000Z,14.46125293
2023-02-05T14:00:00.000Z,14.34064303
2023-02-05T13:00:00.000Z,14.23471508
2023-02-05T12:00:00.000Z,14.54828659
2023-02-05T11:00:00.000Z,14.57022366
2023-02-05T10:00:00.000Z,14.59166399
2023-02-05T09:00:00.000Z,14.64626999
2023-02-05T08:00:00.000Z,14.67640237
2023-02-05T07:00:00.000Z,14.68325495
2023-02-05T06:00:00.000Z,14.64132095
2023-02-05T05:00:00.000Z,14.62763797
2023-02-05T04:00:00.000Z,14.59990431
2023-02-05T03:00:00.000Z,14.56198644
2023-02-05T02:00:00.000Z,14.56976172
2023-02-05T01:00:00.000Z,14.54574207
2023-02-05T00:00:00.000Z,14.67796903
2023-02-04T23:00:00.000Z,14.86377146
2023-02-04T22:00:00.000Z,14.85618724
2023-02-04T21:00:00.000Z,14.87342181
2023-02-04T20:00:00.000Z,14.91278996
2023-02-04T19:00:00.000Z,14.84814696
2023-02-04T18:00:00.000Z,14.89119709
2023-02-04T17:00:00.000Z,14.86425626
2023-02-04T16:00:00.000Z,14.8894818
2023-02-04T15:00:00.000Z,14.91498252
2023-02-04T14:00:00.000Z,14.93950872
2023-02-04T13:00:00.000Z,14.84929889
2023-02-04T12:00:00.000Z,14.84753327
2023-02-04T11:00:00.000Z,14.74647298
2023-02-04T10:00:00.000Z,14.79224415
2023-02-04T09:00:00.000Z,14.802168
2023-02-04T08:00:00.000Z,14.80687747
2023-02-04T07:00:00.000Z,14.78914066
2023-02-04T06:00:00.000Z,14.80332126
2023-02-04T05:00:00.000Z,14.86107246
2023-02-04T04:00:00.000Z,14.87534965
2023-02-04T03:00:00.000Z,14.99524771
2023-02-04T02:00:00.000Z,14.96489588
2023-02-04T01:00:00.000Z,14.96959072
2023-02-04T00:00:00.000Z,14.99567456
2023-02-03T23:00:00.000Z,14.992346
2023-02-03T22:00:00.000Z,14.86471117
2023-02-03T21:00:00.000Z,14.87812416
2023-02-03T20:00:00.000Z,14.94891332
2023-02-03T19:00:00.000Z,15.18006828
2023-02-03T18:00:00.000Z,15.24517165
2023-02-03T17:00:00.000Z,15.27078633
2023-02-03T16:00:00.000Z,15.06759529
2023-02-03T15:00:00.000Z,15.12407188
2023-02-03T14:00:00.000Z,14.84715552
2023-02-03T13:00:00.000Z,14.9465786
2023-02-03T12:00:00.000Z,15.04675663
2023-02-03T11:00:00.000Z,14.82245174
2023-02-03T10:00:00.000Z,14.69893635
2023-02-03T09:00:00.000Z,14.55076847
2023-02-03T08:00:00.000Z,14.63346282
2023-02-03T07:00:00.000Z,14.70706796
2023-02-03T06:00:00.000Z,14.7419351
2023-02-03T05:00:00.000Z,14.594746
2023-02-03T04:00:00.000Z,14.54782399
2023-02-03T03:00:00.000Z,14.47609398
2023-02-03T02:00:00.000Z,14.4477629
2023-02-03T01:00:00.000Z,14.54867191
2023-02-03T00:00:00.000Z,14.36139664
2023-02-02T23:00:00.000Z,14.46207648
2023-02-02T22:00:00.000Z,14.36057068
2023-02-02T21:00:00.000Z,14.60989101
2023-02-02T20:00:00.000Z,14.6371788
2023-02-02T19:00:00.000Z,14.93111583
2023-02-02T18:00:00.000Z,14.8004111
2023-02-02T17:00:00.000Z,14.79797346
2023-02-02T16:00:00.000Z,14.86128734
2023-02-02T15:00:00.000Z,14.78454903
2023-02-02T14:00:00.000Z,14.7496461
2023-02-02T13:00:00.000Z,14.82722992
2023-02-02T12:00:00.000Z,14.82140496
2023-02-02T11:00:00.000Z,14.82908153
2023-02-02T10:00:00.000Z,14.83720106
2023-02-02T09:00:00.000Z,14.75486322
2023-02-02T08:00:00.000Z,14.66951696
2023-02-02T07:00:00.000Z,14.82509751
2023-02-02T06:00:00.000Z,14.91860066
2023-02-02T05:00:00.000Z,14.77623546
2023-02-02T04:00:00.000Z,14.73846565
2023-02-02T03:00:00.000Z,14.80306858
2023-02-02T02:00:00.000Z,14.81827402
2023-02-02T01:00:00.000Z,15.0925649
2023-02-02T00:00:00.000Z,14.86963929
2023-02-01T23:00:00.000Z,14.70910658
2023-02-01T22:00:00.000Z,14.72405518
2023-02-01T21:00:00.000Z,14.71059985
2023-02-01T20:00:00.000Z,14.67420019
2023-02-01T19:00:00.000Z,14.31113886
2023-02-01T18:00:00.000Z,14.34058704
2023-02-01T17:00:00.000Z,14.16539989
2023-02-01T16:00:00.000Z,14.00198915
2023-02-01T15:00:00.000Z,14.16901255
2023-02-01T14:00:00.000Z,13.76564061
2023-02-01T13:00:00.000Z,13.67756368
2023-02-01T12:00:00.000Z,13.52012654
2023-02-01T11:00:00.000Z,13.49148051
2023-02-01T10:00:00.000Z,13.56936765
2023-02-01T09:00:00.000Z,13.56343445
2023-02-01T08:00:00.000Z,13.63489908
2023-02-01T07:00:00.000Z,13.55492146
2023-02-01T06:00:00.000Z,13.6025102
2023-02-01T05:00:00.000Z,13.60356416
2023-02-01T04:00:00.000Z,13.50517458
2023-02-01T03:00:00.000Z,13.47676521
2023-02-01T02:00:00.000Z,13.36302258
2023-02-01T01:00:00.000Z,13.37208684
2023-02-01T00:00:00.000Z,13.3766215
2023-01-31T23:00:00.000Z,13.37641188
2023-01-31T22:00:00.000Z,13.41889209
2023-01-31T21:00:00.000Z,13.30992839
2023-01-31T20:00:00.000Z,13.44079314
2023-01-31T19:00:00.000Z,13.42297685
2023-01-31T18:00:00.000Z,13.38346426
2023-01-31T17:00:00.000Z,13.33980481
2023-01-31T16:00:00.000Z,13.31687651
2023-01-31T15:00:00.000Z,13.33643605
2023-01-31T14:00:00.000Z,13.30027387
2023-01-31T13:00:00.000Z,13.16319797
2023-01-31T12:00:00.000Z,13.11823097
2023-01-31T11:00:00.000Z,13.07640699
2023-01-31T10:00:00.000Z,13.1502718
2023-01-31T09:00:00.000Z,13.17686765
2023-01-31T08:00:00.000Z,13.32491306
2023-01-31T07:00:00.000Z,13.18360105
2023-01-31T06:00:00.000Z,13.15327823
2023-01-31T05:00:00.000Z,13.24146856
2023-01-31T04:00:00.000Z,13.17069268
2023-01-31T03:00:00.000Z,13.21781474
2023-01-31T02:00:00.000Z,13.19346394
2023-01-31T01:00:00.000Z,13.21451187
2023-01-31T00:00:00.000Z,13.05692974
2023-01-30T23:00:00.000Z,13.04323117
2023-01-30T22:00:00.000Z,13.08422331
2023-01-30T21:00:00.000Z,12.9658189
2023-01-30T20:00:00.000Z,12.96742881
2023-01-30T19:00:00.000Z,13.21845782
2023-01-30T18:00:00.000Z,13.2565696
2023-01-30T17:00:00.000Z,13.30709547
2023-01-30T16:00:00.000Z,13.30886835
2023-01-30T15:00:00.000Z,13.40356313
2023-01-30T14:00:00.000Z,13.21351951
2023-01-30T13:00:00.000Z,13.15853198
2023-01-30T12:00:00.000Z,13.26349363
2023-01-30T11:00:00.000Z,13.2901648
2023-01-30T10:00:00.000Z,13.20375558
2023-01-30T09:00:00.000Z,13.52808282
2023-01-30T08:00:00.000Z,13.56034508
2023-01-30T07:00:00.000Z,13.67777454
2023-01-30T06:00:00.000Z,13.70710091
2023-01-30T05:00:00.000Z,13.73820217
2023-01-30T04:00:00.000Z,13.74270732
2023-01-30T03:00:00.000Z,13.63194736
2023-01-30T02:00:00.000Z,13.75587984
2023-01-30T01:00:00.000Z,13.9382739
2023-01-30T00:00:00.000Z,13.82074043
2023-01-29T23:00:00.000Z,13.78215053
2023-01-29T22:00:00.000Z,13.86182515
2023-01-29T21:00:00.000Z,13.82781013
2023-01-29T20:00:00.000Z,13.90479538
2023-01-29T19:00:00.000Z,13.77775356
2023-01-29T18:00:00.000Z,13.69495678
2023-01-29T17:00:00.000Z,13.74034951
2023-01-29T16:00:00.000Z,13.71388007
2023-01-29T15:00:00.000Z,13.61324596
2023-01-29T14:00:00.000Z,13.59157666
2023-01-29T13:00:00.000Z,13.544779
2023-01-29T12:00:00.000Z,13.52654529
2023-01-29T11:00:00.000Z,13.52579962
2023-01-29T10:00:00.000Z,13.40411117
2023-01-29T09:00:00.000Z,13.31628168
2023-01-29T08:00:00.000Z,13.28169807
2023-01-29T07:00:00.000Z,13.2791578
2023-01-29T06:00:00.000Z,13.32052892
2023-01-29T05:00:00.000Z,13.32505171
2023-01-29T04:00:00.000Z,13.27728424
2023-01-29T03:00:00.000Z,13.21328749
2023-01-29T02:00:00.000Z,13.30943578
2023-01-29T01:00:00.000Z,13.24068722
2023-01-29T00:00:00.000Z,13.20618437
2023-01-28T23:00:00.000Z,13.11256824
2023-01-28T22:00:00.000Z,13.09321225
2023-01-28T21:00:00.000Z,13.10069636
2023-01-28T20:00:00.000Z,13.22650254
2023-01-28T19:00:00.000Z,13.1848645
2023-01-28T18:00:00.000Z,13.26394986
2023-01-28T17:00:00.000Z,13.34235651
2023-01-28T16:00:00.000Z,13.33347683
2023-01-28T15:00:00.000Z,13.14352726
2023-01-28T14:00:00.000Z,13.23563792
2023-01-28T13:00:00.000Z,13.30840027
2023-01-28T12:00:00.000Z,13.38022676
2023-01-28T11:00:00.000Z,13.40499311
2023-01-28T10:00:00.000Z,13.43439779
2023-01-28T09:00:00.000Z,13.34150237
2023-01-28T08:00:00.000Z,13.34841915
2023-01-28T07:00:00.000Z,13.52710448
2023-01-28T06:00:00.000Z,13.49266453
2023-01-28T05:00:00.000Z,13.66723036
2023-01-28T04:00:00.000Z,13.74965314
2023-01-28T03:00:00.000Z,13.67240159
2023-01-28T02:00:00.000Z,13.67110928
2023-01-28T01:00:00.000Z,13.84266719
2023-01-28T00:00:00.000Z,13.51751017
2023-01-27T23:00:00.000Z,13.23270296
2023-01-27T22:00:00.000Z,13.30883476
2023-01-27T21:00:00.000Z,13.29134992
2023-01-27T20:00:00.000Z,13.34377779
2023-01-27T19:00:00.000Z,13.26452424
2023-01-27T18:00:00.000Z,13.20366435
2023-01-27T17:00:00.000Z,13.19701748
2023-01-27T16:00:00.000Z,13.10249211
2023-01-27T15:00:00.000Z,13.05440884
2023-01-27T14:00:00.000Z,12.94867956
2023-01-27T13:00:00.000Z,13.00174071
2023-01-27T12:00:00.000Z,12.98946567
2023-01-27T11:00:00.000Z,12.91882187
2023-01-27T10:00:00.000Z,12.99030856
2023-01-27T09:00:00.000Z,12.96332992
2023-01-27T08:00:00.000Z,13.00037165
2023-01-27T07:00:00.000Z,12.98465598
2023-01-27T06:00:00.000Z,12.96236968
2023-01-27T05:00:00.000Z,12.83102663
2023-01-27T04:00:00.000Z,12.89540904
2023-01-27T03:00:00.000Z,12.93262814
2023-01-27T02:00:00.000Z,12.78722301
2023-01-27T01:00:00.000Z,12.98027509
2023-01-27T00:00:00.000Z,13.11361346
2023-01-26T23:00:00.000Z,13.00146661
2023-01-26T22:00:00.000Z,12.98060256
2023-01-26T21:00:00.000Z,13.09116097
2023-01-26T20:00:00.000Z,12.99204924
2023-01-26T19:00:00.000Z,13.00585666
2023-01-26T18:00:00.000Z,13.07168493
2023-01-26T17:00:00.000Z,13.11788694
2023-01-26T16:00:00.000Z,13.16505668
2023-01-26T15:00:00.000Z,13.36061865
2023-01-26T14:00:00.000Z,13.37173694
2023-01-26T13:00:00.000Z,13.31474108
2023-01-26T12:00:00.000Z,13.22472203
2023-01-26T11:00:00.000Z,13.1574723
2023-01-26T10:00:00.000Z,13.18872449
2023-01-26T09:00:00.000Z,13.32042064
2023-01-26T08:00:00.000Z,13.38919268
2023-01-26T07:00:00.000Z,13.35375144
2023-01-26T06:00:00.000Z,13.40402144
2023-01-26T05:00:00.000Z,13.3242242
2023-01-26T04:00:00.000Z,13.33308661
2023-01-26T03:00:00.000Z,13.38353922
2023-01-26T02:00:00.000Z,13.39257557
2023-01-26T01:00:00.000Z,13.50992405
2023-01-26T00:00:00.000Z,13.56517673
2023-01-25T23:00:00.000Z,13.49556505
2023-01-25T22:00:00.000Z,13.5685349
2023-01-25T21:00:00.000Z,13.34003881
2023-01-25T20:00:00.000Z,13.08984462
2023-01-25T19:00:00.000Z,12.88284199
2023-01-25T18:00:00.000Z,12.83370594
2023-01-25T17:00:00.000Z,12.89441283
2023-01-25T16:00:00.000Z,12.8576001
2023-01-25T15:00:00.000Z,12.9752523
2023-01-25T14:00:00.000Z,12.96353048
2023-01-25T13:00:00.000Z,12.89483682
2023-01-25T12:00:00.000Z,12.73231117
2023-01-25T11:00:00.000Z,12.72869499
2023-01-25T10:00:00.000Z,12.62270222
2023-01-25T09:00:00.000Z,12.70666437
2023-01-25T08:00:00.000Z,12.76785015
2023-01-25T07:00:00.000Z,12.78099804
2023-01-25T06:00:00.000Z,12.73378424
2023-01-25T05:00:00.000Z,12.74506802
2023-01-25T04:00:00.000Z,12.6004084
2023-01-25T03:00:00.000Z,12.46936286
2023-01-25T02:00:00.000Z,12.2811348
2023-01-25T01:00:00.000Z,12.38299244
2023-01-25T00:00:00.000Z,12.4530713
2023-01-24T23:00:00.000Z,12.49153083
2023-01-24T22:00:00.000Z,12.75012908
2023-01-24T21:00:00.000Z,12.90659258
2023-01-24T20:00:00.000Z,13.02600946
2023-01-24T19:00:00.000Z,13.06460468
2023-01-24T18:00:00.000Z,12.97009908
2023-01-24T17:00:00.000Z,13.09648217
2023-01-24T16:00:00.000Z,13.06344262
2023-01-24T15:00:00.000Z,13.03199075
2023-01-24T14:00:00.000Z,12.99424021
2023-01-24T13:00:00.000Z,13.0990562
2023-01-24T12:00:00.000Z,13.06978175
2023-01-24T11:00:00.000Z,13.13681253
2023-01-24T10:00:00.000Z,13.09889698
2023-01-24T09:00:00.000Z,13.25639722
2023-01-24T08:00:00.000Z,13.27986723
2023-01-24T07:00:00.000Z,13.28708516
2023-01-24T06:00:00.000Z,13.34159196
2023-01-24T05:00:00.000Z,13.30323157
2023-01-24T04:00:00.000Z,13.34209843
2023-01-24T03:00:00.000Z,13.2750506
2023-01-24T02:00:00.000Z,13.16110521
2023-01-24T01:00:00.000Z,13.06747543
2023-01-24T00:00:00.000Z,13.09016613
2023-01-23T23:00:00.000Z,13.11636344
2023-01-23T22:00:00.000Z,13.16620098
2023-01-23T21:00:00.000Z,13.05906177
2023-01-23T20:00:00.000Z,12.96199316
2023-01-23T19:00:00.000Z,13.09758201
2023-01-23T18:00:00.000Z,13.01671376
2023-01-23T17:00:00.000Z,12.95978437
2023-01-23T16:00:00.000Z,13.04200117
2023-01-23T15:00:00.000Z,13.11746379
2023-01-23T14:00:00.000Z,13.06591696
2023-01-23T13:00:00.000Z,13.28927317
2023-01-23T12:00:00.000Z,13.33761843
2023-01-23T11:00:00.000Z,13.37970964
2023-01-23T10:00:00.000Z,13.31815915
2023-01-23T09:00:00.000Z,13.27859063
2023-01-23T08:00:00.000Z,13.22429717
2023-01-23T07:00:00.000Z,13.38038034
2023-01-23T06:00:00.000Z,13.32129186
2023-01-23T05:00:00.000Z,13.40554114
2023-01-23T04:00:00.000Z,13.44128862
2023-01-23T03:00:00.000Z,13.52295554
2023-01-23T02:00:00.000Z,13.38038701
2023-01-23T01:00:00.000Z,13.35849922
2023-01-23T00:00:00.000Z,13.31402486
2023-01-22T23:00:00.000Z,13.22271091
2023-01-22T22:00:00.000Z,13.19452703
2023-01-22T21:00:00.000Z,13.14631511
2023-01-22T20:00:00.000Z,13.34908923
2023-01-22T19:00:00.000Z,13.57104629
2023-01-22T18:00:00.000Z,13.5756093
2023-01-22T17:00:00.000Z,13.25708609
2023-01-22T16:00:00.000Z,13.20513026
2023-01-22T15:00:00.000Z,13.24560676
2023-01-22T14:00:00.000Z,13.13598459
2023-01-22T13:00:00.000Z,13.19305775
2023-01-22T12:00:00.000Z,13.11550568
2023-01-22T11:00:00.000Z,13.11160284
2023-01-22T10:00:00.000Z,13.05079099
2023-01-22T09:00:00.000Z,13.1137311
2023-01-22T08:00:00.000Z,13.0454155
2023-01-22T07:00:00.000Z,13.11018051
2023-01-22T06:00:00.000Z,13.0310599
2023-01-22T05:00:00.000Z,12.94940459
2023-01-22T04:00:00.000Z,12.95620803
2023-01-22T03:00:00.000Z,12.86689507
2023-01-22T02:00:00.000Z,12.91454433
2023-01-22T01:00:00.000Z,13.00800229
2023-01-22T00:00:00.000Z,13.09978673
2023-01-21T23:00:00.000Z,13.30160115
2023-01-21T22:00:00.000Z,13.38857518
2023-01-21T21:00:00.000Z,13.40769985
2023-01-21T20:00:00.000Z,13.41342818
2023-01-21T19:00:00.000Z,13.3962953
2023-01-21T18:00:00.000Z,13.41342818
2023-01-21T17:00:00.000Z,13.3962953